S315240000EC0000AFC30000A9C30080AAC30080B2C31A
S315240000FC0000C9C30080ECC3004004C400800FC4B4
S3152400010C00801EC4008020C4000022C4000019C430
S3152400011C00000DC40080F7C30000E2C30080D5C3E1
S3152400012C0000D0C30080D6C30080DCC30080E1C3AA
S3152400013C0000E8C30000EDC30080E1C30080C9C3FE
S3152400014C0080B0C3008092C300005DC300000FC3BF
S3152400015C00009EC20000E8C1000060C10000C0C1BE
S3152400016C000008C20000A0C20000F8C200002BC385
S3152400017C000035C3000036C3000026C3000009C3A3
S3152400018C0000B2C2000024C20000803F00003041AF
S3152400019C00004041000050C1000064C2000005C3A9
S315240001AC000048C300007DC3008095C30080A4C30F
S315240001BC0000ACC30000A0C3000099C3008085C313
S315240001CC00007AC3000069C3000063C3000078C32F
S315240001DC000085C300808DC300808FC300008FC3AD
S315240001EC00808FC3000073C3000046C300000FC3F6
S315240001FC0000B2C2000028C2000000400000B0413A
S3152400020C000040400000F0C10000B6C2000004C348
S3152400021C000044C300006AC3000080C3000083C3EB
S3152400022C00005EC3000041C3000009C3000098C24D
S3152400023C000014C2000000C0000020410000304120
S3152400024C0000204100000040000000C00000804057
S3152400025C0000F841000090420000EC4200002D43BF
S3152400026C000060430080824300008E430080844358
S3152400027C00006E4300002B430000A442000090C1F2
S3152400028C0000E2C2000036C3000065C3000078C338
S3152400029C00004AC3000004C30000E8C10000AC42BD
S315240002AC00003F4300808F430000BB430080C743BC
S315240002BC0000C9430000A4430000844300003543D6
S315240002CC0000E44200006C420000D84100001C42AD
S315240002DC00005C42000096420000C04200009A4294
S315240002EC000078420000E8410000A8C10000AAC220
S315240002FC00001EC300005BC3000079C3008086C3C4
S3152400030C000078C3000048C30000F2C2000080C17C
S3152400031C0000904200000343000040430000554374
S3152400032C0000594300003D43000019430000EA42F3
S3152400033C0000BE420000864200007442000078424F
S3152400034C0000604200000842000000410000E8C1A1
S3152400035C00009CC2000006C300002BC3000046C349
S3152400036C000046C300003DC3000024C30000E4C2C1
S3152400037C000028C20000F0410000AA4200000143FC
S3152400038C00001A430000F64200009642000030C1D9
S3152400039C0000B8C2000034C300008DC30000B5C3EE
S315240003AC0000D4C30080E8C30080F1C30000F7C367
S315240003BC0000EFC30000E9C30080E3C30080E6C35A
S315240003CC0080EEC30080FCC300C00AC400C015C460
S315240003DC00801EC4004024C4000021C400C016C4DE
S315240003EC00C000C40000C1C3000084C30000FEC2C8
S315240003FC000004C2000064420000CC420000AE425D
S3152400040C00005442000080C000005CC20000DCC224
S3152400041C000012C3000012C300000BC30000D0C29C
S3152400042C0000B0C2000078C200002CC2000044C2F6
S3152400043C0000A6C20000D2C200001CC300004EC39A
S3152400044C000085C300009DC30080B7C30000C3C34E
S3152400045C0080CEC30080D3C30080D2C30000C2C3A5
S3152400046C0000CCC30080CBC30080E0C30080EFC364
S3152400047C008009C4004016C4000024C400C02AC449
S3152400048C00C02FC400C027C400801DC400000BC4A8
S3152400049C0000F9C30000E9C30080DBC30000CEC30F
S315240004AC0000CDC30000DAC30000E5C30080E0C31E
S315240004BC0080D9C30080C7C30000B5C3008097C38E
S315240004CC00005DC3000010C300007CC20000C0C045
S315240004DC0000384200008E42000040420000804159
S315240004EC000010C20000B0C2000014C300004BC3AD
S315240004FC00004EC3000046C3000026C3000007C3F9
S3152400050C0000BAC2000050C2000018C2000048C243
S3152400051C00009EC20000DCC2000015C300005AC3B2
S3152400052C008085C3000095C300009CC300809BC338
S3152400053C008094C3008083C3000056C3000035C3D7
S3152400054C000028C3000028C3000025C3000036C3BE
S3152400055C000052C300005FC3000058C300004FC301
S3152400056C00003FC3000020C30000E6C2000070C296
S3152400057C000018C20000A0C10000B8C100003CC293
S3152400058C0000B6C2000028C3000066C3008083C3E3
S3152400059C008094C3008097C3000096C3000082C3D6
S315240005AC000049C300000DC30000A6C2000044C2CB
S315240005BC0000C04000004041000090410000A040D3
S315240005CC00008040000080400000C0400000004233
S315240005DC000098420000074300003A4300006D4394
S315240005EC0000884300008E43008085430000554359
S315240005FC00000A4300004842000060C200001EC3EB
S3152400060C000075C3008083C3000081C300004DC362
S3152400061C0000D8C2000060C10000074300006643F6
S3152400062C0000A6430000CC430000E1430080DF43D6
S3152400063C0080AF4300007F4300003F430000CC42C0
S3152400064C0000D0410000E8C1000050C10000D04198
S3152400065C0000E84100000042000010420000044261
S3152400066C0000B8410000F8C100007CC20000BEC2E4
S3152400067C000000C3000018C3000011C30000C8C248
S3152400068C000054C2000050410000BC4200001C4330
S3152400069C00004D430000464300003343000016433C
S315240006AC0000D842000058420000803F000070C170
S315240006BC000010C10000E0C0000030C10000803FE3
S315240006CC0000E0C00000A8C1000082C20000DEC207
S315240006DC000019C3000037C300004EC3000051C3E9
S315240006EC000036C3000010C30000A8C20000E0C0FE
S315240006FC000084420000EA42000000430000F0425D
S3152400070C0000AA420000A84100008EC2000034C397
S3152400071C008087C30080AFC30080D6C30000F7C314
S3152400072C004003C4004005C4004004C4000002C4B5
S3152400073C0000F9C30000F1C30000F2C30080FCC31F
S3152400074C00C002C4000008C400400DC4008014C4B8
S3152400075C000014C400800AC40080E9C30080C1C30D
S3152400076C008087C3000014C3000090C10000084217
S3152400077C0000AC420000A44200003C420000E0C051
S3152400078C0000A8C200000DC3000029C3000035C315
S3152400079C00002FC3000030C30000FAC20000CAC2F6
S315240007AC0000ACC20000A4C20000A6C20000BCC259
S315240007BC00000CC3000042C300006FC3000087C3B3
S315240007CC008097C30000A8C30000B1C30000A9C3CE
S315240007DC0000A7C30080ACC30080AFC30080ADC3A8
S315240007EC0080C7C30000E3C3008008C4008018C47B
S315240007FC00802CC400C03EC400C04DC400C04FC4ED
S3152400080C00C041C4004027C400C015C400C001C4A4
S3152400081C0080E1C30080C2C30080B8C30000B7C304
S3152400082C0080BAC30080C0C30000C4C30080C4C304
S3152400083C0000C2C30000B8C30000AAC3000092C3C0
S3152400084C000057C3000008C300009AC2000044C22B
S3152400085C0000A8C1000070C1000024C20000A4C27C
S3152400086C0000E6C2000010C3000014C3000010C32D
S3152400087C0000FCC20000B8C2000000C20000000048
S3152400088C0000144200002842000020420000E040F0
S3152400089C000034C20000BEC200001AC300004BC3C1
S315240008AC000071C3008084C3008084C3008082C38B
S315240008BC00007AC3000071C3000063C300005BC34D
S315240008CC000073C3000088C3008093C300809AC3BE
S315240008DC00009CC3008099C300008BC3000064C332
S315240008EC00002BC30000D8C2000060C20000804068
S315240008FC0000A8410000A841000070C100006CC291
S3152400090C0000FAC2000044C3008083C3008095C350
S3152400091C00809DC300009AC3008087C3000057C380
S3152400092C000010C3000094C200002CC20000A0C119
S3152400093C0000A04000000041000040C00000B0C1EF
S3152400094C0000D8C10000D0C1000000C100007041D5
S3152400095C000070420000EA420000184300003343B2
S3152400096C0000364300002B4300001B430000C0420A
S3152400097C0000A041000068C200000EC3000039C369
S3152400098C000057C300004FC300001AC30000A4C2C2
S3152400099C0000A8410000D2420000544300009743B3
S315240009AC0080B0430000C0430080AC4300008C435D
S315240009BC000052430000FC420000844200008040A8
S315240009CC0000A0400000504100001042000092425A
S315240009DC000094420000A4420000904200003C42D5
S315240009EC0000704100003CC20000B8C20000FEC2E8
S315240009FC00000EC3000000C30000D0C2000024C2B5
S31524000A0C000014420000DA4200002B430000394354
S31524000A1C0000454300003343000007430000A64270
S31524000A2C0000184200001041000010C10000E0C074
S31524000A3C0000803F00005041000090410000E0403F
S31524000A4C000060C1000058C20000CCC2000021C3C3
S31524000A5C000046C3000061C300007CC3000079C3B8
S31524000A6C000061C3000031C30000FEC200009AC21C
S31524000A7C000008C20000803F000000400000B0C106
S31524000A8C0000B0C2000018C3000063C3000099C361
S31524000A9C0000C2C30080DAC30080EDC30080F9C312
S31524000AAC0000FCC30000EEC30080E2C30080D7C361
S31524000ABC0000D3C30000D9C30000DEC30080F0C3FA
S31524000ACC00C002C400C00EC4004013C4008016C467
S31524000ADC004010C40000FEC30080CAC3000094C3A7
S31524000AEC000021C3000054C200000C420000AC429A
S31524000AFC00009C4200004842000050C1000074C211
S31524000B0C0000F4C2000035C300003EC300002DC310
S31524000B1C000010C30000DEC200009AC20000E8C127
S31524000B2C000000C0000000C00000F0C1000058C244
S31524000B3C0000BCC200001AC300004FC3000083C3CC
S31524000B4C008090C30080A6C30000B7C30000BAC3BC
S31524000B5C0080B7C30000C4C30000CDC30000E3C3A8
S31524000B6C0000F9C300C00FC4000022C400C038C45E
S31524000B7C004045C4000050C4000051C4000048C4C1
S31524000B8C004029C400000EC400C003C40080EBC37B
S31524000B9C0080CCC30000BCC30080C0C30080CDC37E
S31524000BAC0000CFC30080D0C30080C0C30000C2C3E2
S31524000BBC0080BBC300809BC300006FC300001FC30F
S31524000BCC0000ACC20000F8C1000060410000D8410E
S31524000BDC0000A0410000A040000004C2000088C20E
S31524000BEC0000E4C20000FAC20000F0C20000C8C231
S31524000BFC000086C2000010C20000904100002C4266
S31524000C0C0000184200009841000070C1000054C234
S31524000C1C0000F0C2000034C300006BC3000088C37C
S31524000C2C000098C30080A4C30000A2C3008095C30F
S31524000C3C008085C3000078C3000075C3000065C31B
S31524000C4C00006AC3000078C300007AC3000076C390
S31524000C5C000062C300003DC300001BC30000CEC2CB
S31524000C6C000060C20000C0C0000070410000E041DA
S31524000C7C0000C041000060C1000094C200000FC3F4
S31524000C8C00005EC3000085C3008097C3008099C30F
S31524000C9C000091C3000077C300002BC30000E8C2F8
S31524000CAC000048C2000020C10000E84100007C423C
S31524000CBC00004C4200006C4200005842000048429E
S31524000CCC00008242000090420000D24200000F43F2
S31524000CDC00002343000043430000494300004F43D4
S31524000CEC00001F430000DC420000F041000050C20B
S31524000CFC00000FC3000065C3008086C300008FC3A9
S31524000D0C00007FC3000040C30000C2C2000098410B
S31524000D1C0000044300006B4300809F430080C343C0
S31524000D2C0080D5430080C14300809B43000055437B
S31524000D3C000025430000A44200009041000000C19D
S31524000D4C0000704100004C420000604200007842D2
S31524000D5C00009C420000964200006C420000804138
S31524000D6C000070C1000050C200009EC20000A4C244
S31524000D7C000074C20000B8C10000F0410000A24279
S31524000D8C00000C43000032430000344300001C4393
S31524000D9C0000FA420000B84200002C42000080BF3A
S31524000DAC0000D0C10000C0C1000000C100002041D9
S31524000DBC0000C8410000304200002C420000D841FB
S31524000DCC0000C0C1000074C20000D0C2000015C3CC
S31524000DDC00002EC3000041C3000037C3000012C319
S31524000DEC0000D8C2000082C2000088C10000C041A5
S31524000DFC000018420000C041000000C000006CC274
S31524000E0C000008C300005BC3000096C30000B8C3EF
S31524000E1C0080D4C30080EBC30080F5C30000F9C363
S31524000E2C0000F3C30080EFC30080E8C30000E2C3D4
S31524000E3C0080E8C30080F4C300C001C400C008C409
S31524000E4C00400BC400400EC4004006C40080EAC314
S31524000E5C0080B4C300006CC30000DAC200006041F9
S31524000E6C0000F0420000374300003E4300001943C3
S31524000E7C0000C64200006041000080C2000009C385
S31524000E8C00002BC300004CC3000037C300002AC348
S31524000E9C00000BC30000A8C2000082C2000048C296
S31524000EAC000058C2000086C20000B6C2000011C35E
S31524000EBC000038C300005CC3008086C3008091C345
S31524000ECC0080A4C30000A2C30000A3C30080A5C352
S31524000EDC0000AEC30080B6C30080C9C30080E8C33B
S31524000EEC008008C4000019C4008026C4004037C4FE
S31524000EFC00C03EC400C03BC4004028C400400EC4FD
S31524000F0C0000F7C30000D9C30080B6C300009AC3FF
S31524000F1C008095C30080A2C30080A6C30080ACC306
S31524000F2C0000B4C30000B5C30080AFC300809FC3C8
S31524000F3C00008DC3000055C3000003C3000082C209
S31524000F4C000010C1000040410000D0410000B04117
S31524000F5C000010C1000044C20000ACC20000BCC298
S31524000F6C0000D2C20000CCC2000092C20000C8C14C
S31524000F7C0000B841000058420000864200007C4222
S31524000F8C0000204200004040000086C2000006C338
S31524000F9C000043C300006DC300008FC3008099C3B7
S31524000FAC008097C3000093C3008084C3000075C3DC
S31524000FBC000064C3000057C300005DC300006DC36A
S31524000FCC00007FC300007FC300007AC300006CC3FB
S31524000FDC00004EC3000018C30000DAC2000074C21D
S31524000FEC000050C10000C04100001C420000C0415A
S31524000FFC0000B0C1000098C2000006C300003DC327
S3152400100C000071C3008080C300006DC3000047C379
S3152400101C000019C30000A4C2000000C20000104244
S3152400102C0000864200009A42000098420000824248
S3152400103C00005042000018420000F84100003042E3
S3152400104C00008A420000D2420000074300003943C4
S3152400105C00005843000061430000514300001C4328
S3152400106C0000DA420000F041000084C2000014C3E0
S3152400107C000054C3000065C300005BC3000033C3E7
S3152400108C00008EC2000000420000204300808C43E6
S3152400109C0000C0430000EE43008001440080FB4363
S315240010AC0080D44300809B4300005B430000EA424B
S315240010BC00000C42000060C10000C0C00000B0411A
S315240010CC00004C420000A4420000AE420000C6427E
S315240010DC0000BA4200009A42000070420000C04050
S315240010EC0000D0C30000D5C30000DCC30080E5C3D8
S315240010FC0080F3C3004006C4004010C400C019C4C9
S3152400110C00C020C4008026C400C023C400C01EC452
S3152400111C00C014C4000006C40000F1C30080E3C35D
S3152400112C0080DBC30000DCC30080DFC30080E7C380
S3152400113C0080E2C30000E3C30080D8C30080C1C38F
S3152400114C0000A4C3000085C300004FC300000CC3D9
S3152400115C0000AAC2000004C2000000C1000040C066
S3152400116C000050C1000000C2000092C20000D8C288
S3152400117C000001C30000FEC20000E6C20000B6C295
S3152400118C000058C2000060C10000884100000842DB
S3152400119C0000D0410000C040000000C20000B8C2CC
S315240011AC000020C300005EC3008086C300809CC35D
S315240011BC0000ACC30080B1C30080B4C30000B2C32A
S315240011CC0000ACC30000A8C30080A1C30000A4C3C4
S315240011DC0080ABC30000ADC30080ACC30080A5C3A4
S315240011EC00809DC3008087C3000053C3000013C333
S315240011FC0000A6C20000E0C10000A841000058422D
S3152400120C0000884200006C420000B041000088C1F6
S3152400121C00008EC20000ECC200000AC300001AC3F0
S3152400122C00000EC30000FAC20000CCC2000084C227
S3152400123C000028C20000A8C1000060C1000030C113
S3152400124C000030C1000088C1000090C10000C0C05D
S3152400125C00006041000048420000C64200001543CD
S3152400126C00005143008082430000964300809A4339
S3152400127C000092430000774300002B430000944265
S3152400128C0000C0C10000DAC2000027C3000056C308
S3152400129C00005EC3000030C30000FEC20000E8C19B
S315240012AC00007C4200001B4300007E4300009A434E
S315240012BC0000B3430080AF4300009A4300808C4364
S315240012CC0000674300004E4300002A4300002A43D3
S315240012DC00002943000033430000364300002C430E
S315240012EC000009430000DC42000070420000E0408C
S315240012FC000060C20000F8C2000028C3000047C3E7
S3152400130C00005EC3000059C3000037C3000001C3AC
S3152400131C000070C2000030C1000060420000C242CE
S3152400132C0000FA4200000B4300000943000010435E
S3152400133C00000F4300001043000010430000144328
S3152400134C00000A430000F242000096420000B0411D
S3152400135C0000F8C10000CAC200001AC300003BC337
S3152400136C00004DC3000042C3000034C300000BC36D
S3152400137C00009CC2000060C100004C420000B44234
S3152400138C0000FE420000DA420000A0420000804128
S3152400139C000074C2000000C3000056C300808CC336
S315240013AC0000A9C30080BCC30080CAC30000D5C3F7
S315240013BC0080D9C30000DDC30000E1C30000EDC3E7
S315240013CC0080F6C3008004C4008010C400401CC4F2
S315240013DC00C027C400C02BC400002DC4004024C464
S315240013EC008015C40080F9C30000BBC300007DC374
S315240013FC00000DC3000044C20000B8410000644242
S3152400140C00003C4200002042000080BF0000A8C11E
S3152400141C000070C2000050C2000044C20000E8C1A3
S3152400142C000080C0000040400000A0410000A841FC
S3152400143C000040C100001CC20000A6C2000003C369
S3152400144C000044C300007CC300809CC30000B9C3C5
S3152400145C0000C9C30080DAC30080E5C30000E8C3DA
S3152400146C0000F1C30080FEC3000009C4004010C470
S3152400147C00001CC4000029C400802FC400C035C43D
S3152400148C008033C400C033C400C024C4008019C4F3
S3152400149C004005C40080F8C30080E9C30000DFC304
S315240014AC0080D4C30000D7C30000E1C30000DCC312
S315240014BC0000D3C30000C5C30000ABC300808FC398
S315240014CC00004BC3000003C3000064C200000000EC
S315240014DC00004C420000A6420000AA4200006042D2
S315240014EC000098410000C0C1000088C20000F0C270
S315240014FC000009C300000EC30000E8C20000ACC201
S3152400150C000048C20000E0C1000088C10000C8C128
S3152400151C00006CC20000ACC2000002C3000033C33E
S3152400152C000070C3008089C300809BC30000A5C340
S3152400153C0000ADC30080A9C30000A2C3000094C35D
S3152400154C00808EC3008087C3000080C300007EC346
S3152400155C008082C3008085C3000072C3000057C379
S3152400156C000037C3000007C30000A6C20000B8C1A0
S3152400157C000050410000284200004042000028424E
S3152400158C00008041000030C20000D2C2000013C308
S3152400159C00003AC300004CC3000057C300004DC3DF
S315240015AC000025C300000CC30000C0C200008CC27E
S315240015BC000020C20000C0C10000D8C1000008C22F
S315240015CC00001CC20000E8C1000088C100000041D4
S315240015DC000060420000EC420000314300006643E8
S315240015EC00008E4300009A4300009B4300008D4369
S315240015FC000055430000064300000C42000078C24C
S3152400160C000024C300005FC3000077C3000075C329
S3152400161C00003BC30000F2C20000E0C00000C04240
S3152400162C0000384300808A430000AC430080C64344
S3152400163C0080C0430000A3430080934300007A43F8
S3152400164C00004143000016430000004300001943E8
S3152400165C00000C43000002430000F2420000D64274
S3152400166C00009C4200003C42000000400000E0C107
S3152400167C00007CC20000CAC20000D6C20000D6C23A
S3152400168C0000A2C2000054C20000A0C000003842D0
S3152400169C0000B4420000E8420000F2420000E84296
S315240016AC0000DA420000A2420000744200005842B4
S315240016BC00007442000094420000824200008442DE
S315240016CC00003C420000404100001CC20000C8C27D
S315240016DC000016C300003FC300005FC300006CC3A8
S315240016EC00005BC300003BC3000006C3000086C297
S315240016FC0000404100008E420000D2420000DA4233
S3152400170C0000B042000038420000D0C10000E0C204
S3152400171C000049C3008088C30000A8C30000CAC3C4
S3152400172C0080E0C30000ECC30000F1C30000F5C345
S3152400173C0000FAC30000F9C30080FFC3000007C4ED
S3152400174C00400EC4000016C400801AC400801FC4B6
S3152400175C00001FC400C018C400C009C40000EBC399
S3152400176C0080BBC300007DC3000004C30000F8C185
S3152400177C0000904100008C420000544200001042AC
S3152400178C000050C1000050C20000ACC20000B6C21A
S3152400179C0000BEC20000AAC200009EC2000020C2E5
S315240017AC000034C200001CC200002CC2000044C23B
S315240017BC0000A8C20000FEC2000040C3000066C39D
S315240017CC00808BC30080A0C30080B3C30000B8C3C1
S315240017DC0000BAC30000C5C30080D1C30080D7C3A0
S315240017EC0000EBC3000003C4000014C4004023C44F
S315240017FC008030C400C040C400804AC4004052C497
S3152400180C00404DC400803BC400C024C4004013C413
S3152400181C00C001C40080E9C30000D8C30000D1C3B2
S3152400182C0000C8C30080C3C30000C1C30000BDC3ED
S3152400183C0000B0C30000A3C3008092C300007AC387
S3152400184C000045C3000001C3000084C2000014C27A
S3152400185C000010C1000040C0000010C1000020C2CE
S3152400186C00007CC20000A4C20000B4C20000AEC2B8
S3152400187C00009AC2000048C2000020C10000A0410A
S3152400188C000024420000484200002C420000B841CB
S3152400189C0000F0C1000094C20000F8C2000029C365
S315240018AC00005CC300007DC3000088C300008EC307
S315240018BC000094C300809BC30080A0C300009DC37A
S315240018CC0000A4C30000ACC30000B5C30000B8C319
S315240018DC0000B5C30080AEC300009AC3000079C3D0
S315240018EC000030C30000C8C2000014C200008841A6
S315240018FC0000744200009042000070420000B8417F
S3152400190C0000A0C10000A0C200000EC300003CC30E
S3152400191C000051C300005EC3000052C3000039C34B
S3152400192C00000CC30000C8C200006CC200004CC2EC
S3152400193C0000F8C10000B8C10000E8C1000030C2A4
S3152400194C00003CC20000F0C1000090C100004041E0
S3152400195C000030420000C44200000E430000314314
S3152400196C000046430000434300002F43000002437B
S3152400197C00006C42000060C10000AEC200001CC313
S3152400198C00003FC300005CC300003AC3000011C32F
S3152400199C000088C2000070410000CC4200004B437A
S315240019AC008088430000A5430000AE430000A443F6
S315240019BC000092430000724300004E430000214372
S315240019CC0000054300000C430000044300000D43B3
S315240019DC00000A430000FE420000E4420000B2422A
S315240019EC000086420000C841000088C1000064C281
S315240019FC000096C20000B8C20000A6C200006CC249
S31524001A0C0000A0C10000004200008A420000D2421D
S31524001A1C0000F4420000F8420000E0420000A64216
S31524001A2C0000884200005042000038420000504218
S31524001A3C0000504200008242000070420000104216
S31524001A4C0000304100000CC20000A8C2000010C3E4
S31524001A5C000047C3000065C300007DC3000081C39A
S31524001A6C00006BC300004CC3000015C30000CEC29B
S31524001A7C00006CC20000C8C1000088C10000D8C197
S31524001A8C000096C2000005C300003BC3000085C3BA
S31524001A9C0080A3C30000BFC30080D0C30080DFC373
S31524001AAC0000E7C30000E5C30000DCC30000DBC371
S31524001ABC0000DBC30000E2C30080E9C30080FBC343
S31524001ACC008004C400C010C4008014C4000017C4D1
S31524001ADC004014C400C009C40080F0C30080B9C3FC
S31524001AEC008088C3000017C300006CC20000A0410C
S31524001AFC00005C4200004C420000F041000070C122
S31524001B0C0000F0C10000ACC20000BAC20000B2C290
S31524001B1C000094C200005CC20000F0C1000000006A
S31524001B2C0000B0410000D04100006041000070C1AB
S31524001B3C000014C20000BEC2000011C300004BC337
S31524001B4C000076C3000091C30080ABC30080BAC3E7
S31524001B5C0080C7C30080D3C30080EDC3004001C4FA
S31524001B6C00C00CC400801FC400402DC400403FC4D8
S31524001B7C00804AC4000053C4008055C4004050C49D
S31524001B8C00003FC4000020C4008012C4000008C416
S31524001B9C0080F7C30080E3C30080D9C30000DAC3F6
S31524001BAC0080D1C30000CAC30080C0C30080AAC36E
S31524001BBC0000A0C3008089C3000051C300000FC3DA
S31524001BCC000096C2000088C10000F8410000504273
S31524001BDC00002C4200001C4200007041000000C191
S31524001BEC000028C2000082C2000088C200004CC239
S31524001BFC000000C2000040C00000B841000054425E
S31524001C0C000030420000D8410000A0C0000018C2D9
S31524001C1C0000BAC2000011C3000043C300006DC308
S31524001C2C00008BC300809CC30000ABC30000ABC375
S31524001C3C0080ABC30000AEC30080ACC30080ABC332
S31524001C4C0000A4C30000A5C30000A1C3008097C351
S31524001C5C000087C3000061C3000029C30000C4C26E
S31524001C6C0000E0C10000D041000078420000A442EC
S31524001C7C0000AE42000098420000B8410000E8C1C2
S31524001C8C0000BAC2000015C3000040C300005FC3A5
S31524001C9C00005BC300004EC300001BC30000F0C24F
S31524001CAC000094C2000024C2000040C10000104170
S31524001CBC000088410000304100009841000090410A
S31524001CCC00002042000078420000B84200000C4379
S31524001CDC00002A4300004D43000069430000704372
S31524001CEC00005E43000025430000C24200000000B1
S31524001CFC00009EC2000032C300006EC300008BC3DA
S31524001D0C00808DC300007EC300003EC30000BCC20D
S31524001D1C000030410000DE42000055430080914310
S31524001D2C0000BA430080BF430080B74300809D4324
S31524001D3C00008943000074430000364300001D4311
S31524001D4C0000144300001643000018430000064309
S31524001D5C00000E43000000430000DA420000A442B7
S31524001D6C000040420000A8410000B8C1000008C28F
S31524001D7C00001CC2000098C1000020410000004253
S31524001D8C000082420000B6420000D6420000D44233
S31524001D9C0000B24200008E42000058420000E84186
S31524001DAC00009041000080410000004200002C42BB
S31524001DBC0000684200007442000074420000F8419E
S31524001DCC000050C100007CC20000CEC2000013C328
S31524001DDC000036C300003EC300003BC3000021C3F1
S31524001DEC0000F6C200009CC200000CC20000204178
S31524001DFC0000F8410000E84100004040000008C201
S31524001E0C0000CEC200002DC3000076C300009CC384
S31524001E1C0080B5C30000CFC30080DDC30080E5C3BA
S31524001E2C0000EBC30000EBC30080F0C30080F0C3BA
S31524001E3C0080F4C300C001C4000008C400800EC492
S31524001E4C008012C4000014C4000010C4000003C493
S31524001E5C0080DFC30080A9C3000059C30000C6C29A
S31524001E6C000050410000D4420000194300001A43DC
S31524001E7C000007430000AE420000E8410000D8C130
S31524001E8C000088C20000C2C20000DAC20000C4C22C
S31524001E9C0000B4C2000058C2000024C2000000C2D4
S31524001EAC000000C200004CC200007CC20000D8C254
S31524001EBC000013C3000040C3000067C300808EC318
S31524001ECC00809FC30000B0C30080B3C30000BFC30F
S31524001EDC0000CBC30000DCC30000ECC3000002C42A
S31524001EEC004010C4004020C400C028C4004034C4A0
S31524001EFC00803DC400403EC400C034C400001FC44E
S31524001F0C00400AC40000F9C30000DDC30000C6C3A8
S31524001F1C0000B7C30080B6C30000B3C30000AAC335
S31524001F2C0080A7C30080A0C3008095C3000084C38F
S31524001F3C000063C300003BC30000F2C200007CC255
S31524001F4C000010C10000A04100000442000004421D
S31524001F5C00008841000040C0000010C200002CC2C2
S31524001F6C000044C2000038C20000E0C100008040DA
S31524001F7C00003C4200008642000096420000884243
S31524001F8C000040420000884100000CC20000C2C27E
S31524001F9C000016C3000048C3000078C3008091C318
S31524001FAC00009BC30000A0C30000A4C30080A3C3ED
S31524001FBC0000A6C30080A4C30080A5C30000A6C34A
S31524001FCC0000A8C30080A5C3008099C300008EC35B
S31524001FDC00006CC300002DC30000CCC2000024C238
S31524001FEC00000041000070420000A4420000B442EC
S31524001FFC000064420000004100002CC20000C4C250
S3152400200C00000CC3000039C300003AC300002CC3E3
S3152400201C000010C30000C8C2000048C2000040C122
S3152400202C0000C041000018420000444200003C421B
S3152400203C00000842000004420000A841000010429F
S3152400204C000078420000BC420000074300002643EF
S3152400205C00005943000064430000614300003F43E1
S3152400206C00000E43000092420000C8C10000DAC2F0
S3152400207C000036C3000069C3000073C300006BC3A1
S3152400208C00002DC300009AC20000A84100000F4393
S3152400209C000077430000B5430000DB430000F34304
S315240020AC0080E9430000D0430000AA430080894302
S315240020BC00005043000012430000F8420000E8429E
S315240020CC0000EE420000E8420000F0420000E2422A
S315240020DC0000C8420000AE420000984200004C4268
S315240020EC0080DAC30000C7C30080AEC30080ABC334
S315240020FC0000A9C30000B6C30080D3C30080F5C377
S3152400210C00000DC400C017C400C01DC400401FC469
S3152400211C008014C400C00AC40000EDC30080C3C3ED
S3152400212C0080ADC3008099C30080A2C30000ABC35A
S3152400213C0000C2C30000D8C30080E6C30080F6C3E7
S3152400214C0000FCC30080E8C30000C9C30080A0C300
S3152400215C00006CC300001EC30000BAC2000058C2A3
S3152400216C000034C2000088C20000DEC2000023C373
S3152400217C00005AC3000082C300808BC300008EC3A8
S3152400218C000083C3000069C3000042C3000019C3C6
S3152400219C000002C30000FCC2000013C300003AC3B3
S315240021AC00007DC30080A6C30080CAC30080E4C39C
S315240021BC0000EDC30000EEC30080DCC30080C6C360
S315240021CC0080ADC300809AC300008FC3000089C36E
S315240021DC00808EC3008095C30000A4C30080ABC3CB
S315240021EC0000AEC30000ACC300809EC3008087C32E
S315240021FC00004DC3000003C3000080C2000040C091
S3152400220C000004420000384200000442000098C139
S3152400221C0000A2C200001BC3000057C3000086C3E3
S3152400222C000093C300008BC3000075C300003EC39B
S3152400223C000009C30000BEC2000084C2000092C282
S3152400224C0000BAC2000007C300002CC3000052C30E
S3152400225C000072C3000070C300005CC3000033C3CB
S3152400226C0000F2C200008AC2000000C1000028420D
S3152400227C000086420000804200002442000030C147
S3152400228C0000C4C2000039C3000088C30080A0C368
S3152400229C0000ABC30000ABC300808EC300004CC34C
S315240022AC0000CAC2000000400000BA4200001E43CF
S315240022BC000045430000534300002C430000FA421F
S315240022CC000044420000A0400000A0C1000024C22B
S315240022DC000050C10000F841000094420000FC426A
S315240022EC00000F43000002430000AA420000D04124
S315240022FC000078C2000025C3000085C30000B0C3CB
S3152400230C0000BCC30000BBC30000ACC300008BC3DD
S3152400231C000048C30000D8C200004CC2000040C1D3
S3152400232C000000C00000A0C000000CC2000090C237
S3152400233C0000E8C2000012C300001BC3000021C326
S3152400234C000009C30000CEC2000094C2000060C283
S3152400235C000084C20000A4C2000003C300003FC3D3
S3152400236C00007AC300009CC30080ABC30080B0C3BA
S3152400237C0080A9C3000096C300006BC3000023C3CE
S3152400238C0000CEC2000040C20000D8C1000004C226
S3152400239C000090C2000005C3000040C3008087C320
S315240023AC0080A5C30080C1C30080CFC30000D3C363
S315240023BC0000D1C30080C8C30000BDC30000B4C351
S315240023CC0080B1C30080BDC30000CFC30080EAC324
S315240023DC00800AC400C01AC400802BC4004031C437
S315240023EC00002DC4000021C400C008C40000DAC3B8
S315240023FC00009CC300004BC3000005C30000A2C20E
S3152400240C000086C20000BAC2000006C3000030C316
S3152400241C000063C300007AC3000082C300007AC3A1
S3152400242C000047C300001EC30000E2C20000A6C27F
S3152400243C000094C20000D2C2000019C3000067C376
S3152400244C000099C30080C3C30080E7C300C001C445
S3152400245C00400AC4004008C400C005C40000FAC3E6
S3152400246C0000E6C30000D1C30080C9C30000D3C357
S3152400247C0000E2C3000000C400800EC400401EC449
S3152400248C004027C400002DC400402BC400C01FC428
S3152400249C00800FC40000F1C30000D2C30000B7C3F0
S315240024AC0000B2C30000ABC30000B2C30000CAC311
S315240024BC0000DDC30000EDC30000F4C30080EAC3B2
S315240024CC0080DCC30080BFC3008094C300004BC3D0
S315240024DC0000F6C200006CC20000D8C10000A0C0E7
S315240024EC00001CC20000B0C2000012C3000048C386
S315240024FC008083C3000095C300009DC3008094C351
S3152400250C000085C3000062C3000048C3000030C32A
S3152400251C000030C3000047C3000074C3000094C3FA
S3152400252C0000B5C30080D3C30080E9C30000F4C304
S3152400253C0080EAC30080DAC30080BFC30000A4C3B2
S3152400254C00808CC3000079C3000072C300007DC3D5
S3152400255C008082C300008AC3000095C3008098C300
S3152400256C008092C3008087C300006CC3000039C36B
S3152400257C000000C3000078C2000070C10000E040D7
S3152400258C000000C00000C8C10000A2C200001EC387
S3152400259C00006DC300809AC30080ABC30080B4C313
S315240025AC0000ABC3008093C3000065C3000025C3A1
S315240025BC0000F4C20000BCC20000C8C20000E8C27D
S315240025CC000017C3000046C3000062C3000076C394
S315240025DC000074C3000061C3000030C30000E8C2CD
S315240025EC00007CC2000040C000000042000078427B
S315240025FC000060420000984100005CC2000016C333
S3152400260C000070C30080A7C30080C1C30080CBC365
S3152400261C0000BBC3008093C3000053C30000B0C2A8
S3152400262C0000B0410000DC4200003143000051435D
S3152400263C00006543000047430000FE42000074423C
S3152400264C000000400000A8C100006CC2000050C26B
S3152400265C000080C0000038420000AE420000D44284
S3152400266C0000AE42000064420000E0C00000A8C294
S3152400267C000031C3008081C300009FC30000ACC39B
S3152400268C0080A3C3008088C3000046C30000FAC29E
S3152400269C000060C2000050C1000070410000803F61
S315240026AC00000CC20000A2C2000008C3000034C300
S315240026BC000058C3000054C3000041C3000027C3C4
S315240026CC000006C30000D8C20000B8C20000CCC269
S315240026DC00000BC3000037C3000070C3000095C371
S315240026EC0080AEC30080BEC30000BBC30000AFC3D2
S315240026FC000096C3000066C3000018C30000C0C2C5
S3152400270C00007CC2000068C20000A6C2000004C3FC
S3152400271C00003FC3008088C30000ACC30000C8C3BC
S3152400272C0000E0C30080EFC30080EEC30000EBC3BF
S3152400273C0000DFC30000D6C30000CFC30080CAC389
S3152400274C0080D5C30000EBC3004002C400C012C4F1
S3152400275C00001FC4004026C400C027C400401BC46C
S3152400276C008006C40000D9C30080A4C3000055C34E
S3152400277C0000FEC2000096C2000050C2000096C2A1
S3152400278C0000FEC2000032C300006FC300008EC3DB
S3152400279C008090C300008BC300007FC300005DC380
S315240027AC000029C3000007C30000F2C2000010C3B6
S315240027BC000023C3000060C3008093C30080BFC302
S315240027CC0080E1C30080FBC3004004C4000008C49D
S315240027DC00C002C40000F1C30080D5C30080C3C36B
S315240027EC0080B5C30080BAC30080C8C30080EAC386
S315240027FC00C008C400801AC400802DC400C039C48B
S3152400280C000040C4000040C400C02EC400C016C43E
S3152400281C0080F8C30080D3C30080BAC30080A6C34B
S3152400282C0080ABC30000B1C30000C8C30080DCC366
S3152400283C0080EDC30000F8C30080F1C30000E1C39F
S3152400284C0000C5C300009EC300006BC300000FC369
S3152400285C0000B4C2000074C2000084C20000B2C2DC
S3152400286C00000AC300003BC300006DC300008CC3E8
S3152400287C008094C3000090C3000085C3000061C38C
S3152400288C00003BC3000011C30000FAC20000F8C2CA
S3152400289C00000DC300003BC300007AC300809DC317
S315240028AC0000B7C30080CBC30080D5C30080CFC340
S315240028BC0000C2C30080AAC3008098C3008091C3C1
S315240028CC00808CC300808FC3000099C30080A9C3E9
S315240028DC0080B5C30080BBC30080BCC30080B3C3D7
S315240028EC0080A1C3000088C300004FC3000009C3A5
S315240028FC000086C2000090C1000040410000004048
S3152400290C000004C20000B6C200001DC300006AC346
S3152400291C00009AC30000AEC30000B0C30080A5C358
S3152400292C00008DC3000066C300002AC30000F4C255
S3152400293C0000CCC20000E8C2000007C3000027C375
S3152400294C000055C300007EC300008CC300008DC359
S3152400295C008081C300006DC3000036C3000000C391
S3152400296C00009AC2000018C20000C0C1000088C131
S3152400297C00001CC20000C0C200002CC3008080C30F
S3152400298C0080A0C30080B1C30080B3C300009FC3E2
S3152400299C00007EC300001DC3000082C20000D0418B
S315240029AC0000CE4200001D43000042430000354384
S315240029BC000015430000B4420000C041000088C149
S315240029CC000080C2000084C2000018C200004040EF
S315240029DC000070420000C0420000FA420000D042BF
S315240029EC000082420000A0400000AAC200002AC3B4
S315240029FC000080C3000096C300809BC3000091C3D3
S31524002A0C00006EC300002BC30000CCC200002CC2F5
S31524002A1C000020C1000080BF0000E0C0000028C2D6
S31524002A2C0000C6C2000014C3000041C3000057C3F3
S31524002A3C00005FC3000050C3000031C300000FC365
S31524002A4C0000E6C20000D0C20000E6C200000DC39E
S31524002A5C00003CC300007FC300809CC30000B7C3A6
S31524002A6C0000C9C30000D0C30000C5C30000B0C316
S31524002A7C000095C300006BC300003AC3000018C3C2
S31524002A8C000006C300001BC3000042C300007AC327
S31524002A9C00009AC30080B9C30080D6C30080E3C368
S31524002AAC0000EDC30000EAC30080E2C30080D1C35A
S31524002ABC0000BFC30000B5C30000B1C30000BEC3F1
S31524002ACC0080CEC30080E8C3000008C4004017C4AD
S31524002ADC004022C4008022C4008019C4000008C40B
S31524002AEC0000E0C30000A5C3000063C300000FC3AD
S31524002AFC00009CC2000092C20000A2C2000003C3C4
S31524002B0C000046C3000072C300008FC3008097C325
S31524002B1C00009AC3000085C3000058C300002CC3D0
S31524002B2C0000E8C20000ACC20000A0C20000C0C273
S31524002B3C000020C3000056C3000096C30000B9C38E
S31524002B4C0080DDC30080EFC30080F8C30000F4C30B
S31524002B5C0000EDC30080D8C30000C8C30080C3C3E3
S31524002B6C0000C8C30080DAC30080FAC300000EC478
S31524002B7C00C022C4008033C400C041C400C045C474
S31524002B8C000042C4008035C400C016C40080F8C3BB
S31524002B9C0000DBC30000C1C30000B5C30000ABC3F7
S31524002BAC0000BDC30080CFC30080E4C30000F5C37E
S31524002BBC0080EEC30000E7C30080D5C30080B5C3F4
S31524002BCC00008EC300003CC30000F8C2000086C27D
S31524002BDC00000CC200003CC2000094C20000EAC2F1
S31524002BEC000022C3000051C300007FC300808AC3A7
S31524002BFC000088C300006FC300004DC3000029C326
S31524002C0C000002C30000E6C20000E0C200000FC3AD
S31524002C1C00003AC300007FC30000A0C30000BCC35D
S31524002C2C0080D0C30000D9C30000D8C30000D0C391
S31524002C3C0000BFC30080A9C3000098C3008092C3C0
S31524002C4C000093C3008094C3000099C300809DC3E5
S31524002C5C0080A3C300809FC3000094C3008082C35A
S31524002C6C000052C3000015C30000ACC20000C8C14A
S31524002C7C0000C0400000B841000090410000D0C1C3
S31524002C8C0000A0C2000022C3000071C300009AC336
S31524002C9C0080AAC30080ADC30000A3C300008BC36D
S31524002CAC00004EC300001AC30000EAC20000BCC2D6
S31524002CBC0000B8C20000D6C2000010C300002BC30B
S31524002CCC000046C300004EC3000050C300003CC3A2
S31524002CDC00001BC30000E0C2000098C2000024C2FE
S31524002CEC000000C000003041000040C000003CC27F
S31524002CFC000000C300004FC3000097C30080B9C373
S31524002D0C0080CDC30000C8C30080B0C300008BC3B1
S31524002D1C000030C3000098C20000E0410000D042FD
S31524002D2C000018430000424300003F4300002843A0
S31524002D3C0000B64200000442000040C000000CC251
S31524002D4C00003CC20000D8C10000C84100009842D3
S31524002D5C0000D242000007430000EA420000B442BD
S31524002D6C0000A041000080C200000EC300005CC31A
S31524002D7C00007CC3000085C3000073C300003BC362
S31524002D8C0000FEC200008EC200001CC2000040C11E
S31524002D9C000090C1000020C20000AEC200000AC38D
S31524002DAC00002FC3000057C3000061C300005CC39E
S31524002DBC000043C300001BC30000EEC20000AEC2D9
S31524002DCC000092C20000AEC20000F2C2000029C369
S31524002DDC000061C300808FC30000A9C30000B6C3E2
S31524002DEC0000B5C30080A6C3000093C300006DC3C6
S31524002DFC00003AC3000001C30000CEC20000C6C2C4
S31524002E0C0000F0C2000022C300005DC3008090C302
S31524002E1C0000AFC30000C8C30080DCC30000E6C3B7
S31524002E2C0000E8C30080E0C30080D5C30000CFC3F4
S31524002E3C0000C7C30000CAC30080D5C30080E9C301
S31524002E4C000003C4004011C400001CC400001EC4AE
S31524002E5C00C016C4004007C40000DFC30080A4C30E
S31524002E6C000050C30000DEC20000D8C1000010418F
S31524002E7C00000040000024C20000C8C2000026C383
S31524002E8C000068C3008087C300008FC300808FC3F3
S31524002E9C00006FC3000052C3000016C30000E6C234
S31524002EAC0000CCC20000E6C2000019C3000044C3D3
S31524002EBC000088C30080AEC30080D1C30080E7C362
S31524002ECC0000F6C30080F8C30080F1C30000DDC304
S31524002EDC0000CAC30080B5C30000B3C30000B8C346
S31524002EEC0000CAC30000E8C3004007C4004017C44E
S31524002EFC008024C400002EC4004033C400802DC49A
S31524002F0C00001AC40000FEC30000D2C30080B6C35E
S31524002F1C0000A0C3008093C3000099C30080ABC3F8
S31524002F2C0000C0C30000D7C30080E3C30000E7C37E
S31524002F3C0080D4C30000C1C30080A2C3000073C3A5
S31524002F4C000028C30000B0C200004CC200000CC212
S31524002F5C000044C20000B8C20000F8C2000037C307
S31524002F6C000064C3000081C3000087C3008080C3B3
S31524002F7C000066C3000033C3000009C30000D4C29A
S31524002F8C0000BEC20000D8C2000005C3000040C326
S31524002F9C008081C30080A5C30000C1C30080D2C3B6
S31524002FAC0000DDC30000D5C30080CBC30080B6C3AC
S31524002FBC0080A5C3000098C300808EC3008092C3F2
S31524002FCC008094C300809DC30080A6C30000A6C3C2
S31524002FDC0080A2C3008095C3008083C3000054C321
S31524002FEC000017C30000B4C2000014C20000004045
S31524002FFC0000A8410000C0C0000048C20000F4C272
S3152400300C00003BC3000078C3008097C30080A2C392
S3152400301C00009BC3008087C300005BC3000016C35B
S3152400302C0000D0C2000086C2000064C2000090C218
S3152400303C0000D0C200000AC300002DC3000051C3F7
S3152400304C00005EC3000056C300003CC3000010C33E
S3152400305C0000DCC2000060C2000088C100005041A0
S3152400306C0000A0400000B0C1000092C200001CC3A6
S3152400307C00006DC300009EC30080BAC30000BCC30D
S3152400308C0000B1C300808BC300003EC300008EC277
S3152400309C00001042000000430000504300007F4310
S315240030AC00808B4300007943000032430000B24277
S315240030BC000098410000D8C100008EC2000078C2DE
S315240030CC0000A0C1000008420000B84200000043E2
S315240030DC000006430000D64200006442000060C192
S315240030EC0080D0C30000BCC30080B5C30080ADC330
S315240030FC0000C5C30080ECC3008009C4000020C4B2
S3152400310C00C02DC400803CC400803DC4008037C45C
S3152400311C00C02AC4000013C40080FDC30000E0C311
S3152400312C0080CCC30080CEC30000D7C30000E7C305
S3152400313C0080F8C3008005C400000DC400800CC4B4
S3152400314C008003C40000E8C30000BAC3000070C3A7
S3152400315C000015C300006CC2000000C2000014C29B
S3152400316C000086C2000000C300004AC3008087C347
S3152400317C00009AC300009EC30080A0C3008092C3A3
S3152400318C000078C300003BC3000005C30000BEC288
S3152400319C0000A4C20000AEC2000002C300004FC34C
S315240031AC00009BC30080C7C30000E8C30000FCC317
S315240031BC0080FEC30000EEC30080CFC30080AEC3E4
S315240031CC008096C3008085C300007BC3008082C325
S315240031DC00008EC30080A0C30080A8C30080B0C3A7
S315240031EC0080B6C30000AEC3008099C3000077C329
S315240031FC00002DC30000D4C2000000C200003041E0
S3152400320C0000B041000080C000008AC200000BC33D
S3152400321C00005CC3008095C30000AFC30000B9C393
S3152400322C0080B0C3000099C3000071C3000024C3FE
S3152400323C0000B8C2000054C200000CC2000018C220
S3152400324C000080C20000AEC20000F2C2000015C30A
S3152400325C000015C30000F2C200009EC2000080C10B
S3152400326C000054420000F24200002A43000041436D
S3152400327C00002D430000024300004C42000080C293
S3152400328C00003DC3008093C30080B4C30000C4C3B4
S3152400329C0080BEC3008093C3000038C3000014C250
S315240032AC0000D442000068430080A7430000C243B8
S315240032BC0080C1430000A34300005F430000F44296
S315240032CC00001842000020C20000B8C200009EC2B2
S315240032DC000038C200008040000078420000AA4258
S315240032EC0000AC420000944200001041000098C239
S315240032FC000040C30000A1C30080CFC30080E1C3FB
S3152400330C0000DEC30000C1C300008CC3000013C33D
S3152400331C000080C100008E420000004300002743B9
S3152400332C00002643000007430000A8420000304159
S3152400333C00001CC20000A8C20000E8C20000E4C2BF
S3152400334C0000CCC20000ACC200009EC20000B6C273
S3152400335C0000DEC2000013C300004AC3000082C36F
S3152400336C00009BC30000A8C30080A1C3000097C320
S3152400337C000069C300000AC3000064C20000A8410F
S3152400338C00008E4200009A42000040420000D0C148
S3152400339C0000EAC200005BC30080A7C30080D6C32A
S315240033AC0080FDC300400BC400C00EC4000010C432
S315240033BC00C009C4000000C40080F0C30000ECC3A4
S315240033CC0000F0C30080FFC3008010C4000023C497
S315240033DC00C034C4000047C4008049C400C042C4A1
S315240033EC00802EC400000EC40000CAC3000077C39C
S315240033FC0000DCC20000E0C000007C4200009642C3
S3152400340C00006041000020C2000000C3000050C32D
S3152400341C000088C300809BC3000099C3008084C32A
S3152400342C00005FC3000028C30000ECC20000C0C229
S3152400343C0000E0C200001FC3000058C3008096C3DE
S3152400344C0000C6C30080F0C3004009C4004013C466
S3152400345C00C013C4008011C400C007C40080F6C386
S3152400346C0000DCC30000DAC30080DEC30000F3C313
S3152400347C00400AC400C01FC4004034C4008042C4A7
S3152400348C00004BC400C04CC4004041C400802EC470
S3152400349C004015C4004003C40000ECC30000DDC387
S315240034AC0000CBC30080D7C30080EDC3000001C449
S315240034BC000006C4000006C4008004C40080F7C3C0
S315240034CC0000CFC300809AC3000036C30000AAC2F2
S315240034DC000000C00000204200001842000060C119
S315240034EC0000B2C2000026C3000079C300009FC3AB
S315240034FC0080B6C30000BAC30000ABC3008093C3DC
S3152400350C000079C3000047C300001EC300000AC391
S3152400351C000020C3000045C3000078C30080A2C36A
S3152400352C0000CFC30000EBC30000FDC30000F4C3AE
S3152400353C0080DFC30000BCC3008095C3000068C3B1
S3152400354C00003EC300003AC3000045C3000054C328
S3152400355C000071C300808AC3008093C3008094C387
S3152400356C008093C3000089C300006FC300002FC3DF
S3152400357C0000E4C2000086C2000028C2000044C237
S3152400358C0000AAC200001AC3000072C30080A3C3A1
S3152400359C0080C2C30080D6C30080E2C30000D0C31F
S315240035AC0080ADC300007EC300002FC30000D2C22E
S315240035BC000068C200000CC2000030C2000090C299
S315240035CC0000D8C2000001C3000018C300001DC3AC
S315240035DC0000F0C2000088C2000080BF00007C42BC
S315240035EC0000EE42000022430000314300001D433C
S315240035FC0000BA42000080C00000F8C200007CC360
S3152400360C0080BEC30080DAC30080E2C30000C8C3B6
S3152400361C000095C3000028C30000A0C00000174377
S3152400362C000089430080B6430000D3430080D7436F
S3152400363C0000B443000062430000E2420000D04183
S3152400364C000086C200000AC3000011C30000B4C2E5
S3152400365C000018C20000803F0000E84100003C42F4
S3152400366C00003042000080BF0000ACC200002EC314
S3152400367C008082C30080A4C30080B6C30000A2C30A
S3152400368C000073C3000010C30000E8C100007C4294
S3152400369C0000044300001B43000006430000BE4206
S315240036AC00001C42000008C20000EAC200002FC31E
S315240036BC000038C300003CC3000036C3000024C3FA
S315240036CC000008C30000E2C20000F2C200001DC3C1
S315240036DC00003FC300006FC3000092C30080AAC33E
S315240036EC0000B4C30000A3C300008DC300004CC368
S315240036FC0000D8C20000B8C10000F84100005442B2
S3152400370C00001042000070C10000C6C2000053C362
S3152400371C0000A6C30000D9C3004002C400C014C4D0
S3152400372C000021C4000020C400801CC4000015C461
S3152400373C00C00CC4008003C40000FCC300C002C437
S3152400374C00400BC400C014C4008023C4008030C4C1
S3152400375C00003BC400C038C400C025C400800BC480
S3152400376C0000D8C300808AC3000006C30000A0C191
S3152400377C0000F8410000504200008041000048C27D
S3152400378C000008C300006BC3008095C30000A4C3CB
S3152400379C0080AAC30080A7C3008097C3000067C318
S315240037AC000035C300001DC3000018C300001DC350
S315240037BC00004FC3000090C30080BDC30000E1C3CA
S315240037CC0000FAC3000007C400C00AC4004008C4A1
S315240037DC0000F3C30080E1C30080D0C30080C1C3C2
S315240037EC0000C2C30080DCC3004004C400801EC495
S315240037FC004036C400C04FC4004063C400806FC46C
S3152400380C00C06BC4000052C400C034C400C019C428
S3152400381C004001C40080DAC30080BDC30000B9C3D4
S3152400382C0080BDC30000CFC30080E4C30000FAC3EC
S3152400383C00C006C4004009C400C003C40000E5C38C
S3152400384C0080B4C3000072C3000006C300009EC2ED
S3152400385C000060C2000054C20000B2C2000013C3B0
S3152400386C000050C3000081C3008094C300009DC394
S3152400387C00009DC300808DC3000061C3000020C3DB
S3152400388C0000E4C2000094C2000054C2000074C2BA
S3152400389C0000F0C2000039C3008084C30080A8C392
S315240038AC0080C8C30000DAC30000D8C30080C9C393
S315240038BC0000B0C30080A1C3008090C3008083C3E2
S315240038CC008085C3008094C30080AAC30000B9C3BA
S315240038DC0080C2C30000C8C30080C1C30080B3C328
S315240038EC000096C3000067C300001EC30000BAC2C2
S315240038FC0000C0C1000080C0000050C1000070C28E
S3152400390C00000AC300005CC30000A0C30080CAC325
S3152400391C0000DEC30080E1C30080CFC30080AFC3A8
S3152400392C008083C3000029C30000CEC200009AC2C3
S3152400393C000064C200006CC20000A6C20000FCC2D7
S3152400394C000028C3000047C3000049C300003EC33F
S3152400395C00001FC30000A8C20000D8C10000044206
S3152400396C000092420000A8420000B04200004C42E3
S3152400397C0000E0C1000008C3000076C30080A4C385
S3152400398C0000BCC30080C6C30080AEC3000075C350
S3152400399C000001C30000A0C00000E84200006943F7
S315240039AC00009B430080AC430080A14300007C4371
S315240039BC00001A4300006C420000F8C10000D8C273
S315240039CC000006C30000E4C2000094C2000080C1BB
S315240039DC00002C420000A2420000C642000098427D
S315240039EC0000A841000090C200003AC300808BC39B
S315240039FC0080A5C30000A8C3008096C3000058C34A
S31524003A0C0000E2C2000040C0000092420000E642E0
S31524003A1C00000743000006430000B042000050415A
S31524003A2C00005CC20000F2C2000021C3000048C39F
S31524003A3C000043C300002FC300000EC30000E8C2DD
S31524003A4C0000C6C20000CCC2000002C3000039C369
S31524003A5C00007BC300009AC30000B6C30000C9C390
S31524003A6C0080C6C30080B6C3000099C300006CC393
S31524003A7C00002AC30000C4C2000086C2000080C213
S31524003A8C0000D8C2000032C300007AC30080AEC343
S31524003A9C0080DEC3008003C400800EC4008015C4DD
S31524003AAC000016C4008010C400C003C40080EDC3FB
S31524003ABC0080DFC30000D9C30080E0C30000F0C33C
S31524003ACC00C007C400801DC400C02FC4004039C4E4
S31524003ADC00003BC400802DC400C014C40000E1C304
S31524003AEC008094C300001DC300000CC20000F841E2
S31524003AFC000054420000044200005CC20000FEC2D6
S31524003B0C00004FC3008096C30000ACC30080B3C32F
S31524003B1C0080A0C3000088C3000056C3000006C35F
S31524003B2C000098C2000014C2000080C20000DAC251
S31524003B3C000025C3008080C30000AEC30080D8C318
S31524003B4C0000F5C30080FEC3008004C4000001C439
S31524003B5C0080EBC30080D3C30000D4C30080D5C33C
S31524003B6C0080F3C3000009C4000022C400003FC433
S31524003B7C00C055C4000069C400006FC400C06DC4E5
S31524003B8C00C056C400C02DC4008014C4000000C458
S31524003B9C0000D7C30000BAC30080AEC30080BEC3E6
S31524003BAC0080D5C30000E9C30080FCC30080FFC39A
S31524003BBC000005C40080F7C30000C6C300008CC3F4
S31524003BCC000030C30000BAC2000098C10000804037
S31524003BDC000000C0000028C20000B6C2000012C3B8
S31524003BEC000054C3000082C3008091C3000087C325
S31524003BFC00006DC300003FC30000FEC200008EC24D
S31524003C0C000004C200000CC2000070C20000D8C21E
S31524003C1C00003CC3008088C30080B2C30080D0C39C
S31524003C2C0000E4C30000EFC30000E2C30000CDC3D0
S31524003C3C0080ABC3000096C3008089C3000080C3F8
S31524003C4C00007DC3000088C3008092C300809BC300
S31524003C5C000097C3000090C3008080C3000053C3A8
S31524003C6C000021C30000B4C2000020C2000040C1E1
S31524003C7C000040410000E0C0000054C2000009C30B
S31524003C8C000065C30080A2C30000C4C30000D7C3D0
S31524003C9C0000DBC30000C2C300009DC300005BC34D
S31524003CAC000011C300009CC20000C0C100004040AB
S31524003CBC00000041000080C1000024C2000094C210
S31524003CCC0000BAC20000CCC20000A2C2000044C24A
S31524003CDC000080BF0000F04100009E420000CC4250
S31524003CEC0000D44200009C420000604100009EC2A9
S31524003CFC000045C300009EC30080CBC30000E3C371
S31524003D0C0000DBC30080B7C3008085C30000F6C265
S31524003D1C0000E84100002743008085430080AE4321
S31524003D2C0080C4430000BE43008097430000314307
S31524003D3C0000AC420000C040000098C20000F8C24B
S31524003D4C0000DCC200003CC20000E04000004442FB
S31524003D5C0000B2420000EE420000D4420000204291
S31524003D6C000028C2000005C3000057C3000080C30E
S31524003D7C000081C3000058C3000002C3000024C203
S31524003D8C000010420000C042000002430000F24230
S31524003D9C0000C642000030420000B0C10000B2C28E
S31524003DAC00001AC3000033C300003EC300002EC318
S31524003DBC00000EC30000CEC2000070C2000030C248
S31524003DCC00006CC20000B6C2000001C3000040C350
S31524003DDC000083C300809DC30000AAC300809FC338
S31524003DEC00808DC3000065C3000021C30000B8C247
S31524003DFC000004C20000D8C1000028C2000096C2EC
S31524003E0C00000EC300006BC30000A8C30000D3C37C
S31524003E1C0080F9C300800AC4008012C4008013C435
S31524003E2C00800FC4004007C4008000C40000EFC308
S31524003E3C0080EFC30080F6C3004006C4000013C400
S31524003E4C000023C400C02AC400402EC4004022C44F
S31524003E5C00C009C40000D6C3000083C30000EAC214
S31524003E6C00007041000004430000214300000D4370
S31524003E7C00009442000060C1000000C3000066C329
S31524003E8C000096C30000AEC30080B0C30080A3C359
S31524003E9C00808AC3000048C3000004C30000C6C2C5
S31524003EAC0000B0C20000D2C200000FC300005CC3E5
S31524003EBC000097C30000BEC30000D9C30000F4C39E
S31524003ECC0080FDC30000FAC30080DEC30080CCC38F
S31524003EDC0080BDC30000B9C30000C0C30000D9C311
S31524003EEC000003C400001BC400C030C4000044C43A
S31524003EFC008057C400805CC4004052C4004036C4C1
S31524003F0C008014C40000FAC30080CEC30000A5C3ED
S31524003F1C00808DC3000095C30080A4C30080B8C361
S31524003F2C0000CCC30080EAC30000F6C30080F0C3B3
S31524003F3C0000DBC30080ADC3000075C300000EC3B4
S31524003F4C000040C2000040C10000E040000070C1E7
S31524003F5C000044C20000D6C200002FC300005CC37C
S31524003F6C000075C3008085C300007DC300004DC3CB
S31524003F7C00000DC300009CC2000000C2000040C11A
S31524003F8C000080C0000010C20000D4C2000049C347
S31524003F9C000094C30080B6C30000D8C30000E9C354
S31524003FAC0000E5C30000D2C30080B6C300009FC343
S31524003FBC00008BC300007BC3000074C300007DC3C8
S31524003FCC00008EC300809AC300809EC30000A0C349
S31524003FDC000099C300808BC300005DC3000022C37C
S31524003FEC0000CCC2000020C200004040000040412A
S31524003FFC000070C1000098C200001AC3000062C3FE
S3152400400C000099C30080B7C30000B9C30080ADC3B8
S3152400401C00808EC3000055C30000F4C2000034C2D5
S3152400402C0000404100001C420000004200003041C8
S3152400403C0000B8C1000086C20000D6C2000004C32A
S3152400404C0000F2C20000B2C2000044C2000000000C
S3152400405C00008A420000E242000002430000E442CF
S3152400406C00008E42000020410000C8C200005BC341
S3152400407C0080A0C30080BFC30000C8C30080B4C3A3
S3152400408C000083C30000E8C20000084200003B4342
S3152400409C0080A3430080D0430080F6430080F9437C
S315240040AC0000D1430000974300001943000020422E
S315240040BC00006CC200000DC3000012C30000D2C263
S315240040CC000020C20000E0410000B0420000FA4289
S315240040DC000008430000E24200003C42000038C2C3
S315240040EC00C00AC4004006C4004002C40000F9C340
S315240040FC0080ECC30000EAC30080F0C300C002C4F5
S3152400410C00C00DC400401BC400C027C400002EC42C
S3152400411C00002EC4004026C400C013C4000000C4F2
S3152400412C0000D4C30080B4C30000A0C3000096C30F
S3152400413C008097C300009AC300809EC30080A1C34D
S3152400414C000097C3000082C300004AC3000003C3C7
S3152400415C000080C2000000C0000060420000B24291
S3152400416C0000E8420000DA4200009E420000B04102
S3152400417C000044C20000E6C2000023C300003FC373
S3152400418C000041C3000026C30000E6C2000080C222
S3152400419C000070C100002041000070410000E0C006
S315240041AC000088C200001FC300007DC30080AAC380
S315240041BC0000D3C30080EFC30080FFC300C000C43B
S315240041CC0000F4C30080DFC30080C1C30080A5C3F4
S315240041DC00808BC3008081C3000073C3000073C3AB
S315240041EC000070C3000067C300004BC300001BC350
S315240041FC0000AEC2000040C00000A64200002443CA
S3152400420C0000674300808A4300008D4300007943F5
S3152400421C00003B430000C442000000000000BEC264
S3152400422C000027C300004EC3000059C300004AC334
S3152400423C000021C30000E0C200007CC20000A8C11B
S3152400424C0000A040000070410000404100000040E6
S3152400425C000040C0000000000000B0410000644291
S3152400426C0000DA4200002C430000754300009943F9
S3152400427C0000AA430000AC4300009B4300006443A7
S3152400428C0000EA420000D8C1000022C3008088C383
S3152400429C0000B1C30080C2C30080B3C300808CC3AA
S315240042AC000015C30000C040000031430000AA439F
S315240042BC0000F2430000104400801844000011440E
S315240042CC0080FF430000D14300809E4300006C43D2
S315240042DC0000374300001F430000264300003743E9
S315240042EC0000414300004043000027430000EA42FB
S315240042FC00003042000034C200001AC3000076C30A
S3152400430C00009EC30000B9C30080C1C30080B2C3A1
S3152400431C00008AC3000025C30000F0C10000C4427B
S3152400432C00005B43008096430000A6430080A24312
S3152400433C0000914300007343000035430000F24211
S3152400434C00009042000014420000A0400000E0C18E
S3152400435C000086C20000DAC200001EC300004AC355
S3152400436C00006DC300007EC300007CC300006FC335
S3152400437C00004BC3000010C3000090C200009841FB
S3152400438C0000C2420000294300004F43000054435E
S3152400439C000026430000C042000000C00000D6C224
S315240043AC000062C30000A5C30080CEC30000EFC387
S315240043BC00C002C400C009C400000BC400800BC496
S315240043CC008009C400C009C400800AC4000012C4B9
S315240043DC00801AC4008025C400C02DC4004030C4FB
S315240043EC00C02DC400C01FC4008007C40080C8C3ED
S315240043FC000066C300005CC20000C04200005943A2
S3152400440C00808F430080934300008343000038438D
S3152400441C0000BA420000A0C00000A0C2000003C3E2
S3152400442C00000DC3000000C30000C0C200004CC233
S3152400443C000060C100000040000040C1000034C2EE
S3152400444C0000D8C2000042C3008090C30000C1C340
S3152400445C0080EEC3008008C4008014C400001AC473
S3152400446C00401AC4008015C400C011C400800DC4B9
S3152400447C00800EC4008012C400C01DC4004028C491
S3152400448C000033C400003BC400003EC400C037C443
S3152400449C00C029C4008012C40080F7C30000D1C315
S315240044AC0080B3C3008095C300008BC300008DC36A
S315240044BC008091C3000094C300808FC3008082C304
S315240044CC000056C3000010C3000082C20000304115
S315240044DC00009642000001430000324300003F4393
S315240044EC00002E430000EC42000064420000C8C1C8
S315240044FC0000E4C2000046C3000072C300007AC365
S3152400450C00005FC3000038C3000004C30000ACC223
S3152400451C000064C2000060C20000AAC20000FEC2F1
S3152400452C000048C300808DC30080B4C30080D4C36C
S3152400453C0080E7C30080F2C30000EFC30000E1C390
S3152400454C0000C2C300009FC3000083C300004EC3F7
S3152400455C000022C3000015C3000012C3000011C3BF
S3152400456C000006C30000E4C20000A0C20000F8C18B
S3152400457C00000C420000C8420000204300004643C1
S3152400458C0000564300004C4300001D430000944297
S3152400459C0000C8C10000E6C2000041C3000080C36D
S315240045AC00808DC300008AC3000076C3000047C375
S315240045BC00000DC30000AAC2000004C2000080C083
S315240045CC0000A04000000041000040410000E040F3
S315240045DC0000504100001C420000AC42000018436D
S315240045EC00005B4300008D430000A3430000B1434D
S315240045FC0000A94300808A4300002F4300005C423C
S3152400460C0000BCC200006DC30080ADC30080D0C3C3
S3152400461C0000D3C30000BDC3000087C30000F8C24A
S3152400462C00008642000071430080CE4300800A4479
S3152400463C008022440000284400401B440000074408
S3152400464C0080DB430000A44300004D4300000243DA
S3152400465C0000D2420000CE420000D2420000E442C6
S3152400466C0000F0420000DA42000090420000604153
S3152400467C00003CC20000D4C2000029C300005CC365
S3152400468C00006FC3000068C300003BC30000E4C2F3
S3152400469C000090C10000C042000044430000844343
S315240046AC00808F4300808B430000684300001E4328
S315240046BC0000B44200001442000050C1000038C26D
S315240046CC000090C20000B6C20000D2C2000002C391
S315240046DC000025C3000045C3000060C3000077C357
S315240046EC008084C3008082C3000062C3000033C3ED
S315240046FC0000D8C20000B0C100008E420000154351
S3152400470C0000404300004E4300002F430000E042CB
S3152400471C0000C0400000E2C2000067C30000AAC328
S3152400472C0000DCC3000003C400C00EC4008015C402
S3152400473C000018C4004015C4008010C400C00BC46B
S3152400474C00000AC400C00BC400800EC4008014C42C
S3152400475C00C018C400C01CC400001AC400000EC437
S3152400476C0000F4C30000BBC3000066C300008AC269
S3152400477C0000AA420000474300808A4300809443E9
S3152400478C008081430000364300009042000000C2A2
S3152400479C0000E8C2000030C3000049C3000051C326
S315240047AC000032C3000007C30000BAC2000070C266
S315240047BC00001CC200003CC20000B4C200001EC390
S315240047CC00006BC300809FC30000C2C30000E6C375
S315240047DC0080F9C30000FEC30080FDC30000FBC3A8
S315240047EC0080F8C30080F5C30000FFC300400AC450
S315240047FC00C018C400C029C400003EC4008051C4A3
S3152400480C008060C4004065C4008058C4000040C4C5
S3152400481C008021C4008001C40080C4C3000094C35A
S3152400482C000064C3000042C300003AC3000040C326
S3152400483C00004CC3000059C300004DC300003BC309
S3152400484C000021C3000002C30000AEC20000B0C1A8
S3152400485C0000D041000092420000B8420000B6424B
S3152400486C00006C420000004100003CC20000D6C28D
S3152400487C00000FC300001DC3000014C30000DEC2D9
S3152400488C000074C2000030C10000084200007042CF
S3152400489C00008042000004420000E0C10000CEC2A9
S315240048AC000041C300808BC30080B0C30000CCC37E
S315240048BC0080DBC30000DFC30000DEC30000D0C3CE
S315240048CC0080BEC30080ABC300009EC3000097C308
S315240048DC000090C300008BC3000084C300006BC38C
S315240048EC000039C30000DEC20000E0C1000074429F
S315240048FC00000F43000060430000844300008C43F7
S3152400490C0000784300003F430000CE42000080BFE5
S3152400491C0000DCC2000049C3008082C300008EC3A1
S3152400492C00008DC3000077C3000038C30000EEC21C
S3152400493C000074C2000060C1000080410000B84130
S3152400494C000030410000E0C0000098C1000098C16E
S3152400495C000020C10000704100007C420000E842A7
S3152400496C00002F43000055430000674300005F43BB
S3152400497C000034430000D042000000000000D4C2E2
S3152400498C000050C300808CC30080A3C300009FC3C7
S3152400499C000084C3000024C3000010C20000E642B9
S315240049AC00808B430000D8430080074400C0174482
S315240049BC0080184400C00B440000EF430080BA4327
S315240049CC0000854300003843000009430000DC4204
S315240049DC0000E2420000004300000E430000124394
S315240049EC000003430000D84200007C420000803FB4
S315240049FC000074C20000F0C200002AC3000043C3A6
S31524004A0C00003AC3000007C300005CC200000C423D
S31524004A1C0000004300004D43008080430080834304
S31524004A2C00006643000030430000E4420000684264
S31524004A3C000000400000F8C100005CC2000084C2E3
S31524004A4C000096C20000B6C20000CAC20000FAC218
S31524004A5C000025C3000050C3000076C3000088C3A1
S31524004A6C000091C300008FC3000081C3000053C310
S31524004A7C00000CC3000096C20000C0C000002042F7
S31524004A8C0000824200003842000080C0000096C21A
S31524004A9C000026C3008084C30080B1C30000D8C3A1
S31524004AAC0000F4C300C002C400C006C4008003C4C2
S31524004ABC0000FDC30000EEC30080E6C30000E0C383
S31524004ACC0000E2C30000F0C300C002C400C00BC443
S31524004ADC00C012C4008014C4004010C4004001C499
S31524004AEC0080CDC3008089C30000F2C20000F841C7
S31524004AFC00001F430000754300008A4300007243E4
S31524004B0C000034430000A4420000A0C10000DEC211
S31524004B1C00002EC3000043C3000042C300001BC385
S31524004B2C0000C8C200000CC20000884100002042CC
S31524004B3C0000244200005041000030C20000FEC296
S31524004B4C00005DC300009CC30080C2C30080E7C381
S31524004B5C00C000C400C006C4004009C400800CC4B4
S31524004B6C00000EC4000013C400001AC400C027C4DD
S31524004B7C00C038C400C04CC400005EC4000068C425
S31524004B8C00806AC400005CC400003DC400001EC43E
S31524004B9C00C001C40080CBC300809BC3000074C337
S31524004BAC00005BC3000050C3000055C3000058C36B
S31524004BBC000051C300004BC3000035C300000FC3D3
S31524004BCC0000BCC2000014C20000B8410000B04270
S31524004BDC0000034300000F43000005430000BE42BF
S31524004BEC00004842000040C10000A0C20000FAC2E6
S31524004BFC000012C30000FEC20000D0C2000064C232
S31524004C0C0000E0C0000008420000544200002C4280
S31524004C1C00004041000054C2000008C3000065C3D4
S31524004C2C00809EC30080C3C30000E4C30000F8C305
S31524004C3C0080FDC30000F2C30000E2C30000CDC314
S31524004C4C0080B5C3008098C3008084C3000067C36A
S31524004C5C00004FC300002CC3000008C30000AAC2E6
S31524004C6C000090C100005C4200000443000046434F
S31524004C7C000072430000884300808443000068438C
S31524004C8C00001E4300007842000030C2000011C30D
S31524004C9C000066C300008DC3008097C3000089C33F
S31524004CAC000067C3000029C30000CAC2000008C262
S31524004CBC0000B84100004C420000744200008842B7
S31524004CCC0000844200008E4200009E420000BA423C
S31524004CDC0000FC4200001D430000404300006743D3
S31524004CEC00007C4300007843000045430000E84262
S31524004CFC000000410000E2C200006DC30080ABC37B
S31524004D0C0080D0C30080DDC30080CFC30080A8C33D
S31524004D1C000050C3000038C200000A4300809743A9
S31524004D2C0080EA4300C01344000026440080254436
S31524004D3C004016440080FE430000CF430080974376
S31524004D4C0000494300001343000001430000FA42CB
S31524004D5C0000FA42000002430000104300000843FE
S31524004D6C0000D04200007C4200003041000028C2E2
S31524004D7C0000B6C2000004C3000011C30000F6C232
S31524004D8C00009EC2000010C1000090420000134394
S31524004D9C0000474300005C4300004C4300002043C2
S31524004DAC0000CE4200002042000050C1000050C238
S31524004DBC000096C200009CC200008EC2000060C295
S31524004DCC00005CC2000084C20000B6C20000E8C227
S31524004DDC000014C3000035C300004DC3000054C3A7
S31524004DEC000044C3000024C30000ECC2000074C2BB
S31524004DFC0000A040000068420000AC420000C04203
S31524004E0C000086420000E0400000A8C2000035C322
S31524004E1C00008CC30000B9C30080E0C3000000C4AA
S31524004E2C00800AC400800EC400000EC400800BC48B
S31524004E3C00C006C4000004C4000001C4008004C4DD
S31524004E4C008009C400C00EC4004013C400C012C4A0
S31524004E5C00400BC40000F4C30080BDC3000067C32C
S31524004E6C000082C20000CC4200007B430000B04309
S31524004E7C0080C4430080B943008097430000384324
S31524004E8C00006842000084C200002BC300006DC3DE
S31524004E9C008085C3008084C300005AC3000022C34B
S31524004EAC0000D0C2000070C2000008C2000000C27C
S31524004EBC000080C2000001C3000049C300808BC3DC
S31524004ECC0080B1C30000D3C30000EBC30080F2C33F
S31524004EDC0080F5C30000F6C30080F5C30000F8C3B8
S31524004EEC0000FFC300C00AC400C019C400C029C4F2
S31524004EFC00003BC400404CC4004056C4004053C47C
S31524004F0C000040C4008023C4004006C40080D1C3E2
S31524004F1C008097C3000053C3000026C3000013C3AC
S31524004F2C000012C300001BC3000035C300003DC3A0
S31524004F3C000037C300002AC3000015C30000E2C2D8
S31524004F4C000078C200004040000058420000BC42D9
S31524004F5C0000CA420000B84200004C42000080BF48
S31524004F6C000050C20000BCC20000FAC2000003C3F9
S31524004F7C0000D0C2000074C2000000C1000014421C
S31524004F8C00008C4200009C42000078420000304114
S31524004F9C00008AC2000021C3008080C30000B0C375
S31524004FAC0080D9C30000F3C30000FFC30080FAC3FA
S31524004FBC0000EEC30080DBC30000C1C30080A9C37C
S31524004FCC008093C3000086C3000076C300005BC335
S31524004FDC000043C3000017C30000C8C20000F0C180
S31524004FEC000020420000D84200002E4300006143FA
S31524004FFC000078430000734300003B430000E64264
S3152400500C0000C04100009AC200002BC300006DC3EF
S3152400501C008083C3008080C3000059C300001AC3D8
S3152400502C0000A6C2000070C10000244200008C427D
S3152400503C0000AC420000B64200008A420000404206
S3152400504C0000044200001842000064420000A642FC
S3152400505C0000FE42000030430000564300006F431C
S3152400506C00005743000025430000A842000008C254
S3152400507C00001AC300808AC30000B0C30080C8C3D2
S3152400508C0000C8C30080A8C300005FC3000064C22C
S3152400509C0000F64200009C430080F6430080214425
S315240050AC00803A4400004044004032440000174437
S315240050BC0080EA430000A04300003B430000B442B6
S315240050CC00003842000010420000544200009A426C
S315240050DC0000CC420000E4420000E8420000C0423A
S315240050EC00000BC4000010C400400DC400000BC407
S315240050FC00800AC400C003C4004004C400C007C412
S3152400510C00400FC4004017C400401CC4000025C432
S3152400511C00C025C4000022C400C01DC400C00CC499
S3152400512C008000C40080E4C30080CEC30000C2C348
S3152400513C0080B5C30000B4C30080AEC30000B0C366
S3152400514C0080B2C30080ADC300809DC300008FC312
S3152400515C00006DC300002FC30000F6C2000086C2F7
S3152400516C0000C8C1000000C000008040000060C1DF
S3152400517C000054C20000DCC200001BC300003AC36A
S3152400518C000062C3000071C3000071C300005BC33E
S3152400519C00004BC3000033C3000028C3000026C301
S315240051AC000039C3000064C3000092C30080AFC35F
S315240051BC0080CAC30080E5C30000FDC3008003C47D
S315240051CC004003C40080FDC30080F2C30000E0C38A
S315240051DC0000D0C30080BAC30080ABC300809CC33C
S315240051EC00008AC3000075C300005BC3000034C3EF
S315240051FC000005C3000088C2000060C100002C42D8
S3152400520C0000CC42000013430000384300003B430B
S3152400521C000022430000E042000074420000A0C1BA
S3152400522C0000BAC2000018C300003DC3000053C3DB
S3152400523C00005DC3000048C3000031C3000020C336
S3152400524C000014C3000008C3000004C30000E8C215
S3152400525C0000FCC2000002C30000ECC20000D0C255
S3152400526C000094C2000014C20000004100006C42ED
S3152400527C0000D642000008430000134300000743F5
S3152400528C0000A8420000504100009CC200002CC320
S3152400529C00006FC300809CC30080A9C30080A2C3F6
S315240052AC000085C300002FC3000078C20000804292
S315240052BC00003F4300809B430080C2430080D743B9
S315240052CC0080D6430080C8430080BB4300809D43A6
S315240052DC00808443000063430000454300003543AB
S315240052EC00002D4300001E43000002430000DA4256
S315240052FC0000824200002041000084C2000022C328
S3152400530C000064C3008091C30000AAC30000B6C386
S3152400531C0080B2C3008095C300006EC300002AC36C
S3152400532C0000BAC2000040C1000040420000AC425A
S3152400533C0000CE420000BA420000BC420000844267
S3152400534C0000104200000041000088C100004CC23D
S3152400535C0000B0C2000003C300002BC3000052C3DC
S3152400536C00007DC3000090C300009CC30080A1C331
S3152400537C00009AC3000091C3000075C300003BC310
S3152400538C0000F6C2000078C200000000000014429F
S3152400539C000074420000384200008841000024C2F8
S315240053AC0000EEC2000051C3008096C30080BEC329
S315240053BC0080DFC30080F9C300C003C4004005C4C9
S315240053CC008007C4000005C400C007C400C006C47E
S315240053DC00C00FC4008019C4004022C400802FC40E
S315240053EC008033C4000036C400802BC400401BC488
S315240053FC000000C40000C7C3000087C300001AC302
S3152400540C00002CC200001042000086420000A0427C
S3152400541C000074420000A041000080C100008AC232
S3152400542C0000B8C20000E0C2000002C3000000C3A2
S3152400543C000005C3000008C3000018C300002FC3D6
S3152400544C00004BC300007BC30000A0C30000BDC3F7
S3152400545C0080E3C30000FFC300000DC400C016C4C3
S3152400546C00801DC400801DC400C01AC400401CC486
S3152400547C00C01AC400401CC400401FC400C024C46D
S3152400548C00802CC4008031C4004035C4004034C490
S3152400549C00402EC400801FC400C010C4004001C4A8
S315240054AC0000EDC30000D2C30000B9C30000AFC393
S315240054BC0000ADC30000AEC30000A8C30080A2C385
S315240054CC00009BC3000090C3000075C300003BC3BF
S315240054DC0000FAC2000070C2000010C1000028426D
S315240054EC00008242000068420000E041000020C116
S315240054FC000094C2000017C3000056C3000083C3E7
S3152400550C00008BC300008FC3008088C3000086C3B1
S3152400551C000071C300006BC3000067C300007FC387
S3152400552C000089C30000A5C30080BFC30080D7C375
S3152400553C0000EEC30080FAC3004003C40080FFC3FE
S3152400554C0000F6C30080E1C30000CBC30000B8C33F
S3152400555C0080A0C3008089C300006EC3000053C31F
S3152400556C000032C300000CC30000DEC200009EC241
S3152400557C000010C200006041000068420000B842DE
S3152400558C0000DE420000F0420000DE4200008642AB
S3152400559C0000C0C00000A2C200000CC3000053C30C
S315240055AC000086C3000096C3000099C300008EC376
S315240055BC008085C3000071C300004FC3000034C3B0
S315240055CC00001DC3000017C3000012C300000CC347
S315240055DC000008C300000AC30000D6C2000092C211
S315240055EC0000E8C100003041000068420000C242BD
S315240055FC0000FC420000F6420000BA420000C04102
S3152400560C00004CC2000020C3008082C30080A9C3C2
S3152400561C0080C4C30000C5C30080BBC3000096C36E
S3152400562C000036C3000040C20000B24200005943B9
S3152400563C0080AD430080DD430000EC430080E24350
S3152400564C0080D3430080C04300809B430000564314
S3152400565C00002543000009430000EC420000A84248
S3152400566C00008442000044420000D041000000C1E6
S3152400567C000064C20000E6C2000028C300005FC319
S3152400568C008084C300008AC3008088C3000078C3CA
S3152400569C000048C3000011C30000A2C20000D0C100
S315240056AC0000404100000C42000024420000D84176
S315240056BC000080400000D0C100002CC200008EC225
S315240056CC0000C2C20000FCC2000013C300002EC39B
S315240056DC000052C300007EC300808EC300009FC30B
S315240056EC0000ACC30000B9C30080B7C30080ABC3B1
S315240056FC00009AC300007CC3000038C30000DCC23F
S3152400570C00005CC2000050C10000704100007041D2
S3152400571C0000A0C0000078C200000DC3000064C3C2
S3152400572C0000A2C30080CFC30080FCC300C00BC4FE
S3152400573C000017C400401AC400C01BC4004017C480
S3152400574C004013C4008014C4004014C4000016C4C2
S3152400575C00001CC4008021C4000027C400C027C438
S3152400576C00801DC400C010C40080F5C30080C4C3CF
S3152400577C008085C300001FC3000068C2000040419E
S3152400578C00001C420000204200006041000008C2B8
S3152400579C0000A4C20000EAC200001DC3000045C3D9
S315240057AC000052C3000054C3000050C300005DC364
S315240057BC000062C3000061C300007BC300808EC35B
S315240057CC0000ABC30000C2C30000DAC30080F2C3DE
S315240057DC000006C400000BC400000CC400400DC419
S315240057EC00000FC400400DC400400DC4000011C4B9
S315240057FC00001AC400C022C400402FC400403DC47B
S3152400580C00004AC400C054C4000056C4004049C415
S3152400581C000038C4000025C4004014C40000FBC397
S3152400582C0000D3C30000BBC30000A6C300009DC365
S3152400583C008096C3000098C3000098C3000094C34C
S3152400584C000094C300808BC3000074C3000040C3C3
S3152400585C000003C30000BAC2000060C2000030C2BC
S3152400586C000014C2000074C20000ACC2000006C3BF
S3152400587C000032C3000052C3000067C3000071C38A
S3152400588C000064C3000054C3000042C300002EC3AE
S3152400589C000019C3000014C3000029C3000058C318
S315240058AC000080C300809AC30000B5C30080CFC318
S315240058BC0000DFC30000EBC30080EEC30000F4C37A
S315240058CC0080ECC30000E1C30080D4C30000CCC329
S315240058DC0000C6C30000B6C30080A5C3008093C3D2
S315240058EC008083C3000054C3000018C300009CC26C
S315240058FC000040C1000028420000D04200000543AD
S3152400590C000011430000F2420000AA420000B041FC
S3152400591C000086C200001BC3000061C300808AC33A
S3152400592C00009AC300009FC3000096C3008086C360
S3152400593C00006CC3000052C300003EC3000021C308
S3152400594C00001EC300001FC3000028C3000031C37F
S3152400595C000028C3000030C3000024C30000FAC290
S3152400596C0000C4C200005CC20000E0C1000060C19B
S3152400597C00006041000010C1000028C20000DAC2F9
S3152400598C000032C3000070C300008EC30080A2C383
S3152400599C00809DC300808EC3000051C30000F0C25A
S315240059AC000040C00000E442000071430080A6437E
S315240059BC0080C1430000CD430000C6430080B5439C
S315240059CC00009D430000764300003C430000164330
S315240059DC0000FC420000DC420000BE420000A6424D
S315240059EC0000884200003C4200005041000004C2E2
S315240059FC0000C6C2000018C3000042C3000066C3E0
S31524005A0C000075C300006CC3000053C300002BC3F5
S31524005A1C0000E8C2000098C20000C8C10000404142
S31524005A2C0000704100000040000088C1000008C23C
S31524005A3C000080C20000C2C20000E6C2000006C3F9
S31524005A4C000019C300002BC3000042C3000058C336
S31524005A5C000073C300808EC30080A1C30000ADC3B5
S31524005A6C0000BCC30080C4C30080C4C30080B8C378
S31524005A7C0000AAC3008092C3000073C300003BC37A
S31524005A8C00000FC30000E2C20000CEC20000F8C220
S31524005A9C00001AC3000051C3000093C30000B7C30F
S31524005AAC0000DCC30000FAC300C007C400000EC407
S31524005ABC00C00BC4000009C4008002C4008001C4C9
S31524005ACC0000FEC30080FEC300C004C400000DC445
S31524005ADC004016C400001DC4004021C400801DC40F
S31524005AEC004013C40080FEC30080CDC300009DC3B8
S31524005AFC00003CC30000CAC20000F8C100002041CB
S31524005B0C0000E0C00000C0C000004CC20000C8C2A7
S31524005B1C000015C300003DC3000041C3000055C35B
S31524005B2C00004FC300003FC300002EC3000021C356
S31524005B3C000028C3000033C3000044C3000072C312
S31524005B4C000094C30000B5C30080D0C30000EBC38F
S31524005B5C00C001C400C00DC400000FC400C013C48F
S31524005B6C004018C400001DC4000023C4008028C4AF
S31524005B7C008035C4000042C400C04FC400005BC47E
S31524005B8C004060C4004062C4000053C400003AC400
S31524005B9C000028C400C018C4008004C40000DDC35F
S31524005BAC0000BEC30080B4C30080AAC30000AAC3ED
S31524005BBC0080A2C300009CC300809DC3000099C32F
S31524005BCC008089C3000057C3000022C30000E4C22E
S31524005BDC000060C20000B0C1000000C1000020C15A
S31524005BEC0000C0C1000064C20000CEC2000020C365
S31524005BFC000047C300005BC3000057C300005AC310
S31524005C0C00004BC3000038C3000021C3000017C397
S31524005C1C00001EC3000032C3000067C300808BC380
S31524005C2C0000ABC30000C5C30000DEC30080F5C36F
S31524005C3C00C002C4004006C400C003C40080FCC3D8
S31524005C4C0000F3C30080DFC30000CEC30000B6C33C
S31524005C5C0080A5C300008FC300006BC300003BC3A8
S31524005C6C000003C300008EC2000080C00000544212
S31524005C7C0000D2420000004300001A4300001343E4
S31524005C8C0000EE42000058420000C8C10000E2C2E7
S31524005C9C000043C3008080C300009CC30000A7C33C
S31524005CAC00809FC3000092C3008086C3000065C396
S31524005CBC00003EC3000017C3000009C30000F0C255
S31524005CCC0000DEC20000C4C20000CCC20000C4C264
S31524005CDC0000AAC2000090C2000020C20000F0C13D
S31524005CEC0000E0400000E8410000C84100002041CB
S31524005CFC000014C20000C4C2000036C3000087C3CF
S31524005D0C0080ADC30080C8C30000D5C30000D1C336
S31524005D1C0000B6C3000088C300001BC3000070C17A
S31524005D2C0000CA42000072430000B0430000D34373
S31524005D3C0080D9430000CF430000C5430080B04304
S31524005D4C00008E430000544300002E4300001C43E5
S31524005D5C000003430000DC420000BA420000A242C9
S31524005D6C00006C42000080400000C8C10000BAC28A
S31524005D7C000003C300002FC300004BC300004EC316
S31524005D8C000046C3000027C3000007C30000CAC294
S31524005D9C000078C2000014C2000098C10000E0C1C3
S31524005DAC000024C200006CC20000AEC20000D4C2A3
S31524005DBC0000FEC200000BC300000DC300000FC37D
S31524005DCC000013C300001FC3000036C3000051C3D8
S31524005DDC000068C3008083C3000096C30000A3C3DD
S31524005DEC0000A3C300809FC3008092C3008084C399
S31524005DFC000057C3000023C30000E0C2000094C275
S31524005E0C00005CC2000068C20000A0C2000006C3E9
S31524005E1C00004EC300008EC30000B5C30000DFC3D0
S31524005E2C0080FFC300400CC4000012C4000014C43C
S31524005E3C004014C4008011C400800EC400000FC49A
S31524005E4C000011C4008016C400401CC4000020C4E9
S31524005E5C000020C400001AC400000DC40000F0C3C6
S31524005E6C0080B8C300007EC3000007C3000088C1AD
S31524005E7C000080420000D4420000CC420000AE4216
S31524005E8C000004420000D8C10000C2C200001FC397
S31524005E9C00004FC3000069C3000077C300006CC325
S31524005EAC000068C3000061C3000069C300005DC321
S31524005EBC00006FC3000084C300809CC30000B3C3DE
S31524005ECC0000C9C30080E5C30000FDC3000005C45F
S31524005EDC000007C4008009C400C008C400800BC499
S31524005EEC00C009C400800FC4004018C4000024C498
S31524005EFC00002DC400C039C400C044C400804CC466
S31524005F0C000047C4000036C4000023C400C011C4DA
S31524005F1C004002C40000D8C30000B6C30000A1C3CD
S31524005F2C008096C3000093C300808DC3000095C3E4
S31524005F3C000094C300808EC3000091C3000080C36C
S31524005F4C00005BC300001DC30000D2C2000092C235
S31524005F5C000014C2000020C2000028C200007CC22B
S31524005F6C0000C6C200000AC3000032C300004BC3A3
S31524005F7C00005AC300004DC300003CC3000024C3D8
S31524005F8C000016C3000008C30000FEC2000004C3B0
S31524005F9C00002BC3000067C3008095C30080B1C3E7
S31524005FAC0080D2C30000EDC3000000C4008004C4EA
S31524005FBC00C005C400C004C40000FCC30080EBC3AD
S31524005FCC0080D7C30000C4C30000B5C30000A2C31D
S31524005FDC00008CC300006CC3000040C300000FC338
S31524005FEC0000B0C20000E0C10000D0410000A04275
S31524005FFC0000E442000000430000DE4200008A4216
S3152400600C00002041000054C200000CC3000055C3FC
S3152400601C000086C300808FC3008090C3008085C394
S3152400602C00006DC3000048C300001BC30000F6C269
S3152400603C0000CCC20000B8C20000A4C20000C2C238
S3152400604C0000D2C20000E2C20000DAC20000C2C2C2
S3152400605C0000AAC200007CC20000C0C10000803F20
S3152400606C00006041000080BF000080C1000064C2B3
S3152400607C0000FCC200004DC3000092C30080A9C3DB
S3152400608C0000C1C30080BEC30000AAC3000079C3AC
S3152400609C00000EC3000070C10000074300008A43B1
S315240060AC0000C9430000F643000001440080F84375
S315240060BC0000DC430080C343008098430000564311
S315240060CC000013430000D4420000A44200008E4278
S315240060DC00007C4200004C4200001C42000090410F
S315240060EC0000E8C1000038C20000E0C1000000C076
S315240060FC00003C420000DC4200002A4300005F43BF
S3152400610C00006D4300005F430000444300001C4321
S3152400611C0000D84200005442000008420000884186
S3152400612C00001842000078420000D84200000D43BB
S3152400613C00001C4300000A430000D64200006042C3
S3152400614C0000803F000088C20000EEC2000019C384
S3152400615C000026C3000020C3000008C30000B0C200
S3152400616C000020C20000404000001C4200003042C7
S3152400617C000004420000B8C10000B4C200002BC3C6
S3152400618C008081C30000ADC30080D4C30000E8C3E3
S3152400619C0080F4C30000F3C30080ECC30000DBC30F
S315240061AC0080C7C30080B6C30000B1C30000B0C3CF
S315240061BC0080BCC30080CCC30080E2C30080F0C343
S315240061CC0000F5C30080E7C30080C9C300809CC3CC
S315240061DC00003FC300007CC200006442000006435A
S315240061EC00003B430000454300001F430000B84217
S315240061FC0000B84100005CC20000D8C200000BC3EA
S3152400620C000028C3000010C30000FCC20000C8C252
S3152400621C000098C2000082C2000068C20000B0C20E
S3152400622C0000DAC2000014C300003BC3000069C39B
S3152400623C008084C300808EC3000091C3000091C3E8
S3152400624C00808EC300008BC300007CC3000084C373
S3152400625C008095C30000B4C30000D3C30080FDC3E3
S3152400626C008015C4008028C4008035C400003CC4BA
S3152400627C000036C4000023C4004007C40080D9C3E0
S3152400628C0000BDC30000A5C300008FC3008089C3D2
S3152400629C008098C30080ACC30000B9C30080BDC382
S315240062AC0000BEC30000B8C30000A9C3008087C386
S315240062BC000036C30000D6C20000F0C100005041D5
S315240062CC0000484200003C420000A0410000C0C02F
S315240062DC000040C20000A2C20000D6C20000DEC2EA
S315240062EC0000AAC200004CC2000080BF000050422D
S315240062FC0000C0420000F0420000EA420000A64220
S3152400630C000018420000A8C10000BAC2000027C32E
S3152400631C00005AC3008080C3008088C300008AC34F
S3152400632C000084C3000072C300005AC300004EC38D
S3152400633C00004FC3000053C300005DC3000070C3AC
S3152400634C00006FC300005CC300003EC300001DC3E5
S3152400635C0000DCC2000038C2000080BF00004042AE
S3152400636C000003C3000024C2000020420000804227
S3152400637C0000884200008E4200000C420000D8C166
S3152400638C0000C4C2000011C300002DC3000043C387
S3152400639C000057C3000049C300001CC30000F0C210
S315240063AC0000D2C20000D8C20000C2C20000E4C25F
S315240063BC000026C300005DC3008081C3008095C302
S315240063CC0080A6C30000AFC30080A9C3000097C3F6
S315240063DC008085C3000071C300004DC300002EC38A
S315240063EC00001CC3000035C3000042C3000051C387
S315240063FC00006BC3008084C3008090C3000088C354
S3152400640C000077C3000058C3000032C3000007C342
S3152400641C0000AAC2000092C20000A8C20000CCC28E
S3152400642C0000F0C200000CC300002EC3000040C3C1
S3152400643C000039C300002DC300001EC3000000C396
S3152400644C0000A8C2000020C2000040C10000C040C9
S3152400645C000020410000A8410000B8410000E040A3
S3152400646C000080410000C041000050420000BA42A6
S3152400647C0000EE4200001D430000464300004E433C
S3152400648C000052430000334300000C4300008842B2
S3152400649C000040C10000BCC200000FC3000027C38B
S315240064AC000044C300002AC30000C2C2000000003E
S315240064BC0000E0420000404300809A430000C5439C
S315240064CC0000E2430080D0430000AD430000894322
S315240064DC000045430000AE42000080400000B0C1DD
S315240064EC00000000000050410000E041000038424A
S315240064FC0000A44200009A4200006442000040417D
S3152400650C0000E0C10000CEC2000030C300006DC301
S3152400651C008086C300808FC300008CC300006CC32C
S3152400652C000023C30000BAC2000024C2000098C194
S3152400653C0000C8410000B8410000C0400000E0C182
S3152400654C000068C2000074C2000098C200009CC2FD
S3152400655C00002CC2000088C1000088410000E041E4
S3152400656C0000F8410000084200004041000088C1A8
S3152400657C000020C2000050C2000028C2000044C201
S3152400658C0000A8C10000C041000086420000C6429B
S3152400659C0000EC42000001430000E6420000804269
S315240065AC0000A0C00000AAC2000027C3008087C335
S315240065BC0080B2C30080D1C30000E6C30080F5C3BB
S315240065CC0080FDC30000F5C30080E3C30000E0C3D4
S315240065DC0000DAC30080DCC30000E7C30000F2C36A
S315240065EC004007C4004013C400C01BC400001EC4D2
S315240065FC004019C400000EC40000EDC30000B3C350
S3152400660C000074C3000005C3000030C20000E8413A
S3152400661C00002442000028420000C0C0000038C2FA
S3152400662C0000C0C200001BC3000030C3000028C3F6
S3152400663C000017C3000011C30000F2C20000A0C260
S3152400664C000096C200009EC20000E6C200000FC3E2
S3152400665C000032C3000079C300809BC30080B4C3FE
S3152400666C0080BDC30080C8C30000D7C30080CEC33E
S3152400667C0080BAC30000AEC30000A5C30000A9C3A2
S3152400668C0000A8C30080B9C30080D5C30000F5C39D
S3152400669C008006C400C00BC400800FC4008012C442
S315240066AC008005C40080EEC30000D8C30080CCC390
S315240066BC0000C8C30080B9C30000C0C30080CBC38C
S315240066CC0080DAC30080DEC30000D7C30000D2C327
S315240066DC0080C1C30080A5C3000079C3000028C371
S315240066EC0000DCC20000E8C10000804000008841A4
S315240066FC000030C100005CC20000CCC2000024C3E0
S3152400670C00005BC300007EC3000087C3000072C375
S3152400671C00005BC300002FC30000E4C2000086C245
S3152400672C000010C2000018C2000048C20000B4C207
S3152400673C000012C300004CC3000082C3008091C326
S3152400674C00809AC300009BC300808FC300007CC3C7
S3152400675C000058C3000047C3000035C300002AC3F9
S3152400676C000033C3000052C3000076C3000089C363
S3152400677C00008FC300008EC3008086C3000075C33F
S3152400678C000041C3000012C30000CEC2000096C212
S3152400679C000086C2000080C20000BEC2000003C3F3
S315240067AC000022C300003EC300004DC3000059C3A1
S315240067BC000044C300001DC30000EEC200009EC2AC
S315240067CC00000CC2000040C00000C84100008041FB
S315240067DC000050410000A040000000000000E0C072
S315240067EC000010C100009041000070420000C44219
S315240067FC000014430000364300005A4300005E4355
S3152400680C00004643000012430000AE420000B8418B
S3152400681C000070C20000EEC2000025C300001DC398
S3152400682C000000C3000098C20000C0410000FA42D8
S3152400683C00006C430000A3430000C1430080D343F3
S3152400684C0000C04300009643000059430000064351
S3152400685C00006442000000C1000088C1000040C052
S3152400686C00000442000054420000804200008A4288
S3152400687C00009E4200001842000010C100009CC279
S3152400688C000006C300004CC300008AC3000093C357
S3152400689C00808FC3000073C3000036C30000F0C20F
S315240068AC000004C20000904100003442000048421B
S315240068BC0000304200000C42000088C100004CC28B
S315240068CC00008CC2000060C200002CC20000C8C1AB
S315240068DC0000C040000034420000644200002842FC
S315240068EC00007041000040C0000098C1000054C252
S315240068FC000088C200008AC2000028C2000060C1C1
S3152400690C0000B8410000A8420000FC4200001B43D2
S3152400691C000012430000F04200009242000050C1D5
S3152400692C0000E0C2000063C3008099C30000C5C305
S3152400693C0000ECC30080FDC3004004C4004002C424
S3152400694C0000FEC30000F3C30080E1C30000DEC3D5
S3152400695C0080DDC30080ECC30000FAC3000008C429
S3152400696C00C012C400401AC4000015C400400DC453
S3152400697C0000F0C30000C9C3008086C3000017C3FF
S3152400698C00005CC200009041000028420000304206
S3152400699C00008041000008C20000CCC2000016C3CF
S315240069AC000028C3000025C300001CC30000E6C257
S315240069BC0000A0C2000028C20000F8C10000D0C10B
S315240069CC000028C20000A6C200000CC3000051C35C
S315240069DC000087C300809AC30000BDC30080CFC3C8
S315240069EC0080D4C30080D0C30080CCC30080C1C334
S315240069FC0000B7C30080B3C30080BEC30000D4C359
S31524006A0C0000F2C3004004C400C010C400401DC4DE
S31524006A1C00C022C400401DC400800CC4004000C425
S31524006A2C0080E4C30080C5C30000B4C30080A5C3A2
S31524006A3C0000ADC30080B8C30080C2C30080CDC3A0
S31524006A4C0080D1C30000CEC30080C1C30080AAC37A
S31524006A5C000095C3000057C300000CC300009AC263
S31524006A6C00002CC2000008C20000F8C100008AC233
S31524006A7C0000ECC2000031C3000068C3000072C3DE
S31524006A8C000086C300007CC3000053C300001DC352
S31524006A9C0000C2C2000064C20000D0C1000000C0C5
S31524006AAC0000B8C100004CC20000D4C200001BC3B5
S31524006ABC00004FC3000071C3008086C300808AC3C4
S31524006ACC008080C3000068C300004DC300002EC3A1
S31524006ADC00001CC300001BC300002CC300004BC3C6
S31524006AEC000074C3000086C3000090C3008096C3C4
S31524006AFC00008DC3000081C3000059C300002FC3BE
S31524006B0C000004C30000BEC20000B0C20000BEC216
S31524006B1C0000D4C2000011C3000033C3000061C3BB
S31524006B2C000079C300007CC300006FC3000051C36E
S31524006B3C00003BC300000DC30000B0C200005CC2C1
S31524006B4C0000F0C1000008C20000D0C10000D0C172
S31524006B5C0000C8C10000E8C10000B0C10000D84143
S31524006B6C000078420000F04200002C4300005843F9
S31524006B7C0000814300808243000079430000514386
S31524006B8C0000164300007042000080C10000D8C2E9
S31524006B9C00001FC3000040C3000046C300001CC3F2
S31524006BAC00009AC20000E0400000EC42000043437F
S31524006BBC008099430000B1430080BD430080AB4361
S31524006BCC00008C430000614300001A430000B442C9
S31524006BDC000058420000444200009A420000AA4297
S31524006BEC0000E4420000FA420000E4420000BA42EB
S31524006BFC00003042000040C10000B6C2000028C389
S31524006C0C000065C3008088C3000090C300808DC338
S31524006C1C000082C3000037C30000E4C2000020C277
S31524006C2C0000A040000008420000704200005042C0
S31524006C3C00000C4200004041000000C0000040C18E
S31524006C4C0000B0C1000080BF000098410000104233
S31524006C5C0000F0410000C0400000C0C0000008C283
S31524006C6C000086C20000BEC20000E0C20000C6C2FC
S31524006C7C0000AEC2000078C2000000C100005442DD
S31524006C8C0000DE420000154300002343000022438B
S31524006C9C0000E2420000104200003CC200001AC36D
S31524006CAC000072C30080B3C30080D9C30000F5C3AF
S31524006CBC00C007C400800DC400400EC400C008C424
S31524006CCC000002C40000FCC30000FBC30000FCC38C
S31524006CDC000000C4000006C400800EC4000014C4C6
S31524006CEC000012C400400AC40080F9C30080CEC33D
S31524006CFC00009DC3000035C30000A4C2000080BF61
S31524006D0C0000344200008C4200002C42000020C1BA
S31524006D1C000074C20000C6C200000AC300000EC3E1
S31524006D2C000013C30000D8C20000C2C2000086C2F1
S31524006D3C000030C200001CC20000E8C100009CC246
S31524006D4C0000E8C200001FC3000065C300808CC38A
S31524006D5C0080ADC30000BCC30000C9C30000D6C369
S31524006D6C0000D0C30080CEC30080C5C30080C2C33C
S31524006D7C0000CAC30000D1C30080E4C30000FCC3D6
S31524006D8C00C00EC400C01AC4000020C4008022C453
S31524006D9C00801CC400C011C4000000C40080DDC3E4
S31524006DAC0080CBC30000C0C30000BFC30000BDC31A
S31524006DBC0000CEC30000E0C30080E1C30080DAC328
S31524006DCC0000D4C30080C7C30080B3C300008FC3A4
S31524006DDC000052C3000010C30000B2C2000040C21F
S31524006DEC000014C200002CC20000A6C2000000C37E
S31524006DFC000028C3000049C300005BC3000059C32C
S31524006E0C000047C3000028C30000E8C200008CC25F
S31524006E1C0000D8C10000A0C0000040C00000A8C1DA
S31524006E2C000060C20000C4C2000017C3000049C39E
S31524006E3C00005FC300006AC300006CC300005CC37F
S31524006E4C000044C3000033C300001DC3000022C34A
S31524006E5C000032C300004DC3000063C300007FC38F
S31524006E6C00808BC300808DC3008086C3000074C34E
S31524006E7C00004CC300001BC30000CAC200006CC235
S31524006E8C000008C200000CC2000058C20000A2C2B6
S31524006E9C000006C3000036C3000054C300006FC3B1
S31524006EAC000073C300006FC3000048C3000019C35D
S31524006EBC0000EEC200008CC2000018C20000A8C15B
S31524006ECC000080BF000020C10000A0C0000040C00C
S31524006EDC0000E0400000C04100006C420000D64295
S31524006EEC000028430000504300007C4300808C4360
S31524006EFC00008B4300007C43000037430000E8422B
S31524006F0C000050410000AAC2000035C3000075C31E
S31524006F1C008085C300006EC300004CC30000C2C2AF
S31524006F2C000080BF0000E04200005543000091435E
S31524006F3C0000B3430000C0430000B3430000954354
S31524006F4C0000594300003E430000E0420000A442E6
S31524006F5C000068420000B2420000DE420000E84213
S31524006F6C0000EA420000D242000096420000F8419A
S31524006F7C000014C20000BEC200002CC300005DC376
S31524006F8C008083C3000081C3000063C3000028C3B0
S31524006F9C0000E0C2000098C1000030420000BA4252
S31524006FAC0000DE420000DE420000DE420000BE424B
S31524006FBC000084420000444200000C42000024429B
S31524006FCC00003C4200004042000050420000304287
S31524006FDC00009841000020C100002CC2000094C27D
S31524006FEC0000BCC20000D6C20000C4C2000096C277
S31524006FFC000014C20000D04100009E42000003434E
S3152400700C0000244300001B43000008430000A84250
S3152400701C000020410000AEC2000032C3008088C3A9
S3152400702C0000B4C30000D4C30080EDC30080FBC3AE
S3152400703C0080FEC30000F7C30000F2C30080EBC33C
S3152400704C0000E6C30000ECC30080FAC3004003C46E
S3152400705C00C00FC400C015C400801BC400C018C4D3
S3152400706C00800CC40080ECC30000B2C3000070C3C3
S3152400707C0000E2C20000C0C0000086420000CA42E2
S3152400708C0000B0420000824200000000000054C2FE
S3152400709C0000BCC20000FCC20000E6C20000EEC226
S315240070AC0000B0C2000082C2000028C20000E8C161
S315240070BC00005CC200007CC20000CEC2000020C3CB
S315240070CC000057C300008AC300009DC30080B0C3D0
S315240070DC0080BBC30080BBC30080BBC30080ADC390
S315240070EC000088410000A0C00000E0C000000000A1
S315240070FC0000B841000060420000B2420000FA428F
S3152400710C000010430000174300000B430000F0421C
S3152400711C0000C6420000904200005842000058422B
S3152400712C000074420000AE420000E04200000B4313
S3152400713C00000F43000001430000B6420000384211
S3152400714C000020C100008CC20000F4C200001EC343
S3152400715C000031C300002BC300001DC30000E8C28D
S3152400716C000090C200000CC20000803F00001041B9
S3152400717C0000803F0000E8C10000B8C2000016C31E
S3152400718C00006DC3000099C30080BDC30080D6C324
S3152400719C0080E6C30080ECC30000EBC30000E6C30A
S315240071AC0080DCC30000D3C30080D4C30080D1C3C9
S315240071BC0000D8C30080E4C30000F4C30000FFC35E
S315240071CC000001C40000FBC30000E3C30000C2C3DB
S315240071DC000093C3000034C3000080C200000842A0
S315240071EC0000C04200000E4300000F430000DE42A4
S315240071FC0000884200007041000008C2000078C2DA
S3152400720C0000B0C20000AAC200009CC200006CC2DE
S3152400721C00005CC2000034C2000040C2000078C2E8
S3152400722C0000CAC20000FAC200002AC300005AC3D6
S3152400723C000083C3008091C300009CC30080A8C3B4
S3152400724C0000A9C30000B0C30000AEC30080B0C3C5
S3152400725C0000C1C30000D6C30000F5C3000009C456
S3152400726C00401CC400C029C400C034C4000039C466
S3152400727C00003BC400C02DC400C01AC40080FFC348
S3152400728C0080E0C30080CCC30080BCC30080ADC3A7
S3152400729C0080AEC30000B8C30080BAC30080B8C354
S315240072AC0000B0C30080A6C3008097C3008083C3AC
S315240072BC000040C3000001C300006CC20000E0C003
S315240072CC0000F041000030420000D841000060412B
S315240072DC000070C1000008C2000070C200007CC20D
S315240072EC000040C20000A0C10000704100005842BA
S315240072FC0000AC420000C4420000C042000082429E
S3152400730C00000042000070C1000096C20000FCC2BE
S3152400731C00003CC3000068C3000087C3008091C3EF
S3152400732C000097C3008098C300009AC300809CC3B6
S3152400733C0080A1C30000A2C30000A1C30000A0C307
S3152400734C008099C300808CC3000071C3000036C32F
S3152400735C000000C300004CC20000404100006442FF
S3152400736C0000FCC2000038C2000010420000984203
S3152400737C0000B6420000C8420000B442000030426D
S3152400738C000080C1000074C20000AAC20000D2C250
S3152400739C0000E8C20000E8C20000BCC2000082C2A1
S315240073AC000074C2000084C2000090C20000ACC26B
S315240073BC000003C300003BC300006AC300808BC3D8
S315240073CC0000A4C30080B2C30000BBC30080B2C3B8
S315240073DC0000ABC300009FC3008093C3008080C30E
S315240073EC000066C3000060C300005FC300005EC3D8
S315240073FC000065C300006CC300007CC3000066C398
S3152400740C00004AC300001FC30000F6C20000ACC231
S3152400741C000028C2000080C1000098C10000A8C149
S3152400742C000008C2000034C2000086C20000ACC2B0
S3152400743C0000B2C20000ACC200009CC2000084C290
S3152400744C000008C2000000000000B84100001842E9
S3152400745C0000204200001C42000030420000D041B3
S3152400746C0000F04100004442000088420000C8425B
S3152400747C000009430000274300005C4300007443CA
S3152400748C00008243000081430000604300002B432C
S3152400749C0000B64200004040000088C20000E6C24C
S315240074AC00001CC300002AC3000006C3000092C2BD
S315240074BC0000B0410000CA4200004B43000099432F
S315240074CC0000C2430000D2430080C9430000B343EA
S315240074DC00809A43000070430000294300000443B3
S315240074EC00000A4300000B430000144300001B4316
S315240074FC0000204300001F4300000C430000E84218
S3152400750C0000A2420000B841000044C20000EEC2B2
S3152400751C000032C3000063C3000083C3000087C38A
S3152400752C000075C3000049C3000018C30000F2C252
S3152400753C0000AEC2000058C2000050C200004CC26B
S3152400754C00004CC20000F8C10000A0C10000B0C16C
S3152400755C000010410000B84100002C4200005842A3
S3152400756C00003C42000044420000F8410000803FE9
S3152400757C000080C10000D8C1000050C1000030C1F9
S3152400758C0000604100004C420000BC420000F44262
S3152400759C0000134300001F43000013430000EE4277
S315240075AC00004C42000070C10000C0C2000031C370
S315240075BC008082C30080A1C30000B7C30000C8C3E7
S315240075CC0000D7C30000DCC30080DAC30080DAC312
S315240075DC0000E0C30080E8C30080F3C300C001C4EC
S315240075EC00000BC4004016C400001FC4008025C430
S315240075FC004024C400C01DC400000BC40080E1C399
S3152400760C0080ABC300006CC300000AC300004CC24C
S3152400761C000080C00000B8410000B041000080404A
S3152400762C000020C1000034C2000084C2000090C2B5
S3152400763C000050C2000034C2000020C2000050C119
S3152400764C000040C0000020C100001CC200008EC2F5
S3152400765C0000DAC2000027C300006BC3008094C369
S3152400766C0080A9C30000B7C30000D1C30080DAC3CD
S3152400767C0080D7C30080D4C30000D5C30000D5C373
S3152400768C0080D6C30080DCC30000EEC30080FEC39A
S3152400769C004006C4008008C400C008C4000009C405
S315240076AC004003C40000E8C30080D7C30000CCC349
S315240076BC0080C8C30080C1C30000BDC30080C7C3FB
S315240076CC0080CEC30080D3C30080CDC30080BEC34C
S315240076DC0080ACC300808DC300005EC3000016C3BB
S315240076EC0000C0C2000008C2000080410000F8411E
S315240076FC0000E041000040C0000008C20000A6C201
S3152400770C000002C3000027C3000033C3000028C3B3
S3152400771C000013C30000F0C20000ACC200004CC22F
S3152400772C0000C0C100001CC200003CC200009CC268
S3152400773C0000F8C2000034C3000065C3008085C372
S3152400774C000096C30080A0C30000A2C3000099C306
S3152400775C00808CC3000084C3000076C3000067C37A
S3152400776C000062C300006EC3008080C3008086C301
S3152400777C000087C3000083C300006BC3000052C300
S3152400778C000024C30000D8C200009AC2000024C200
S3152400779C0000C8C1000000C10000A8C1000040C2FE
S315240077AC000094C20000C6C20000DEC20000F2C271
S315240077BC0000E8C20000ACC2000082C2000004C271
S315240077CC000030C1000080410000F8410000E8416F
S315240077DC0000904100006041000080400000804081
S315240077EC000000C00000D841000054420000CA42E8
S315240077FC00000D430000484300006243008081438F
S3152400780C000072430000554300001D430000BC4297
S3152400781C0000704100005CC20000E0C200000DC3F1
S3152400782C000006C30000E2C2000054C200001C4241
S3152400783C0000044300006A4300809A430080BF433F
S3152400784C0000C9430080B2430000994300007843EA
S3152400785C00004943000015430000FC420000F64298
S3152400786C00000D4300001843000018430000194380
S3152400787C00001243000005430000AA4200000C42FB
S3152400788C0000B8C10000A4C200001CC3000059C3E8
S3152400789C000077C300007CC3000065C3000042C30C
S315240078AC000010C30000AEC200005CC20000D8C1A8
S315240078BC000098C10000A0C0000040C0000090C188
S315240078CC000098C10000E0C0000098410000F0417F
S315240078DC0000504200008E4200009A420000804272
S315240078EC0000044200007041000000000000A8C102
S315240078FC00000CC20000E8C10000E0C0000070418A
S3152400790C000044420000BC420000104300002F43F8
S3152400791C00003443000021430000F0420000604282
S3152400792C000000C20000F6C200004CC300008BC34A
S3152400793C0000B0C30000CCC30080D8C30000E7C34A
S3152400794C0000E8C30080F0C30080EDC30080EDC3C3
S3152400795C0080F3C30080FFC300C008C400800FC49A
S3152400796C00C018C4000021C4004020C4008019C4DF
S3152400797C00400CC40000ECC30080BCC300007AC3D6
S3152400798C000016C3000070C2000040C00000D041A5
S3152400799C000018420000B0410000E0C000002CC2D8
S315240079AC000074C2000084C2000058C2000018C231
S315240079BC0000E0C00000A8410000E0410000D841CE
S315240079CC0000A041000070C100006CC20000F4C28B
S315240079DC000040C3000071C3008098C30080B7C365
S315240079EC0000C9C30080D2C30000DAC30080DFC301
S315240079FC0000E0C30000E4C30080ECC30000FCC319
S31524007A0C000008C4000010C400C017C400401DC4E4
S31524007A1C00C021C400001FC4008012C4008005C409
S31524007A2C0080EFC30080D7C30000C4C30080B4C356
S31524007A3C0080B0C30080B7C30080B7C30000C3C3A3
S31524007A4C0080C0C30000B8C30000A7C300808DC348
S31524007A5C000067C300003AC30000E8C200006CC2F1
S31524007A6C0000D0C1000000C1000000C00000A8C165
S31524007A7C00006CC20000D6C200001BC3000035C334
S31524007A8C000043C300003FC3000021C30000F0C222
S31524007A9C00008EC2000028C20000A0C1000000C154
S31524007AAC000030C1000020C2000090C20000F2C2C7
S31524007ABC000021C300004DC300006FC3000087C320
S31524007ACC008084C3000087C3000079C300006CC304
S31524007ADC000057C3000048C3000050C300005AC31B
S31524007AEC000075C3000085C3000088C300808BC3C7
S31524007AFC000079C3000060C300003EC3000013C31A
S31524007B0C0000E2C2000088C2000044C2000028C261
S31524007B1C000044C2000084C20000C4C2000007C393
S31524007B2C000024C300002AC3000022C300000DC396
S31524007B3C0000E6C20000BCC200006CC20000F8C102
S31524007B4C000080C10000E0C0000060C1000040C1FC
S31524007B5C0000B8C1000070C1000050C10000A04153
S31524007B6C000082420000D8420000294300005A43F8
S31524007B7C00808A43000093430080984300008B4383
S31524007B8C0000664300001F4300008A42000060C1C7
S31524007B9C0000C2C200000CC300002EC300002AC37E
S31524007BAC0000F6C200008AC20000C8410000D2427E
S31524007BBC0000454300008C430000A2430000AF4361
S31524007BCC00009D4300809143008080430000534372
S31524007BDC00003A4300002C4300003C43000044437D
S31524007BEC00004F4300005B4300004D4300003F431D
S31524007BFC000019430000D64200001442000010C2B3
S31524007C0C0000D2C2000027C3000058C3000071C371
S31524007C1C000084C3000073C3000047C3000020C3C4
S31524007C2C0000E0C2000098C2000024C2000088C1F3
S31524007C3C000070C1000010C1000040410000B0419A
S31524007C4C0000044200004042000088420000A84282
S31524007C5C00009C4200003C42000098410000E0C019
S31524007C6C000040C200009CC20000BEC20000A6C296
S31524007C7C000090C2000040C20000A0C00000544284
S31524007C8C0000E4420000224300003D4300003D4333
S31524007C9C000022430000C4420000C841000078C200
S31524007CAC000014C3000068C30000A1C30000BEC3B7
S31524007CBC0000DCC30000F3C3008000C400C003C46E
S31524007CCC00C003C4000004C4008008C400800BC494
S31524007CDC000012C4000018C400801FC400C023C4B2
S31524007CEC00C022C400801AC400800FC40080F6C3CE
S31524007CFC0080C6C300808DC3000020C300008CC244
S31524007D0C0000E0400000404200008A420000444249
S31524007D1C0000A04100000000000008C200001CC2A4
S31524007D2C000034C20000D8C1000000C10000E0C02D
S31524007D3C0000A0410000704100009841000020C1C1
S31524007D4C00005CC20000B8C200001CC3000056C36D
S31524007D5C008090C30000A8C30080BDC30080CFC39D
S31524007D6C0000D8C30080E0C30080E3C30080EDC3C9
S31524007D7C0000F7C3000002C4000008C400000FC4AE
S31524007D8C00001AC4000021C4008027C4008024C427
S31524007D9C004023C4004019C4008009C40080F4C3E5
S31524007DAC0080DBC30000CFC30000CAC30000C6C3D7
S31524007DBC0080CBC30080D4C30000D9C30080CEC3BB
S31524007DCC0000BFC30000B0C3008097C300007AC371
S31524007DDC000039C3000001C300008EC2000018C283
S31524007DEC000080C10000C8C1000034C20000A8C233
S31524007DFC0000F0C200000FC300002DC3000024C3F2
S31524007E0C000015C30000F4C20000B6C2000068C20C
S31524007E1C0000B8C10000A0C0000080BF000098C1BB
S31524007E2C000048C20000B2C2000005C3000035C3DE
S31524007E3C00005DC3000070C300007EC3000084C331
S31524007E4C000080C3000077C300006FC3000068C322
S31524007E5C00006CC300007BC3000086C3008089C36A
S31524007E6C000094C3000092C3000089C3000071C3B0
S31524007E7C000047C3000016C30000BAC2000024C287
S31524007E8C000050C100008040000000000000A0C18A
S31524007E9C000054C20000CCC20000FCC2000019C36E
S31524007EAC000024C3000024C3000019C30000ECC244
S31524007EBC0000B8C2000088C2000000C20000E0C165
S31524007ECC000050C1000088C10000A8C10000A0C158
S31524007EDC000030C100004040000018420000A242BD
S31524007EEC00000743000040430000704300808E438B
S31524007EFC000097430080904300007E4300003543E6
S31524007F0C0000CC42000000400000C2C200002BC37B
S31524007F1C000063C3000068C3000066C300002EC3C0
S31524007F2C0000B8C2000060C10000BE420000294314
S31524007F3C0000834300809C430080AB430000A44391
S31524007F4C000092430000844300006E4300004B4320
S31524007F5C00003E43000044430000554300005743B1
S31524007F6C00004D4300003843000025430000E64240
S31524007F7C000084420000804000007CC20000F4C251
S31524007F8C000032C3000051C300005BC300004EC383
S31524007F9C000033C3000010C30000A6C2000044C274
S31524007FAC0000A0C00000E04000000442000028426B
S31524007FBC0000584200005C42000090420000A64299
S31524007FCC0000CE420000D4420000D4420000B84245
S31524007FDC00006842000070410000C0C1000082C24B
S31524007FEC0000B6C20000D6C20000CEC20000A2C257
S31524007FFC00003CC200002041000086420000F442EE
S3152400800C00002B4300002C43000022430000F442C2
S3152400801C000060420000B0C10000DCC2000043C373
S3152400802C008089C30080AAC30080C4C30080D6C341
S3152400803C0000E5C30000E5C30080EAC30080F0C35A
S3152400804C0000F6C30080FFC3004008C4004010C4DF
S3152400805C00401AC4000023C4008027C4008028C40E
S3152400806C00001FC400C00EC40080EAC30080AFC346
S3152400807C00006BC30000DAC2000090C100003C4231
S3152400808C0000964200009A420000784200006041AB
S3152400809C000040C0000004C20000E0C10000E0C1A2
S315240080AC000090C1000020410000504100000C4209
S315240080BC00007041000000000000E8C10000A2C2CC
S315240080CC000002C300004BC3000079C3008096C392
S315240080DC0000B0C30080B9C30080C8C30000C9C364
S315240080EC0000BEC2000034C3000072C3000083C368
S315240080FC00007FC3000048C3000007C300008AC2E7
S3152400810C000070C10000A041000008420000A041FC
S3152400811C000050C1000088C20000F0C2000024C335
S3152400812C00003BC300003EC300002AC3000007C363
S3152400813C00009EC200000CC20000E0C0000040C13A
S3152400814C00001CC20000A8C200001AC3000060C3B1
S3152400815C008093C30080ADC30080B4C30000B3C3B6
S3152400816C0080A1C3008085C3000057C3000018C338
S3152400817C0000D6C20000A8C20000B4C20000FEC291
S3152400818C000034C300007AC30080A1C30000C6C318
S3152400819C0000DFC30000F1C30000F3C30080E7C373
S315240081AC0080D8C30000C6C30000B3C30080A8C394
S315240081BC0000A8C30000B3C30000CAC30080E8C3F0
S315240081CC008003C400400DC4000011C400000AC47E
S315240081DC0080F2C30000C5C3000089C3000021C37C
S315240081EC000078C20000803F0000804100007041EE
S315240081FC000038C20000D0C2000029C3000071C39D
S3152400820C000086C300008AC3008081C3000056C3C5
S3152400821C000033C3000008C30000DEC20000CAC23B
S3152400822C0000EAC2000034C3000071C30080A2C35C
S3152400823C0000C5C30080E7C30000F8C30000FFC3D9
S3152400824C0080F6C30000E0C30080C9C30080ACC321
S3152400825C000099C3000092C30000A0C30080BEC3D3
S3152400826C0080DFC3008005C4000019C400C028C4E4
S3152400827C00C031C4004032C4004029C4004014C498
S3152400828C0080EDC30080BBC300009DC3000091C3D6
S3152400829C008088C3008091C30080A8C30000CDC38E
S315240082AC0080E6C30080F6C30080F3C30080DAC3E3
S315240082BC0080C0C3008099C300005AC3000005C3C4
S315240082CC00008AC20000F0C10000B0C100005CC2EC
S315240082DC0000CCC200001BC300004CC300007CC3AE
S315240082EC00808CC300808BC300007EC300004FC368
S315240082FC000019C30000CEC2000082C200003CC29A
S3152400830C000080C20000DAC200002BC3000075C333
S3152400831C00009EC30000BCC30000CDC30080D0C3A4
S3152400832C0080C6C30000B4C300009DC3008089C36B
S3152400833C00007EC3000075C3000080C3000088C300
S3152400834C00008FC300009BC300809BC3008093C393
S3152400835C008087C3000060C3000022C30000CCC287
S3152400836C000018C2000050410000184200000042D0
S3152400837C000000C100009AC20000E8410000004140
S3152400838C000010C20000C6C2000024C300005FC354
S3152400839C00007BC3000086C3000088C3000080C392
S315240083AC000062C3000041C3000033C3000035C380
S315240083BC00004AC300006DC3008096C30080B8C376
S315240083CC0000D5C30080EAC30080F4C30080F0C348
S315240083DC0080DFC30000C3C30080A3C300808EC308
S315240083EC000078C300005EC3000051C3000052C3D2
S315240083FC000067C300006FC300007CC3000085C364
S3152400840C000084C3000076C3000049C3000015C3D2
S3152400841C0000BAC2000034C2000000C100000041B2
S3152400842C000050C1000048C20000B0C2000006C3C0
S3152400843C000035C3000059C300006BC300005AC3A7
S3152400844C00003FC300000EC30000B4C200003CC2AF
S3152400845C000098C10000A0C1000010C200006CC22C
S3152400846C0000BAC2000005C3000016C3000018C3DE
S3152400847C000003C30000D4C200008CC20000F8C163
S3152400848C0000C04000001C420000144200000442BC
S3152400849C000000C0000058C20000FCC200004DC3FE
S315240084AC000080C300008DC3000091C300007DC36F
S315240084BC00003BC30000A6C20000A0410000E44219
S315240084CC000042430080844300009343008084438D
S315240084DC00004D4300000643000088420000304152
S315240084EC000004C2000098C100009041000086429E
S315240084FC0000DC4200000E43000019430000084330
S3152400850C0000B8420000704100009AC2000036C335
S3152400851C00808AC30000A5C30000B5C30080B1C384
S3152400852C0080A1C3000087C3000050C300000FC302
S3152400853C0000DAC20000BCC20000B4C20000E0C2D3
S3152400854C000017C3000047C300005FC300006DC3BF
S3152400855C00006DC3000053C3000032C30000F2C2F6
S3152400856C00008EC2000028C2000070C10000A0C109
S3152400857C000030C20000C4C2000018C3000039C376
S3152400858C000050C3000051C3000040C3000017C3B1
S3152400859C0000BAC200001CC2000040400000004289
S315240085AC0000D84100000000000044C20000ECC2C8
S315240085BC00003BC3000086C30080A8C30080C2C34E
S315240085CC0080CDC30000D2C30080CEC30080BDC3BF
S315240085DC0080AEC30080A1C30080A0C30080ABC3BF
S315240085EC0000C1C30080DDC30000FFC300C010C45B
S315240085FC00C01AC400C01CC400C019C400400BC45B
S3152400860C0080E9C30080B0C300007BC3000025C3EF
S3152400861C0000BCC2000070C200005CC200009EC2F6
S3152400862C000002C3000024C3000054C3000069C325
S3152400863C000079C3000061C3000036C300001BC3CD
S3152400864C0000E8C20000B0C20000A8C20000DAC2D2
S3152400865C00002FC300006DC300809CC30080C3C3DD
S3152400866C0000E5C30000FCC30080FDC30080F7C3F3
S3152400867C0080F0C30080D8C30080BFC30080A5C38C
S3152400868C00009CC300809FC30000AAC30000C0C383
S3152400869C0000DEC30000F8C300C006C4004009C4B1
S315240086AC004006C40080FEC30080DFC30080BAC32A
S315240086BC008097C300808BC3008083C3008080C353
S315240086CC00808FC30080A1C30080BEC30000D5C325
S315240086DC0080E0C30080DEC30080C8C30080A8C32A
S315240086EC000077C3000023C30000B6C2000008C2F2
S315240086FC000010C1000040C100004CC20000C4C2DE
S3152400870C000022C3000061C3000089C300809FC3FC
S3152400871C0000A1C3008099C3008089C300006AC3EA
S3152400872C000041C3000015C300000EC300001DC386
S3152400873C000046C300007DC30080A3C30000C0C351
S3152400874C0000D9C30000E0C30000DCC30000CEC384
S3152400875C0000B5C3008097C300007DC3000060C32E
S3152400876C00004EC3000045C3000051C3000068C37B
S3152400877C008082C300008FC3000092C3008087C38D
S3152400878C000078C3000045C300000CC3000092C24D
S3152400879C0000B8C1000080BF000070410000A0C0DA
S315240087AC000048C20000D2C2000025C3000051C3F9
S315240087BC00007CC3000082C300006FC3000040C3CA
S315240087CC000005C30000A8C2000030C20000B0C1DE
S315240087DC0000A0C1000024C20000B0C2000000C3E7
S315240087EC00002CC3000043C300004BC3000039C354
S315240087FC000017C30000D8C2000054C2000060C198
S3152400880C0000F04100003C4200000C42000040C134
S3152400881C000074C200000AC300004AC3000086C3C9
S3152400882C008095C300808BC300006FC3000028C34F
S3152400883C000088C20000084200000B430000544389
S3152400884C000085430080854300006D4300001D43D2
S3152400885C000098420000B0410000F0C1000014C290
S3152400886C0000E0C10000B841000090420000FA422A
S3152400887C00000D4300000E430000E84200006C4249
S3152400888C0000F8C100000BC300006DC30000A0C398
S3152400889C0000B8C30080BFC30080B1C3000090C3DE
S315240088AC000062C3000023C30000DEC2000090C295
S315240088BC000078C2000098C20000E0C200001FC36A
S315240088CC00004DC3000071C3008080C300006FC339
S315240088DC00004DC300001BC30000C6C200005CC2CE
S315240088EC000098C1000090C1000028C20000A0C25C
S315240088FC000005C300003AC3000063C3000073C321
S3152400890C000069C3000048C3000017C30000AEC2B0
S3152400891C0000D0C10000B041000010420000C84144
S3152400892C000060C1000090C2000020C3000076C382
S3152400893C0000A0C30000C0C30000D5C30000E0C3E0
S3152400894C0080DCC30080D2C30000C6C30080B0C341
S3152400895C0000A9C30080A7C30080B6C30080D0C37F
S3152400896C0000F5C300400AC400C018C400C020C4CB
S3152400897C00401EC400C011C40080FCC30080C9C3BF
S3152400898C00808FC300003CC30000D8C2000088C2FC
S3152400899C000060C20000A0C20000DEC2000026C394
S315240089AC000059C3008080C3008080C3000074C3B8
S315240089BC00004AC300001AC30000CEC200007CC2C9
S315240089CC000064C200008CC20000F0C200003FC349
S315240089DC00008CC30080B7C30080DCC30000F3C343
S315240089EC000003C400C003C40080FFC30080E7C397
S315240089FC0080CEC30080B9C30080A9C30080AEC357
S31524008A0C0000BAC30080D9C30080F7C300000BC48E
S31524008A1C008016C400401DC400801DC4004013C42D
S31524008A2C0000FDC30000D7C30080B0C3000094C36C
S31524008A3C00007FC3000076C3008084C300009AC361
S31524008A4C0080B4C30000CAC30000DCC30080DFC3AB
S31524008A5C0000D2C30000B7C300808FC3000050C3EC
S31524008A6C0000F6C2000070C2000014C2000014C23A
S31524008A7C000088C20000F2C200002DC3000076C399
S31524008A8C008094C30000A6C30080ACC30000A1C31D
S31524008A9C000091C300006EC3000040C3000021C334
S31524008AAC00000EC3000010C300002FC3000067C3D0
S31524008ABC008095C30000B4C30000CAC30000D4C30D
S31524008ACC0000D4C30080C7C30000ACC3008091C38C
S31524008ADC000078C3000052C3000042C3000044C304
S31524008AEC000057C3000079C300008EC300809AC3CC
S31524008AFC0000A1C300809AC3008090C300006AC3FF
S31524008B0C000034C30000F4C2000070C20000D8C1B7
S31524008B1C000030C10000D0C1000086C20000E4C2AF
S31524008B2C000032C300006BC300808AC3008091C34B
S31524008B3C008087C300006CC3000038C3000000C348
S31524008B4C0000AEC2000054C2000082C20000B0C2B3
S31524008B5C0000EAC2000020C300003AC300005DC333
S31524008B6C00005BC3000041C3000023C30000D0C235
S31524008B7C000054C20000E04000002442000074426D
S31524008B8C000050420000F0410000A0C10000C0C209
S31524008B9C00002BC3000079C300008EC3000096C3CB
S31524008BAC00008FC3000065C3000013C300004CC231
S31524008BBC000010420000FA420000364300005943DC
S31524008BCC00005643000029430000EE420000744284
S31524008BDC0000C84100000000000080C000001442C0
S31524008BEC0000A8420000FC4200002C43000036433F
S31524008BFC000027430000E84200003842000048C227
S31524008C0C00001EC300007FC30000A3C30080B1C3B1
S31524008C1C0080AEC30000A1C3008085C3000056C3E8
S31524008C2C000016C30000E2C20000B4C20000ACC2AD
S31524008C3C0000CAC2000006C3000028C300004AC3B1
S31524008C4C000058C300005AC300004EC3000027C3BB
S31524008C5C0000F2C2000090C2000054C200004CC2B4
S31524008C6C000078C20000AEC2000006C3000041C357
S31524008C7C00006BC300007DC300007DC3000068C3E5
S31524008C8C000039C30000FCC2000068C2000020C1E9
S31524008C9C0000D04100000442000000C000004CC279
S31524008CAC0000FEC2000048C300808AC30080B2C301
S31524008CBC0080CBC30080DEC30000E4C30080E2C383
S31524008CCC0000DCC30080CDC30000C1C30000BBC3BD
S31524008CDC0000C1C30000D3C30000E7C3004002C494
S31524008CEC004011C4000019C4008019C4000012C429
S31524008CFC008001C40080D6C30000A1C300005BC35E
S31524008D0C0000FEC2000080C200002CC2000014C267
S31524008D1C0000A4C2000006C300002CC3000050C3EC
S31524008D2C00005AC300005AC300003BC3000018C3FA
S31524008D3C0000E0C200008CC200007CC2000078C295
S31524008D4C0000BAC2000020C300005FC300809AC38F
S31524008D5C0080BEC30000E5C30080FCC300C002C46F
S31524008D6C000002C40000F3C30000E4C30000C8C31F
S31524008D7C0080B9C30000B4C30000BCC30000D4C334
S31524008D8C0000E9C3004004C4000013C400801BC4C3
S31524008D9C000020C400C019C4008011C40080FFC385
S31524008DAC0000D5C30080B0C3000099C3000091C352
S31524008DBC008094C300009AC30080B0C30000CAC3C9
S31524008DCC0000DCC30080E3C30000E2C30000D3C36D
S31524008DDC0080B5C300808AC3000045C30000F4C2DA
S31524008DEC00009EC2000054C2000058C20000BEC23D
S31524008DFC000014C300004AC3000077C3000090C3CC
S31524008E0C00009EC3008099C300808EC3008081C35A
S31524008E1C00005DC3000035C300001FC3000011C34E
S31524008E2C00001EC3000046C300007CC3000099C387
S31524008E3C0000B1C30000C5C30000CAC30000C0C3F0
S31524008E4C0080B1C3008098C3008084C3000068C32B
S31524008E5C000056C3000052C3000061C3000073C354
S31524008E6C008085C300008FC3000099C3008099C37A
S31524008E7C008089C3000070C3000037C30000F0C211
S31524008E8C00005CC2000030C100006041000040407C
S31524008E9C0000A0C1000092C2000007C300003DC31D
S31524008EAC000076C3000088C3008089C3000083C3F6
S31524008EBC000050C3000020C30000E6C20000A6C276
S31524008ECC000090C200009AC20000D8C200000FC352
S31524008EDC000036C3000058C3000059C300005AC30F
S31524008EEC000039C3000002C300009EC20000B0C1BA
S31524008EFC0000D0410000684200009E4200006C42F3
S31524008F0C00004041000068C2000012C3000067C381
S31524008F1C008096C30080AEC30000ACC300809EC301
S31524008F2C000074C300001AC300005CC20000304267
S31524008F3C0000E44200002943000040430000414362
S31524008F4C00001E430000C44200004C420000804135
S31524008F5C0000504100001041000018420000B842A5
S31524008F6C000007430000294300002A430000114354
S31524008F7C0000C042000080400000B0C2000043C381
S31524008F8C00008FC30000AAC30000B5C30080ADC384
S31524008F9C000091C3000061C3000021C30000D6C2A7
S31524008FAC000094C200004CC2000088C20000A2C279
S31524008FBC0000E8C2000014C300002AC300003AC310
S31524008FCC000030C300001CC30000EEC20000A2C285
S31524008FDC000058C2000014C2000030C2000084C233
S31524008FEC0000DCC2000022C3000059C300007FC36A
S31524008FFC00008AC3000086C3000067C3000034C384
S3152400900C0000EAC2000050C2000070C10000E0401B
S3152400901C000080C0000014C20000C4C2000027C394
S3152400902C00006DC300009CC30080B7C30080CBC373
S3152400903C0000D5C30000D4C30000CEC30000BFC3B8
S3152400904C0000B6C30000B3C30000B4C30080C5C37C
S3152400905C0000DBC30000FEC300C00FC400401BC4C9
S3152400906C00C022C400801FC4000014C40080FBC3AB
S3152400907C0000C6C300808EC3000035C30000CAC2DC
S3152400908C000044C2000068C2000080C20000EAC28C
S3152400909C000025C3000051C300006CC3000069C343
S315240090AC000056C300002FC30000FCC20000C0C23F
S315240090BC000040C2000070C20000A0C2000009C318
S315240090CC00004DC300008DC30000B9C30000DDC3EE
S315240090DC0000F8C300C002C40000FFC30080F2C322
S315240090EC00001DC300005BC3000072C3000053C301
S315240090FC000015C300005CC200002C420000F8429C
S3152400910C0000254300003143000023430000FA42AB
S3152400911C000060420000C0C10000AAC20000FCC2CC
S3152400912C000012C3000006C30000C4C20000E8C13C
S3152400913C000080410000444200003C420000C04133
S3152400914C0000B0C10000CAC200003BC3000084C3A7
S3152400915C00809AC30080A3C300809DC3000087C3EC
S3152400916C00004CC3000005C300007CC20000A8C14B
S3152400917C000030C1000004C20000BEC2000035C38A
S3152400918C000091C30000C6C30080F8C300400EC47F
S3152400919C000017C4008018C4004012C400C006C4C2
S315240091AC0080EDC30080D1C30080BEC30000B9C3C8
S315240091BC0000C0C30080D8C30000FAC300800FC4CB
S315240091CC00401CC400801EC4000013C40080FBC3D2
S315240091DC0000C0C300005EC3000096C200007442A7
S315240091EC0000004300002643000012430000804286
S315240091FC0000B8C1000006C3000069C300808EC3FA
S3152400920C0000A7C30080A4C300808DC3000073C3D1
S3152400921C00003FC300000BC30000E4C20000E0C200
S3152400922C000020C3000056C3000091C30000BBC33A
S3152400923C0000DFC30000F3C30080FAC30080F0C330
S3152400924C0080DCC30080C6C30000A3C300008DC30A
S3152400925C00808AC30000A7C30000CCC30000FFC350
S3152400926C00401DC400C037C400C04EC4008059C47D
S3152400927C00805DC400804FC400C031C400400BC4C0
S3152400928C0000D8C30080B6C3008096C3000083C3F5
S3152400929C00008AC30080A9C30080CEC30080EDC31E
S315240092AC00C003C400C006C400C000C40000DDC353
S315240092BC0000A1C300004BC30000C6C20000C0C1FD
S315240092CC000090410000F041000050C10000A0C2F3
S315240092DC00000BC3000046C3008081C300008EC36C
S315240092EC00808EC3000079C3000037C30000E0C29F
S315240092FC000010C20000B041000054420000144289
S3152400930C000050C10000ACC2000032C300808EC3E2
S3152400931C0000B9C30000D5C30000E1C30000D7C3C5
S3152400932C0080C7C30080A9C3000091C300007AC380
S3152400933C000071C300006DC3000078C3000087C30E
S3152400934C008096C300809AC3000095C300008AC38C
S3152400935C00006BC3000033C30000C8C2000014C253
S3152400936C000010410000F0410000004100000CC236
S3152400937C0000FAC200005FC3000014420000F8C1CA
S3152400938C0000EEC2000054C3000084C3008093C3C3
S3152400939C0000A2C30000A3C3008091C3000070C3C5
S315240093AC000041C3000033C3000020C300001FC3C8
S315240093BC00004AC300008DC30080B1C30080D2C311
S315240093CC0080EBC30080F9C30000F9C30000DBC3A3
S315240093DC0080B4C3000095C3000077C300003EC3CD
S315240093EC000022C300001DC3000040C3000058C364
S315240093FC000073C300808FC30080A6C30000ACC3D7
S3152400940C0000A3C300008CC3000066C3000029C35C
S3152400941C0000C8C2000068C2000034C2000070C23A
S3152400942C0000B6C20000F8C200002FC3000061C3BE
S3152400943C000080C3008087C3000082C3000065C37C
S3152400944C00002DC30000C6C2000028C2000000C1C3
S3152400945C0000C0C0000000C1000080C1000040C252
S3152400946C0000A0C20000C0C20000AEC2000060C250
S3152400947C0000D0C100007041000068420000D042B8
S3152400948C0000EE420000F0420000BC4200001C42E8
S3152400949C000020C2000001C300005DC3000087C386
S315240094AC00809AC300809AC3000079C300000EC3BF
S315240094BC000060C10000F442000071430080B343F5
S315240094CC0080DF430080E4430000C24300008D4348
S315240094DC000038430000904200003CC20000CEC27B
S315240094EC0000C6C2000084C20000E0C10000604136
S315240094FC000086420000D6420000DA420000964262
S3152400950C000000400000B8C2000060C30000AFC3D6
S3152400951C0000CFC30080D9C30000D4C30080B7C3D6
S3152400952C00808BC300002AC30000B2C200003CC2D8
S3152400953C0000C0C00000C040000030C1000064C25E
S3152400954C0000F6C200001CC300003CC3000058C334
S3152400955C00004AC300002DC30000E8C2000078C2F4
S3152400956C000000C2000080BF00001041000070C142
S3152400957C00008EC20000EAC200000DC300001EC308
S3152400958C000019C30000F8C2000082C2000030C1DA
S3152400959C0000184200008E420000B44200008C42A7
S315240095AC0000004100009EC2000033C300808BC320
S315240095BC0000C2C30080EAC3004002C4008008C471
S315240095CC00000DC400400AC40080FAC30000E4C3A2
S315240095DC0000D7C30000D4C30080D9C30000E9C35C
S315240095EC00C003C400C018C400002CC400C033C47B
S315240095FC000035C400802EC400C019C40080F0C3FA
S3152400960C0000A5C300004CC30000B4C2000080C0F7
S3152400961C0000384200003442000080C0000094C28E
S3152400962C00000AC300005DC300808EC3008098C36B
S3152400963C00808EC3000076C3000056C300001AC3F4
S3152400964C0000E4C20000B6C20000F2C2000031C31E
S3152400965C00006AC30000A1C30080CDC30080F5C3FB
S3152400966C00C007C4008006C4000009C4004005C419
S3152400967C0000E6C30080C1C30080A9C300809FC339
S3152400968C0000A5C30000ADC30080D1C30080F9C37C
S3152400969C00C00FC400801BC4004022C4000025C493
S315240096AC008020C400400CC40000EDC30000D1C3CC
S315240096BC0080BFC30080B0C30000A9C30000B5C39B
S315240096CC0000CEC30000EBC30080F9C3004001C4E4
S315240096DC004001C40000ECC30000BBC300007DC3E2
S315240096EC00001CC3000086C2000040C00000E841F4
S315240096FC0000000000006CC2000001C3000054C32B
S3152400970C00808CC30000AFC30080C1C30000BDC35E
S3152400971C0000ADC3000097C3000073C3000027C329
S3152400972C0000D8C20000B0C20000C0C2000008C3AA
S3152400973C00004AC3000092C30080BBC30000DBC3F5
S3152400974C0080E8C30080E3C30080D1C30080AFC38C
S3152400975C00008DC3000060C3000044C300002EC368
S3152400976C00002AC300004BC3000074C3008090C3BE
S3152400977C0080A1C30080ABC30000B0C30000A6C305
S3152400978C00808AC300004CC3000005C30000A0C29D
S3152400979C000038C20000B0C1000038C20000B6C2B6
S315240097AC00001DC3000054C3000083C3000099C3EA
S315240097BC00809EC3000090C3000063C300001DC339
S315240097CC0000C6C2000014C2000000000000804144
S315240097DC000030C1000014C200008AC20000E4C29A
S315240097EC000009C300000CC30000D8C2000078C2D4
S315240097FC000080C100003C420000C2420000074326
S3152400980C00000F430000D84200006442000070C1DF
S3152400981C0000D6C200004AC300008BC300009BC3C1
S3152400982C00808DC300005EC30000FCC200002041F2
S3152400983C0000154300808D430000B8430080D243BA
S3152400984C0080D1430000AA43000056430000DC42AA
S3152400985C00005041000094C20000DCC20000D6C2B5
S3152400986C00005CC2000080C0000028420000BA42FE
S3152400987C0000DA420000D04200004442000048C2F4
S3152400988C000023C300008AC30000C3C30000E1C345
S3152400989C0000E2C30000C7C3000096C3000050C3F7
S315240098AC0000D0C20000E0C10000B8410000144200
S315240098BC0000F84100008040000054C20000F2C2AF
S315240098CC000033C3000047C3000045C300002FC368
S315240098DC000005C300009AC20000C0C100008841E4
S315240098EC00000041000080BF0000F8C10000A6C2A1
S315240098FC000012C300003AC300003CC3000029C375
S3152400990C000003C3000082C20000804100009E4276
S3152400991C0000DA420000D24200008A420000404095
S3152400992C0000C8C2000056C30000A4C30000D5C35F
S3152400993C0000FFC300C00EC4004013C4000011C4B1
S3152400994C000009C40000FEC30000E7C30000D4C312
S3152400995C0000CDC30000D9C30080F3C3000009C4A2
S3152400996C00001DC400002DC4004033C400402BC489
S3152400997C00801BC4008001C40000BEC300006EC35B
S3152400998C0000C8C2000088C100001C420000284206
S3152400999C0000604100003CC2000004C3000060C308
S315240099AC008088C3000093C3000094C3000080C3C6
S315240099BC000042C30000F0C2000098C2000054C24A
S315240099CC000064C20000B0C2000023C3000086C39A
S315240099DC0080B7C30000DFC30080FEC300C00CC4E4
S315240099EC000010C4000007C40080F6C30000DBC3CB
S315240099FC0000BEC30080ADC30080AFC30000C4C347
S31524009A0C0080ECC3000006C4008018C4004029C49E
S31524009A1C008035C400C037C400C02AC400C017C493
S31524009A2C000003C40080D7C30000B2C3000098C34F
S31524009A3C000090C30080A0C30000B4C30080CDC333
S31524009A4C0000E7C30080FBC3008000C40080F1C380
S31524009A5C0000D1C30000A0C300004FC30000D4C231
S31524009A6C000024C2000070C10000A0C1000084C202
S31524009A7C000007C3000055C3000094C30080ABC389
S31524009A8C0000B9C30000C0C30000ACC3008091C35E
S31524009A9C000055C3000019C30000D2C2000074C2D2
S31524009AAC000050C20000B6C2000018C300006CC3EC
S31524009ABC00809DC30000BCC30000CFC30000D3C3E9
S31524009ACC0000C0C30000A2C3000083C3000054C31B
S31524009ADC00002CC3000018C300001FC3000041C3A0
S31524009AEC000072C3000090C30000A2C30080B0C360
S31524009AFC0080B6C30000AEC3008095C300007AC3B1
S31524009B0C000030C30000D8C2000078C2000054C242
S31524009B1C000080C20000C4C2000020C3000065C33C
S31524009B2C000091C30080A7C30000A9C30000A0C3F2
S31524009B3C00008FC3000060C3000019C30000B8C224
S31524009B4C000060C2000028C2000050C2000084C27B
S31524009B5C0000C2C20000F6C2000010C3000005C3F8
S31524009B6C0000BCC2000048C20000804000009442A1
S31524009B7C0000034300002E4300003243000021431F
S31524009B8C0000E24200002442000080C2000026C3EA
S31524009B9C000082C3008099C30080A6C3000096C32C
S31524009BAC00005DC30000C8C20000B041000015438C
S31524009BBC00007C430000AA430080BF430000B2434C
S31524009BCC00808E43000041430000E442000008421A
S31524009BDC0000C8C100002CC2000040C10000E041B6
S31524009BEC00008C420000EC4200001143000010439C
S31524009BFC0000CC4200000C42000098C2000041C375
S31524009C0C0080A2C30000CCC30000DCC30000D6C372
S31524009C1C0000C0C3000093C3000041C30000B8C2B7
S31524009C2C0000E0C10000C040000008420000C04112
S31524009C3C000080C0000074C20000D0C2000000C323
S31524009C4C00001AC300001BC3000008C30000C2C2D4
S31524009C5C000086C2000058C2000050C200002CC26C
S31524009C6C00008CC20000E8C200002EC3000050C3C2
S31524009C7C00005AC300004FC3000025C30000CCC209
S31524009C8C0000A8C100004C420000B2420000E4428D
S31524009C9C0000B8420000044200005CC2000024C349
S31524009CAC000086C30000C0C30080F1C300000AC4B0
S31524009CBC000018C400801CC400001BC4000014C47B
S31524009CCC008006C40080FCC30000F1C30080EFC3EF
S31524009CDC0000FCC3008004C4004014C4000023C448
S31524009CEC000028C400002AC400401CC4008007C4F9
S31524009CFC0000D7C300008FC3000013C300004CC25E
S31524009D0C0000E04100006842000040420000A8C167
S31524009D1C0000BEC2000024C300006BC3000083C332
S31524009D2C008089C300007CC3000059C3000027C3EC
S31524009D3C0000EAC20000AAC2000080C20000B4C21D
S31524009D4C00001BC300005CC300809AC30080C8C3F8
S31524009D5C0000F3C300C008C400C00DC400800DC4A9
S31524009D6C004008C40080FAC30080DAC30080CBC349
S31524009D7C0000C0C30000CCC30080E3C30000FBC3B7
S31524009D8C008016C400C029C4000036C400403BC45D
S31524009D9C004037C400402EC4004019C40080FEC3C2
S31524009DAC0080D9C30000C0C30000B8C30000B5C3EB
S31524009DBC0000BCC30000DAC30000F1C30080FBC35F
S31524009DCC004003C4000005C4004001C40080DCC369
S31524009DDC0000A0C3000054C30000F0C2000074C2EB
S31524009DEC000028C2000040C20000D0C2000038C3C4
S31524009DFC000072C300808FC30000A6C30000B2C348
S31524009E0C0080ABC300809AC3000082C300004CC3FD
S31524009E1C000015C30000CAC2000090C20000AAC2EA
S31524009E2C0000F4C2000036C3000083C30080A1C323
S31524009E3C0080BEC30000C6C30000BCC30080AEC3F2
S31524009E4C000091C300006DC300004DC3000034C351
S31524009E5C00003FC3000059C3000071C300808CC3AB
S31524009E6C00009FC30080AFC30080B2C30000ACC304
S31524009E7C00809CC300007BC3000031C30000C2C217
S31524009E8C000034C20000D0C10000F8C1000080C21A
S31524009E9C0000ECC2000038C300007DC3000099C347
S31524009EAC0000A9C30000B1C30000A3C3008081C372
S31524009EBC00004CC3000006C30000B2C2000074C2EA
S31524009ECC000038C2000078C20000AAC20000D2C228
S31524009EDC000003C3000002C3000000C30000A4C298
S31524009EEC0000C0C1000010420000CC420000154303
S31524009EFC0000414300003A430000154300009A42F7
S31524009F0C000098C1000012C3008081C30080B4C332
S31524009F1C0080CDC30000C7C30000B4C3000082C3B5
S31524009F2C0000F8C2000030410000154300007843BD
S31524009F3C0080A1430000B2430080AF4300808343DA
S31524009F4C000031430000AA420000E8410000E8C1A9
S31524009F5C000064C20000C8C10000C0410000924247
S31524009F6C0000CC420000E4420000E442000084429B
S31524009F7C000070C10000F2C200007AC30080B3C393
S31524009F8C0000D9C30080E3C30080CCC30080A1C3E6
S31524009F9C00005FC30000F2C20000D8C10000F841E3
S31524009FAC00008A4200008242000054420000C04154
S31524009FBC000098C1000088C20000CCC20000EAC28E
S31524009FCC0000E6C20000D6C20000A4C2000078C27B
S31524009FDC00003CC2000048C200008EC20000C4C26D
S31524009FEC000010C3000042C3000069C300006FC305
S31524009FFC00004FC3000017C30000A8C2000060C1B4
S3152400A00C000054420000AA420000A242000044422E
S3152400A01C000070C10000D8C2000051C300009FC3C9
S3152400A02C0080CFC30080F7C3008009C4004010C44D
S3152400A03C000011C400000CC400C002C40000F9C303
S3152400A04C0080EDC30000E9C30080F7C3008005C47B
S3152400A05C00C015C4000029C4008033C4008039C450
S3152400A06C004032C400001DC4000001C40000B7C364
S3152400A07C00005AC30000B4C2000090410000804284
S3152400A08C00007C420000244200001CC20000EAC2EC
S3152400A09C000043C3000079C3000085C3008085C338
S3152400A0AC00006FC300003FC300000BC30000B0C206
S3152400A0BC0000A8C20000C0C200000EC3000057C393
S3152400A0CC008094C30000C9C30000EBC3004005C440
S3152400A0DC00000CC400000CC4004003C40000F0C3F0
S3152400A0EC0000824200008041000004C20000A8C285
S3152400A0FC0000E4C20000E8C200009EC2000080C139
S3152400A10C000084420000174300005B430080814317
S3152400A11C000084430000654300002E430000D8420F
S3152400A12C00003C42000000400000E8C1000010C2C0
S3152400A13C000090C1000000000000304100004041A6
S3152400A14C000000400000A0C1000080C20000E4C250
S3152400A15C000022C3000045C3000051C3000057C3AE
S3152400A16C00003AC300000BC300009CC2000098C137
S3152400A17C0000F8410000744200006842000060416F
S3152400A18C000064C200001AC3008080C30000B4C35C
S3152400A19C0000E4C300C003C400000EC400C012C4F3
S3152400A1AC00800FC4000007C40000F8C30080E1C37C
S3152400A1BC0080CBC30000C2C30000C5C30000D1C3BA
S3152400A1CC0080E4C30000F3C30080FCC30000F2C388
S3152400A1DC0080D9C30080A9C300004AC300003CC236
S3152400A1EC0000E842000072430080A5430000B543FA
S3152400A1FC0000A743000085430000174300001C42BF
S3152400A20C00009AC200002EC3000061C3000073C371
S3152400A21C000068C3000047C300001BC30000CEC265
S3152400A22C00009AC200009EC20000CAC2000017C3D6
S3152400A23C00005AC3000092C30000B2C30080CEC3F0
S3152400A24C0080E1C30080EBC30000EBC30000E4C331
S3152400A25C0080DAC30080D2C30000D6C30000E3C357
S3152400A26C0000FBC300C010C4004025C400003BC43E
S3152400A27C00404AC4000053C400404EC400C039C434
S3152400A28C00C019C40080F1C30000B8C3008088C381
S3152400A29C000043C3000021C3000021C300003AC3BD
S3152400A2AC000053C3000071C300007CC3000076C3B6
S3152400A2BC000063C3000038C3000004C3000070C24E
S3152400A2CC000030410000A4420000F2420000FE428D
S3152400A2DC0000C24200004C42000030C1000098C26B
S3152400A2EC000000C3000020C3000016C30000EEC209
S3152400A2FC00006CC200004040000084420000DE4294
S3152400A30C0000F8420000CE4200004C420000B0C1CE
S3152400A31C0000FCC2000067C30080A6C30080CFC324
S3152400A32C0000E9C30000F5C30000F0C30000DEC33F
S3152400A33C0000CAC30080B1C300009DC3008084C33F
S3152400A34C000067C3000054C3000033C3000016C3C7
S3152400A35C0000CAC200002CC20000C0410000BE424C
S3152400A36C00002043000053430000704300006E435A
S3152400A37C00004F430000064300000C42000098C224
S3152400A38C00002DC3000080C3000098C300809AC32C
S3152400A39C000008C3000039C3000054C3000055C391
S3152400A3AC000037C3000022C300000DC3000004C301
S3152400A3BC000007C3000023C300005BC300008DC349
S3152400A3CC0000AFC30080CDC30000E7C30080F6C3F2
S3152400A3DC0000F3C30080E0C30080C5C30080A9C37A
S3152400A3EC000082C300003FC3000000C30000CEC29D
S3152400A3FC0000B2C20000BCC20000E8C2000014C3B4
S3152400A40C000025C3000021C30000FCC20000ACC21E
S3152400A41C0000E0C1000010420000CA4200000743BD
S3152400A42C00001243000003430000D4420000704293
S3152400A43C0000404000003CC200009AC20000C0C28A
S3152400A44C0000BAC200009EC2000030C20000803F49
S3152400A45C0000044200006C42000090420000A4421A
S3152400A46C00009A4200005842000048420000504224
S3152400A47C00008C420000BC420000034300002E4323
S3152400A48C00005E4300007A430000814300007543BC
S3152400A49C000040430000DC42000080400000D8C28B
S3152400A4AC00003DC3008080C300808EC3000082C39D
S3152400A4BC000033C300006CC20000A24200006A43B1
S3152400A4CC0000C6430040064400801E4400C02244BB
S3152400A4DC00001B44000009440000D94300009643A5
S3152400A4EC00004043000008430000DE420000DE4228
S3152400A4FC0000FE420000264300004743000046436A
S3152400A50C00002E430000F64200005042000040C2D8
S3152400A51C00001AC300007EC30080ABC30080CBC3EB
S3152400A52C0000D8C30080CEC30000A6C3000069C3B4
S3152400A53C000002C30000C0C1000040420000AE422D
S3152400A54C0000AA420000784200000842000080BFA6
S3152400A55C000028C2000070C200007CC2000034C275
S3152400A56C0000D0C10000A0400000E0410000484299
S3152400A57C0000604200002842000010420000044201
S3152400A58C0000E0410000B04100001042000080426F
S3152400A59C0000CE420000094300002C4300003E4339
S3152400A5AC00002E430000084300008E42000030C1F8
S3152400A5BC0000DAC2000055C300009EC30000C8C3C5
S3152400A5CC0000E6C3000000C4004006C400C005C455
S3152400A5DC008003C400C000C40080FCC30000FAC37E
S3152400A5EC0080FDC300C005C400800FC400801BC4BA
S3152400A5FC00C024C4008029C4000026C4000019C449
S3152400A60C0080F9C30000B3C3000049C3000040C254
S3152400A61C0000B84200003D43000075430000764319
S3152400A62C00004D4300000E4300005C420000E8C1CC
S3152400A63C0000B2C20000ECC20000F8C20000E4C262
S3152400A64C00009CC2000020C20000C0C00000E0C074
S3152400A65C0000F8C10000A8C2000020C300007EC37D
S3152400A66C0000B2C30080DDC30000FDC300800DC40E
S3152400A67C000014C4008012C400800AC40000FFC366
S3152400A68C0080E7C30080D0C30000C1C30080C3C3CD
S3152400A69C0000D0C30000E6C30080F7C300C005C485
S3152400A6AC00C00CC400400CC400C001C40080E5C327
S3152400A6BC0000C7C30000B3C300009AC300008BC3B9
S3152400A6CC008084C3008089C3008091C3000093C397
S3152400A6DC00008FC3008084C3000063C3000026C31C
S3152400A6EC0000C2C2000004C20000C8410000AE42F1
S3152400A6FC0000064300000D430000F842000092427D
S3152400A70C0000C04000009CC2000021C3000062C3AC
S3152400A71C008082C3000081C3000070C3000049C3BB
S3152400A72C000010C30000B8C200007CC200005CC24A
S3152400A73C00008CC20000ECC200003AC3008083C324
S3152400A74C0000A7C30000C4C30000D8C30000DEC3A6
S3152400A75C0080D7C30080BEC300809EC300007FC385
S3152400A76C00003BC300000BC30000E2C20000F0C291
S3152400A77C00000DC3000025C3000038C300003CC3F1
S3152400A78C000024C3000001C300008AC2000040C09C
S3152400A79C000060420000DA42000019430000244302
S3152400A7AC000011430000B84200003042000090C162
S3152400A7BC00008AC20000D6C20000EAC20000D4C23D
S3152400A7CC0000A2C2000054C2000060C10000D041A7
S3152400A7DC00004042000060420000604200003C42FF
S3152400A7EC0000D041000060410000E0400000A04180
S3152400A7FC000054420000C44200001743000050439A
S3152400A80C0080814300808A430080804300004B43B0
S3152400A81C000000430000004200008CC200002AC342
S3152400A82C000062C3000075C300005DC3000019C399
S3152400A83C000024C20000DA42000087430000D24301
S3152400A84C00C0084400801B4400001D4400800C44B6
S3152400A85C0000ED430000B54300007C430000234375
S3152400A86C0000DA420000D0420000FA4200001743EE
S3152400A87C00003643000049430000474300001F43B1
S3152400A88C0000B642000040410000ACC2000045C3A3
S3152400A89C000095C30080BCC30000CDC30080C7C391
S3152400A8AC0080ADC300007DC300000DC30000A0C111
S3152400A8BC000090420000FE420000124300000A43AE
S3152400A8CC0000C24200004442000000C00000F0C157
S3152400A8DC000038C2000038C20000D8C1000040C0B5
S3152400A8EC0000D041000018420000244200002442FB
S3152400A8FC0000C841000010410000C0C0000040C048
S3152400A90C0000E0400000B041000088420000EC4208
S3152400A91C00003043000054430000654300005643B6
S3152400A92C000026430000B242000098C1000009C36F
S3152400A93C000077C30080B3C30080E0C300C002C408
S3152400A94C00000CC4000012C4000012C400800BC406
S3152400A95C00C005C40000FCC30080FAC30000FCC37D
S3152400A96C000005C400400DC400C017C400C01EC49A
S3152400A97C00801DC4004014C40000FFC30080C3C360
S3152400A98C000066C300008EC20000924200003A43C7
S3152400A99C00007C430080874300007443000033434B
S3152400A9AC0000AA420000000000008AC20000DEC299
S3152400A9BC0000ECC20000CCC200005CC2000020C126
S3152400A9CC0000F8410000444200002C42000000C064
S3152400A9DC000096C200002DC3008087C30000BAC3B2
S3152400A9EC0080E9C3008008C4008012C4008015C40A
S3152400A9FC008013C400000AC4004002C40000F0C343
S3152400AA0C0000E9C30000EFC30000FAC3008006C4AB
S3152400AA1C004012C400801EC400C024C400801FC47D
S3152400AA2C008012C40080FFC30080D5C30000ABC3D2
S3152400AA3C008083C3000056C300003AC300003AC307
S3152400AA4C000050C3000063C3000072C300006FC330
S3152400AA5C000053C300002AC30000F6C2000086C2BD
S3152400AA6C0000C0C0000044420000A4420000C242C0
S3152400AA7C0000AE4200003442000088C10000C4C26B
S3152400AA8C00002DC300006CC3008088C3000087C35C
S3152400AA9C00006EC300002DC30000E8C2000070C283
S3152400AAAC000050C10000504100004040000010C27C
S3152400AABC0000C6C200002AC3000075C300009DC353
S3152400AACC0080B7C30080C4C30080C2C30000B6C3D1
S3152400AADC00809CC3000076C300003BC300000DC35A
S3152400AAEC0000FAC2000007C3000019C3000032C3D9
S3152400AAFC000049C3000054C3000041C300001CC31A
S3152400AB0C0000DAC2000038C20000904100009A42CC
S3152400AB1C0000E64200000643000000430000A64263
S3152400AB2C0000D84100002CC20000DAC2000012C377
S3152400AB3C000024C3000020C3000010C30000DAC2A6
S3152400AB4C000088C20000E0C1000080BF00008841DC
S3152400AB5C0000B841000080410000C0400000803F46
S3152400AB6C00004041000010420000964200000043C1
S3152400AB7C00004443008084430000A0430000AA4301
S3152400AB8C0080A9430080964300005C430000E44205
S3152400AB9C0000A0C1000006C3000062C3000094C3D9
S3152400ABAC00009AC3000088C3000034C300006CC2A2
S3152400ABBC0000B642000073430080C4430080FB436C
S3152400ABCC00800C4400C00D44004005440080E7433B
S3152400ABDC0080BC43000091430000624300004E43B6
S3152400ABEC00004B4300005D4300007C4300008A4375
S3152400ABFC0080874300007543000033430000B442B1
S3152400AC0C000070C1000001C300006EC30000A2C383
S3152400AC1C0000C4C30080D3C30080CAC30000AEC3E3
S3152400AC2C00007AC3000016C30000F8C100007C4261
S3152400AC3C0000F64200001A4300000E430000F642C0
S3152400AC4C0000BA42000060420000F041000050416E
S3152400AC5C0000304100004041000080BF000050C17C
S3152400AC6C0000D8C100002CC2000086C20000B2C26B
S3152400AC7C0000AEC20000A2C2000070C20000F8C1DF
S3152400AC8C0000C8410000BC4200001E4300005A4389
S3152400AC9C008081430080834300006B4300001D43E6
S3152400ACAC00006842000048C2000030C3000094C370
S3152400ACBC0080C9C30000F8C300C00DC400801BC4A7
S3152400ACCC004020C4000021C400001EC4004018C447
S3152400ACDC00C014C400C012C4004012C4004016C4E0
S3152400ACEC00C018C400C01AC400C017C400800CC409
S3152400ACFC0000F6C30080BEC3000074C30000A2C2C9
S3152400AD0C0000684200003643000084430000974349
S3152400AD1C00808C4300005F4300000943000054422A
S3152400AD2C0000E0C10000A0C20000E0C20000DEC2A8
S3152400AD3C0000BCC2000064C20000B8C1000050412F
S3152400AD4C00008841000000C1000054C20000FAC271
S3152400AD5C000059C30080A0C30080CFC30000F7C3F2
S3152400AD6C00C00AC4008014C4000015C4000012C418
S3152400AD7C00400DC400C008C4004005C4004003C4F0
S3152400AD8C004004C400400DC400C017C4008021C474
S3152400AD9C00C029C400C02AC400C026C4000017C49D
S3152400ADAC00C000C40080D3C30080A9C300808DC317
S3152400ADBC00006FC3000061C3000074C3000086C387
S3152400ADCC00808BC3008087C3008080C3000065C3CA
S3152400ADDC00002FC30000F2C2000088C2000060C12C
S3152400ADEC0000F04100008C420000AE420000864276
S3152400ADFC0000B84100002CC20000D4C200002DC3B0
S3152400AE0C00005CC3000069C3000060C300003EC39D
S3152400AE1C00000CC30000B6C2000020C20000C0C053
S3152400AE2C00008040000088C1000084C20000F4C2E7
S3152400AE3C000048C3000088C30000A3C30080B6C327
S3152400AE4C0000BEC30000B9C30000A7C300808DC395
S3152400AE5C00006DC3000047C300002FC3000029C3A4
S3152400AE6C00002EC300003CC3000050C300004FC397
S3152400AE7C00003EC3000019C30000C4C20000E8C190
S3152400AE8C000054420000F44200002A4300004143CF
S3152400AE9C00003C43000017430000B0420000504120
S3152400AEAC000078C20000F2C200002CC3000039C393
S3152400AEBC000034C300001AC30000E4C2000098C288
S3152400AECC0000E8C100000040000090410000B041A1
S3152400AEDC0000504100006041000098410000D04120
S3152400AEEC000080420000DC4200002F4300006A432D
S3152400AEFC000091430080A9430000B0430000A64300
S3152400AF0C0080824300002643000004420000CCC289
S3152400AF1C000071C30000A6C30080C0C30080C1C357
S3152400AF2C0080A5C3000061C300009AC20000B2428F
S3152400AF3C000077430000C6430080FD4300C0134441
S3152400AF4C0040154400000C440000F3430000CD439C
S3152400AF5C0080A043008081430000624300005F43CD
S3152400AF6C00006943000072430000744300006B43E5
S3152400AF7C00003F430000FC420000F041000080C268
S3152400AF8C000023C3000080C30080A7C30000BDC3F8
S3152400AF9C0080BFC30080AAC3008083C300001EC3E5
S3152400AFAC000010C200008A420000164300004743EA
S3152400AFBC0000544300004843000025430000064388
S3152400AFCC0000BC4200009042000040420000F841C0
S3152400AFDC00006041000040C0000000C2000064C2B2
S3152400AFEC0000AEC20000D6C20000F0C20000EEC2C1
S3152400AFFC0000D0C200009AC20000E0C1000000424A
S3152400B00C0000C842000026430000564300006C434F
S3152400B01C00006543000038430000CA420000C040CB
S3152400B02C0000E4C200005FC30000A7C30080D2C3A3
S3152400B03C0000F6C300C007C400800CC400400FC433
S3152400B04C00000FC400C00CC400800AC400400CC409
S3152400B05C00400EC4008016C400C01EC400C024C404
S3152400B06C000028C4008022C400C014C40000F7C306
S3152400B07C0080B1C3000044C30000E8C100000243B1
S3152400B08C0000714300809A4300809C4300008C434B
S3152400B09C000045430000D2420000604100005CC21F
S3152400B0AC0000C6C20000E2C20000CCC200008CC262
S3152400B0BC0000F0C1000080C0000090410000004058
S3152400B0CC000014C20000D0C200003EC300808CC312
S3152400B0DC0080BDC30000E5C3004001C4004008C481
S3152400B0EC0000A0C0000034C20000C0C200000DC382
S3152400B0FC000025C3000035C300002DC3000015C372
S3152400B10C0000E8C2000092C2000024C20000000025
S3152400B11C0000C0410000E04100005041000010C175
S3152400B12C0000F8C1000058C200008EC20000BCC248
S3152400B13C0000B8C20000ACC20000AAC20000B0C213
S3152400B14C0000E4C2000001C3000025C300004DC367
S3152400B15C000076C300808FC300009CC30000A0C3EC
S3152400B16C0080A1C3000096C3000084C3000058C30A
S3152400B17C000025C30000EEC20000ACC2000090C241
S3152400B18C00009CC20000E6C200003AC3008086C3BD
S3152400B19C0000B3C30080E0C3000002C400400EC408
S3152400B1AC008015C4000017C400C010C4004009C494
S3152400B1BC008000C40080F4C30000EBC30080ECC301
S3152400B1CC0080F6C300C001C4004007C4008009C433
S3152400B1DC004005C40080F8C30000D4C30000A2C3F9
S3152400B1EC000052C30000BCC2000060C100006042D3
S3152400B1FC0000C2420000AE4200009A4200005041B8
S3152400B20C000038C20000CEC200001FC3000042C397
S3152400B21C000056C300006BC300006CC300006EC351
S3152400B22C000066C3000076C3008084C3000092C36A
S3152400B23C0080A0C30000B7C30000D2C30080E2C3C1
S3152400B24C0000FCC300C001C4000006C4000004C4F2
S3152400B25C0080FFC30000F8C30080F3C30080FFC343
S3152400B26C004003C400C00DC400C019C400C028C4C7
S3152400B27C008037C4008041C4000049C4008042C405
S3152400B28C008032C400001BC4004007C40080EEC3F7
S3152400B29C0080CAC30000A7C3000093C3000093C355
S3152400B2AC00809CC30080A0C30080A4C30000A8C354
S3152400B2BC0080A8C300809FC300808FC3000065C391
S3152400B2CC000025C30000E0C2000074C200000CC2BA
S3152400B2DC0000D8C100002CC200008AC20000D4C2CF
S3152400B2EC000019C3000046C300005FC3000060C3FE
S3152400B2FC00004EC3000035C3000017C30000ECC287
S3152400B30C0000C8C20000AEC20000BCC20000FEC2CF
S3152400B31C000036C3000080C30080A1C30000C0C354
S3152400B32C0080DAC30000ECC30000F7C30080F6C328
S3152400B33C0080F0C30000E4C30080D3C30080C3C3E1
S3152400B34C0080ADC3000098C3008089C300006AC383
S3152400B35C000042C300000BC30000C0C2000014C28C
S3152400B36C0000B041000098420000E2420000044371
S3152400B37C0000F2420000B2420000A84100005CC268
S3152400B38C00000CC300005EC300808EC30080A5C3DE
S3152400B39C0080A7C300001BC300004DC3000078C364
S3152400B3AC000085C3000084C3008086C3008089C343
S3152400B3BC00008CC300008FC300009BC30080B0C365
S3152400B3CC0080C7C30000DCC30080F1C3000002C4A4
S3152400B3DC000005C400C003C40000F6C30080E8C303
S3152400B3EC0080D1C30080B5C3000096C3000070C38F
S3152400B3FC00004FC300002BC300000AC30000FAC28E
S3152400B40C0000F2C20000F0C20000C6C200009CC2BA
S3152400B41C000058C20000A8C10000504100005C4244
S3152400B42C00007C4200006042000050420000204292
S3152400B43C0000A04000000CC200008AC20000BAC260
S3152400B44C0000CCC20000E2C20000CAC20000A8C29E
S3152400B45C000088C2000070C2000060C2000040C216
S3152400B46C000014C2000040C2000050C2000064C296
S3152400B47C000020C20000E8C1000070C10000104189
S3152400B48C00000C4200008C4200009E420000AA429E
S3152400B49C0000A24200003442000050C10000AEC29B
S3152400B4AC00001EC300004CC300007DC3000089C3EA
S3152400B4BC000080C300003DC30000C4C2000030411C
S3152400B4CC00000043008080430000BD430080E2431B
S3152400B4DC0080ED430000EC430080E2430000C743A8
S3152400B4EC00009D4300007F4300005C4300003D4365
S3152400B4FC0000214300000F430000114300000843C1
S3152400B50C0000F2420000BE42000060420000A0C0CF
S3152400B51C0000B0C2000029C3000076C300809BC380
S3152400B52C0000B7C30080C1C30000BFC30080AAC3F8
S3152400B53C000096C3008084C3000049C300001DC3C9
S3152400B54C0000EEC20000D4C20000C2C20000A4C295
S3152400B55C0000B6C20000C6C20000D4C20000C4C299
S3152400B56C0000AAC20000B6C200009EC2000090C20F
S3152400B57C00007CC200009CC20000CAC20000C8C2E3
S3152400B58C0000C0C20000B8C20000A4C2000078C2E9
S3152400B59C0000E8C100008040000000420000744214
S3152400B5AC0000A84200009A42000086420000C041D6
S3152400B5BC0000F0C10000D0C2000040C300808CC340
S3152400B5CC0000B1C30080D2C30000EDC30080FBC3CE
S3152400B5DC0080FCC30080FAC30080FAC30080F6C343
S3152400B5EC0000F9C30080FDC3008006C400C011C44A
S3152400B5FC00801CC4008024C4004028C4004028C4F5
S3152400B60C00001DC4004008C40000E0C30080ABC386
S3152400B61C000062C30000EAC20000F0C10000084228
S3152400B62C0000744200007842000048420000A0400A
S3152400B63C000008C20000A0C20000BCC20000F0C278
S3152400B64C00000AC300000EC300000DC3000012C381
S3152400B65C00002FC3000047C300006CC300008FC337
S3152400B66C0080AEC30000D0C30000EDC3008001C42B
S3152400B67C00800CC400C013C4004010C400400CC489
S3152400B68C000005C4004000C40080F1C30000E9C3D7
S3152400B69C0080E8C30000EEC30080F8C30080FCC31E
S3152400B6AC0080FEC3000001C40000FDC30080ECC36F
S3152400B6BC0080CFC30080C1C30080B8C30080A4C35C
S3152400B6CC00009AC3008091C3008097C300009DC3D9
S3152400B6DC00809CC300809CC3008094C300808EC3CE
S3152400B6EC000063C300002EC30000EEC2000080C21B
S3152400B6FC000040C100001442000010420000B0417A
S3152400B70C000020C100005CC20000E2C2000036C367
S3152400B71C000074C3000089C3008091C3008095C3C4
S3152400B72C000093C3000083C3000069C300005DC3FB
S3152400B73C00005CC3000068C300007EC3000095C3F0
S3152400B74C0080AEC30000C6C30080D7C30000E3C389
S3152400B75C0000E6C30000E0C30000CEC30080B9C3DA
S3152400B76C0080A6C300008DC3000064C3000043C33D
S3152400B77C00002BC3000021C3000011C3000000C32A
S3152400B78C0000E4C20000C8C200009CC2000030C203
S3152400B79C0000803F0000D84100006C420000AC42FF
S3152400B7AC0000A642000084420000D04100000000A4
S3152400B7BC000030C20000B2C20000E2C2000000C386
S3152400B7CC0000E8C20000D8C20000C6C20000A4C211
S3152400B7DC000070C200003CC2000064C2000068C2B3
S3152400B7EC000082C20000A2C20000B4C20000B4C28F
S3152400B7FC000092C2000074C20000B0C10000A04038
S3152400B80C000054420000A2420000CA420000AE428C
S3152400B81C0000644200006041000068C20000ECC2D3
S3152400B82C000041C300005EC300006DC3000058C372
S3152400B83C000025C3000094C20000304200001F43C0
S3152400B84C00808C430080BD430080E2430080E743A4
S3152400B85C0080D6430080CC430000B14300008E43C5
S3152400B86C00006B430000404300002E43000020439D
S3152400B87C0000194300000A4300000A430000E0427A
S3152400B88C0000A4420000D041000030C20000F0C2E7
S3152400B89C00004FC300808DC30080A9C30080B5C3AC
S3152400B8AC0000B4C30000ABC3000096C3000075C3EC
S3152400B8BC000032C3000005C30000B8C2000078C2E1
S3152400B8CC000054C200007CC2000098C20000A2C230
S3152400B8DC0000AAC20000B6C20000BEC20000A6C266
S3152400B8EC000090C2000088C2000092C20000A6C2CA
S3152400B8FC0000ACC20000C8C20000EAC20000EEC2BE
S3152400B90C0000E0C20000B8C200008EC20000F0C1E4
S3152400B91C00006041000074420000B6420000E2427E
S3152400B92C0000D8420000B6420000184200002CC287
S3152400B93C0000FCC200005FC300009EC30080CAC383
S3152400B94C0080E9C30080FDC3008006C400C005C482
S3152400B95C004002C400C000C40080FCC3004000C4E4
S3152400B96C004004C400400CC4008014C400401EC40F
S3152400B97C00C024C4008022C400401BC400000AC496
S3152400B98C0080E9C30000B1C3000071C3000000C3EA
S3152400B99C00001CC20000E0410000824200009642D6
S3152400B9AC00005442000010410000A0C1000068C2EF
S3152400B9BC0000B2C20000D0C20000D4C20000D0C223
S3152400B9CC0000D2C20000D2C20000EEC2000004C3A2
S3152400B9DC000033C300006EC3000098C30080B4C3B8
S3152400B9EC0080D4C30000FAC300800AC400C00FC46C
S3152400B9FC000012C4004012C400400DC400C00AC486
S3152400BA0C008006C4008006C4008008C400800BC4D1
S3152400BA1C00C010C400C016C400C01CC400C01BC483
S3152400BA2C008014C4004007C40080F6C30080D8C329
S3152400BA3C0080BBC300009EC300808BC3008081C3DF
S3152400BA4C008082C300007FC3000084C3000086C329
S3152400BA5C000085C300007AC3000064C3000042C3FF
S3152400BA6C000012C30000A6C200003CC20000A8C1FC
S3152400BA7C000000C0000010C100000CC20000A2C2CD
S3152400BA8C000010C3000049C3000080C300808FC38C
S3152400BA9C000097C3008093C3008089C300007BC336
S3152400BAAC000064C3000041C3000033C3000034C348
S3152400BABC000052C300007AC3000090C30000A6C342
S3152400BACC0000BCC30000CAC30080D3C30000CDC38E
S3152400BADC0080C3C30080B4C30000A1C300808EC3FE
S3152400BAEC00007AC3000064C300004FC3000044C3A3
S3152400BAFC00003BC3000032C300002DC300001AC350
S3152400BB0C0000FEC20000BEC200005CC2000030C1B0
S3152400BB1C0000A8410000284200004C4200002C42A0
S3152400BB2C00003041000000C20000A4C20000F2C292
S3152400BB3C000015C3000023C3000033C3000029C32F
S3152400BB4C00001BC3000008C30000E6C20000F2C2BA
S3152400BB5C0000D4C20000DCC20000DEC20000E2C237
S3152400BB6C0000EAC20000D2C20000AEC200007CC2B1
S3152400BB7C0000C0C100000442000096420000E442CA
S3152400BB8C00000443000005430000FA4200007442FE
S3152400BB9C000080400000A8C200001FC3000062C33E
S3152400BBAC008088C300008EC3000082C300003CC3FF
S3152400BBBC0000D2C2000000400000F64200006E4392
S3152400BBCC0080A8430000C3430000CE430080CF432B
S3152400BBDC0080C3430080B24300809A43000087430D
S3152400BBEC00008043000067430000634300005F436A
S3152400BBFC0000594300003843000021430000D6427C
S3152400BC0C00001842000034C200000BC3000060C3BD
S3152400BC1C000091C30080ACC30080BDC30000C0C328
S3152400BC2C0000B2C3008097C3008084C3000047C3BE
S3152400BC3C000010C30000CAC2000092C2000060C2F9
S3152400BC4C000028C2000028C2000044C2000054C2CE
S3152400BC5C000070C2000060C2000080C20000B8C29E
S3152400BC6C0000D0C20000EEC200000BC3000023C3A8
S3152400BC7C000036C300003CC3000036C3000021C3B9
S3152400BC8C000000C30000AAC20000D0C10000F84185
S3152400BC9C00008C420000E0420000EE420000E84224
S3152400BCAC00008E4200007041000068C2000028C3C8
S3152400BCBC008082C30000B4C30080E4C3004003C4E4
S3152400BCCC00800FC400C015C4008015C400C014C461
S3152400BCDC00C012C4000012C4004011C4000011C4D8
S3152400BCEC004018C400001CC4000020C400C01FC49B
S3152400BCFC004016C400C009C40080ECC30080BBC33A
S3152400BD0C00007CC300000EC3000030C200000C42AD
S3152400BD1C0000B2420000B2420000A0420000704271
S3152400BD2C0000E041000098C1000060C2000096C2E9
S3152400BD3C0000CAC20000CEC20000DEC20000E8C267
S3152400BD4C0000F4C2000011C3000039C3000052C322
S3152400BD5C000085C30000A7C30080CDC30000E9C33F
S3152400BD6C008003C400000BC4004015C4004016C454
S3152400BD7C004015C4000015C400C010C4004011C4F2
S3152400BD8C00400FC4008011C4000018C400801FC4D6
S3152400BD9C00C023C4000025C4004023C400C01EC414
S3152400BDAC004010C40080FDC30080DEC30000C4C361
S3152400BDBC0080B1C300009DC3008090C3008093C350
S3152400BDCC000095C3008090C3008090C300808FC36D
S3152400BDDC00008EC3000079C3000046C3000012C3C2
S3152400BDEC0000C8C200008AC2000000C20000A0C124
S3152400BDFC0000F0C1000088C20000E2C200001DC38E
S3152400BE0C00004EC300007CC3008088C300808BC313
S3152400BE1C00808AC3008081C300006CC3000051C318
S3152400BE2C000034C3000032C300003CC3000058C3D6
S3152400BE3C00007EC3008095C30000ADC30080BBC345
S3152400BE4C0000C5C30000CAC30000C5C30080B7C325
S3152400BE5C0000ACC300009DC300008FC3008082C3C6
S3152400BE6C000066C3000056C300003FC300003AC35B
S3152400BE7C000024C300000BC30000E4C2000086C2E9
S3152400BE8C0000D8C10000C841000094420000BC4206
S3152400BE9C0000E8420000DE420000AA4200000842EC
S3152400BEAC000090C10000A0C20000F4C200002DC303
S3152400BEBC000040C3000040C300003AC300002AC35C
S3152400BECC00001AC3000008C30000F2C20000EAC234
S3152400BEDC0000ECC20000E8C20000E0C20000D6C29A
S3152400BEEC0000D6C2000082C2000028C20000E04036
S3152400BEFC000048420000C0420000044300001943DD
S3152400BF0C000008430000D4420000344200001CC246
S3152400BF1C000004C3000069C3008091C30080A5C33C
S3152400BF2C0000ABC3008098C300006AC30000F6C2AD
S3152400BF3C000070C10000E642000061430000A943E2
S3152400BF4C0000CE430080D4430080D2430000C94372
S3152400BF5C0000BC430080A2430000894300007D43BB
S3152400BF6C0000744300006A43000058430000454314
S3152400BF7C00002D4300000143000084420000803F52
S3152400BF8C0000A8C2000029C300007CC300809EC305
S3152400BF9C0000AEC30080B0C30080ADC300009AC3BA
S3152400BFAC008080C300003DC3000002C300009CC275
S3152400BFBC00000CC20000E0C00000404000002041FC
S3152400BFCC00008040000080C0000088C10000F0C141
S3152400BFDC00002CC2000074C20000A4C20000DCC203
S3152400BFEC000008C3000028C300003CC3000054C34F
S3152400BFFC00005DC3000054C300003DC3000011C300
S3152400C00C0000C6C2000028C20000004100006042A5
S3152400C01C0000A4420000B2420000984200000C42E8
S3152400C02C0000C8C10000D6C2000046C3000094C359
S3152400C03C0000BDC30080E5C30000FDC3008006C418
S3152400C04C004009C400400BC4008009C4000009C484
S3152400C05C00000AC400C00EC400C016C400C01EC40E
S3152400C06C008026C4004028C400402AC400C01FC433
S3152400C07C00800DC40080EBC30000B1C3000071C363
S3152400C08C0000D4C20000B8C1000034420000B442FF
S3152400C09C0000A242000086420000F041000040C08D
S3152400C0AC00002CC2000098C20000BCC20000D0C202
S3152400C0BC0000CCC20000C0C20000FAC2000008C3B3
S3152400C0CC00002CC3000044C3000080C300809AC324
S3152400C0DC0000C1C30080DDC30080F8C3000006C481
