00 00 26 C3 00 00 28 C3 00 00 24 C3 00 00 1F C3 00 00 18 C3 00 00 1A C3 00 00 15 C3 00 00 12 C3
00 00 0F C3 00 00 05 C3 00 00 06 C3 00 00 FE C2 00 00 F0 C2 00 00 EE C2 00 00 E0 C2 00 00 DE C2
00 00 CE C2 00 00 BC C2 00 00 BA C2 00 00 A8 C2 00 00 A0 C2 00 00 94 C2 00 00 80 C2 00 00 74 C2
00 00 54 C2 00 00 44 C2 00 00 24 C2 00 00 14 C2 00 00 F8 C1 00 00 B8 C1 00 00 A8 C1 00 00 50 C1
00 00 30 C1 00 00 00 C1 00 00 40 C0 00 00 80 40 00 00 00 41 00 00 00 41 00 00 50 41 00 00 90 41
00 00 98 41 00 00 D0 41 00 00 E0 41 00 00 F0 41 00 00 08 42 00 00 04 42 00 00 10 42 00 00 28 42
00 00 28 42 00 00 24 42 00 00 1C 42 00 00 2C 42 00 00 10 42 00 00 04 42 00 00 0C 42 00 00 04 42
00 00 E8 41 00 00 C8 41 00 00 D0 41 00 00 A8 41 00 00 98 41 00 00 50 41 00 00 20 41 00 00 30 41
00 00 40 40 00 00 80 3F 00 00 80 C0 00 00 40 C1 00 00 50 C1 00 00 A0 C1 00 00 C0 C1 00 00 E8 C1
00 00 10 C2 00 00 18 C2 00 00 48 C2 00 00 3C C2 00 00 68 C2 00 00 6C C2 00 00 7C C2 00 00 8E C2
00 00 98 C2 00 00 A0 C2 00 00 B0 C2 00 00 B8 C2 00 00 C0 C2 00 00 CA C2 00 00 D4 C2 00 00 DC C2
00 00 E2 C2 00 00 EA C2 00 00 FA C2 00 00 01 C3 00 00 02 C3 00 00 07 C3 00 00 0A C3 00 00 0D C3
00 00 0F C3 00 00 15 C3 00 00 1A C3 00 00 1E C3 00 00 1E C3 00 00 21 C3 00 00 22 C3 00 00 24 C3
00 00 26 C3 00 00 29 C3 00 00 2C C3 00 00 27 C3 00 00 2C C3 00 00 28 C3 00 00 2A C3 00 00 29 C3
00 00 23 C3 00 00 24 C3 00 00 1D C3 00 00 1A C3 00 00 18 C3 00 00 16 C3 00 00 12 C3 00 00 0A C3
00 00 09 C3 00 00 FA C2 00 00 FA C2 00 00 EE C2 00 00 DA C2 00 00 DE C2 00 00 CA C2 00 00 BC C2
00 00 B6 C2 00 00 A6 C2 00 00 9E C2 00 00 90 C2 00 00 8A C2 00 00 7C C2 00 00 6C C2 00 00 60 C2
00 00 30 C2 00 00 28 C2 00 00 18 C2 00 00 00 C2 00 00 E0 C1 00 00 B0 C1 00 00 98 C1 00 00 20 C1
00 00 E0 C0 00 00 80 BF 00 00 00 40 00 00 40 40 00 00 20 41 00 00 30 41 00 00 80 41 00 00 80 41
00 00 A0 41 00 00 C0 41 00 00 C8 41 00 00 F0 41 00 00 04 42 00 00 08 42 00 00 18 42 00 00 18 42
00 00 1C 42 00 00 20 42 00 00 30 42 00 00 34 42 00 00 24 42 00 00 2C 42 00 00 28 42 00 00 1C 42
00 00 24 42 00 00 14 42 00 00 14 42 00 00 F8 41 00 00 00 42 00 00 D0 41 00 00 C0 41 00 00 B0 41
00 00 60 41 00 00 30 41 00 00 10 41 00 00 E0 40 00 00 40 40 00 00 80 C0 00 00 00 C1 00 00 60 C1
00 00 C0 C1 00 00 C0 C1 00 00 04 C2 00 00 10 C2 00 00 28 C2 00 00 40 C2 00 00 5C C2 00 00 78 C2
00 00 84 C2 00 00 92 C2 00 00 9C C2 00 00 A2 C2 00 00 AC C2 00 00 BA C2 00 00 C4 C2 00 00 CC C2
00 00 D6 C2 00 00 E2 C2 00 00 E6 C2 00 00 E8 C2 00 00 F4 C2 00 00 01 C3 00 00 01 C3 00 00 02 C3
00 00 08 C3 00 00 07 C3 00 00 0D C3 00 00 0D C3 00 00 0E C3 00 00 15 C3 00 00 17 C3 00 00 16 C3
00 00 16 C3 00 00 1A C3 00 00 15 C3 00 00 14 C3 00 00 16 C3 00 00 12 C3 00 00 12 C3 00 00 0D C3
00 00 0F C3 00 00 0C C3 00 00 06 C3 00 00 03 C3 00 00 00 C3 00 00 F6 C2 00 00 EC C2 00 00 E0 C2
00 00 DE C2 00 00 D4 C2 00 00 C6 C2 00 00 C0 C2 00 00 AE C2 00 00 A4 C2 00 00 96 C2 00 00 90 C2
00 00 82 C2 00 00 64 C2 00 00 48 C2 00 00 34 C2 00 00 14 C2 00 00 00 C2 00 00 D0 C1 00 00 C0 C1
00 00 60 C1 00 00 00 C1 00 00 80 C0 00 00 80 40 00 00 A0 40 00 00 50 41 00 00 88 41 00 00 B8 41
00 00 F0 41 00 00 D8 41 00 00 10 42 00 00 14 42 00 00 2C 42 00 00 38 42 00 00 4C 42 00 00 58 42
00 00 58 42 00 00 6C 42 00 00 60 42 00 00 68 42 00 00 86 42 00 00 78 42 00 00 82 42 00 00 82 42
00 00 88 42 00 00 84 42 00 00 82 42 00 00 82 42 00 00 6C 42 00 00 70 42 00 00 6C 42 00 00 60 42
00 00 60 42 00 00 54 42 00 00 48 42 00 00 34 42 00 00 28 42 00 00 24 42 00 00 0C 42 00 00 00 42
00 00 C8 41 00 00 C8 41 00 00 A8 41 00 00 40 41 00 00 50 41 00 00 40 40 00 00 00 C0 00 00 E0 C0
00 00 30 C1 00 00 88 C1 00 00 D0 C1 00 00 E0 C1 00 00 18 C2 00 00 28 C2 00 00 28 C2 00 00 48 C2
00 00 68 C2 00 00 6C C2 00 00 82 C2 00 00 92 C2 00 00 A0 C2 00 00 A4 C2 00 00 AC C2 00 00 BA C2
00 00 BE C2 00 00 D0 C2 00 00 D2 C2 00 00 DA C2 00 00 E0 C2 00 00 E8 C2 00 00 F4 C2 00 00 F4 C2
00 00 00 C3 00 00 02 C3 00 00 05 C3 00 00 08 C3 00 00 0C C3 00 00 0F C3 00 00 0E C3 00 00 15 C3
00 00 12 C3 00 00 12 C3 00 00 12 C3 00 00 10 C3 00 00 11 C3 00 00 0E C3 00 00 0D C3 00 00 0E C3
00 00 08 C3 00 00 05 C3 00 00 04 C3 00 00 FE C2 00 00 FE C2 00 00 EC C2 00 00 E8 C2 00 00 E0 C2
00 00 DC C2 00 00 CE C2 00 00 C2 C2 00 00 BA C2 00 00 AC C2 00 00 A2 C2 00 00 92 C2 00 00 8A C2
00 00 82 C2 00 00 60 C2 00 00 64 C2 00 00 2C C2 00 00 24 C2 00 00 04 C2 00 00 D8 C1 00 00 A0 C1
00 00 40 C1 00 00 30 C1 00 00 40 C0 00 00 80 40 00 00 20 41 00 00 70 41 00 00 A0 41 00 00 A8 41
00 00 D0 41 00 00 04 42 00 00 0C 42 00 00 18 42 00 00 2C 42 00 00 1C 42 00 00 34 42 00 00 48 42
00 00 4C 42 00 00 5C 42 00 00 60 42 00 00 68 42 00 00 68 42 00 00 74 42 00 00 70 42 00 00 78 42
00 00 64 42 00 00 74 42 00 00 64 42 00 00 70 42 00 00 60 42 00 00 58 42 00 00 44 42 00 00 3C 42
00 00 18 42 00 00 08 42 00 00 0C 42 00 00 D0 41 00 00 E8 41 00 00 C0 41 00 00 A8 41 00 00 A8 41
00 00 30 41 00 00 30 41 00 00 80 40 00 00 80 BF 00 00 40 C0 00 00 50 C1 00 00 60 C1 00 00 A8 C1
00 00 F0 C1 00 00 E0 C1 00 00 1C C2 00 00 38 C2 00 00 38 C2 00 00 64 C2 00 00 74 C2 00 00 90 C2
00 00 96 C2 00 00 9A C2 00 00 AA C2 00 00 AE C2 00 00 BE C2 00 00 CA C2 00 00 D0 C2 00 00 DA C2
00 00 DE C2 00 00 EC C2 00 00 E8 C2 00 00 F6 C2 00 00 FA C2 00 00 00 C3 00 00 04 C3 00 00 06 C3
00 00 08 C3 00 00 0A C3 00 00 11 C3 00 00 12 C3 00 00 14 C3 00 00 17 C3 00 00 16 C3 00 00 14 C3
00 00 14 C3 00 00 12 C3 00 00 16 C3 00 00 11 C3 00 00 16 C3 00 00 12 C3 00 00 0E C3 00 00 0D C3
00 00 08 C3 00 00 07 C3 00 00 FC C2 00 00 FE C2 00 00 F2 C2 00 00 DE C2 00 00 DC C2 00 00 D6 C2
00 00 C6 C2 00 00 BE C2 00 00 B4 C2 00 00 A6 C2 00 00 98 C2 00 00 92 C2 00 00 84 C2 00 00 78 C2
00 00 60 C2 00 00 44 C2 00 00 34 C2 00 00 28 C2 00 00 08 C2 00 00 F0 C1 00 00 B8 C1 00 00 A8 C1
00 00 70 C1 00 00 E0 C0 00 00 E0 C0 00 00 40 40 00 00 E0 40 00 00 50 41 00 00 70 41 00 00 98 41
00 00 B8 41 00 00 E8 41 00 00 00 42 00 00 10 42 00 00 14 42 00 00 20 42 00 00 20 42 00 00 38 42
00 00 3C 42 00 00 48 42 00 00 5C 42 00 00 60 42 00 00 64 42 00 00 60 42 00 00 70 42 00 00 68 42
00 00 68 42 00 00 60 42 00 00 60 42 00 00 64 42 00 00 4C 42 00 00 4C 42 00 00 40 42 00 00 38 42
00 00 20 42 00 00 20 42 00 00 1C 42 00 00 00 42 00 00 04 42 00 00 C8 41 00 00 98 41 00 00 88 41
00 00 00 41 00 00 00 41 00 00 40 40 00 00 40 C0 00 00 A0 C0 00 00 60 C1 00 00 88 C1 00 00 C0 C1
00 00 00 C2 00 00 F8 C1 00 00 14 C2 00 00 24 C2 00 00 40 C2 00 00 40 C2 00 00 54 C2 00 00 78 C2
00 00 84 C2 00 00 8E C2 00 00 9C C2 00 00 A8 C2 00 00 AA C2 00 00 B2 C2 00 00 BA C2 00 00 C2 C2
00 00 C8 C2 00 00 CE C2 00 00 D2 C2 00 00 DE C2 00 00 E8 C2 00 00 E6 C2 00 00 EE C2 00 00 EC C2
00 00 F0 C2 00 00 F4 C2 00 00 F8 C2 00 00 FC C2 00 00 00 C3 00 00 00 C3 00 00 01 C3 00 00 0A C3
00 00 06 C3 00 00 01 C3 00 00 05 C3 00 00 03 C3 00 00 FE C2 00 00 FA C2 00 00 F6 C2 00 00 F2 C2
00 00 EA C2 00 00 EC C2 00 00 E0 C2 00 00 D6 C2 00 00 D0 C2 00 00 C2 C2 00 00 BE C2 00 00 B8 C2
00 00 AE C2 00 00 AA C2 00 00 98 C2 00 00 9C C2 00 00 8C C2 00 00 80 C2 00 00 68 C2 00 00 54 C2
00 00 48 C2 00 00 30 C2 00 00 14 C2 00 00 E8 C1 00 00 C8 C1 00 00 A8 C1 00 00 60 C1 00 00 70 C1
00 00 E0 C0 00 00 00 00 00 00 00 C0 00 00 40 41 00 00 60 41 00 00 98 41 00 00 C8 41 00 00 F0 41
00 00 00 42 00 00 04 42 00 00 20 42 00 00 24 42 00 00 3C 42 00 00 44 42 00 00 40 42 00 00 60 42
00 00 54 42 00 00 78 42 00 00 78 42 00 00 86 42 00 00 90 42 00 00 8A 42 00 00 94 42 00 00 98 42
00 00 92 42 00 00 96 42 00 00 94 42 00 00 8C 42 00 00 96 42 00 00 82 42 00 00 8A 42 00 00 88 42
00 00 82 42 00 00 6C 42 00 00 5C 42 00 00 54 42 00 00 40 42 00 00 2C 42 00 00 1C 42 00 00 10 42
00 00 04 42 00 00 E0 41 00 00 B0 41 00 00 80 41 00 00 80 41 00 00 00 41 00 00 00 00 00 00 80 C0
00 00 70 C1 00 00 90 C1 00 00 C8 C1 00 00 F0 C1 00 00 04 C2 00 00 20 C2 00 00 24 C2 00 00 44 C2
00 00 4C C2 00 00 5C C2 00 00 80 C2 00 00 8C C2 00 00 96 C2 00 00 9C C2 00 00 A8 C2 00 00 AC C2
00 00 BC C2 00 00 BC C2 00 00 CA C2 00 00 CA C2 00 00 D2 C2 00 00 DE C2 00 00 DC C2 00 00 E0 C2
00 00 E4 C2 00 00 E8 C2 00 00 F0 C2 00 00 F2 C2 00 00 EA C2 00 00 F2 C2 00 00 F6 C2 00 00 F6 C2
00 00 01 C3 00 00 F2 C2 00 00 F8 C2 00 00 F2 C2 00 00 E8 C2 00 00 E6 C2 00 00 D6 C2 00 00 D8 C2
00 00 C6 C2 00 00 CC C2 00 00 CC C2 00 00 BC C2 00 00 B8 C2 00 00 B0 C2 00 00 A4 C2 00 00 9C C2
00 00 9A C2 00 00 8C C2 00 00 80 C2 00 00 68 C2 00 00 50 C2 00 00 44 C2 00 00 20 C2 00 00 14 C2
00 00 F8 C1 00 00 B8 C1 00 00 B0 C1 00 00 70 C1 00 00 10 C1 00 00 A0 C0 00 00 A0 40 00 00 30 41
00 00 80 41 00 00 A8 41 00 00 E0 41 00 00 04 42 00 00 08 42 00 00 18 42 00 00 40 42 00 00 3C 42
00 00 48 42 00 00 58 42 00 00 6C 42 00 00 70 42 00 00 80 42 00 00 86 42 00 00 86 42 00 00 94 42
00 00 96 42 00 00 9C 42 00 00 A4 42 00 00 A2 42 00 00 B2 42 00 00 AA 42 00 00 B6 42 00 00 B2 42
00 00 AC 42 00 00 BA 42 00 00 A8 42 00 00 AE 42 00 00 A8 42 00 00 A0 42 00 00 9E 42 00 00 9A 42
00 00 8C 42 00 00 86 42 00 00 84 42 00 00 74 42 00 00 5C 42 00 00 50 42 00 00 48 42 00 00 30 42
00 00 28 42 00 00 14 42 00 00 08 42 00 00 D0 41 00 00 B8 41 00 00 80 41 00 00 30 41 00 00 10 41
00 00 40 40 00 00 E0 C0 00 00 C0 C0 00 00 60 C1 00 00 A8 C1 00 00 C8 C1 00 00 F0 C1 00 00 04 C2
00 00 28 C2 00 00 30 C2 00 00 50 C2 00 00 5C C2 00 00 6C C2 00 00 80 C2 00 00 88 C2 00 00 98 C2
00 00 9C C2 00 00 AA C2 00 00 B0 C2 00 00 B0 C2 00 00 B6 C2 00 00 C2 C2 00 00 CA C2 00 00 CE C2
00 00 D2 C2 00 00 D6 C2 00 00 DC C2 00 00 E0 C2 00 00 E0 C2 00 00 E6 C2 00 00 E6 C2 00 00 E4 C2
00 00 E2 C2 00 00 E4 C2 00 00 DC C2 00 00 DA C2 00 00 D0 C2 00 00 D4 C2 00 00 C2 C2 00 00 CA C2
00 00 C4 C2 00 00 B4 C2 00 00 B0 C2 00 00 A4 C2 00 00 A0 C2 00 00 94 C2 00 00 8A C2 00 00 7C C2
00 00 5C C2 00 00 5C C2 00 00 40 C2 00 00 2C C2 00 00 10 C2 00 00 04 C2 00 00 D0 C1 00 00 90 C1
00 00 20 C1 00 00 80 C0 00 00 00 40 00 00 E0 40 00 00 70 41 00 00 80 41 00 00 C0 41 00 00 E0 41
00 00 F0 41 00 00 08 42 00 00 28 42 00 00 34 42 00 00 3C 42 00 00 58 42 00 00 64 42 00 00 64 42
00 00 7C 42 00 00 74 42 00 00 8E 42 00 00 92 42 00 00 8C 42 00 00 9A 42 00 00 9A 42 00 00 A6 42
00 00 AC 42 00 00 AE 42 00 00 BC 42 00 00 B8 42 00 00 BE 42 00 00 BC 42 00 00 BE 42 00 00 CA 42
00 00 BC 42 00 00 C0 42 00 00 BE 42 00 00 B4 42 00 00 B4 42 00 00 B2 42 00 00 A2 42 00 00 A2 42
00 00 9A 42 00 00 90 42 00 00 8C 42 00 00 80 42 00 00 7C 42 00 00 54 42 00 00 40 42 00 00 40 42
00 00 28 42 00 00 1C 42 00 00 08 42 00 00 E0 41 00 00 98 41 00 00 90 41 00 00 10 41 00 00 10 41
00 00 00 40 00 00 80 C0 00 00 20 C1 00 00 80 C1 00 00 B0 C1 00 00 E8 C1 00 00 F0 C1 00 00 18 C2
00 00 30 C2 00 00 40 C2 00 00 58 C2 00 00 60 C2 00 00 70 C2 00 00 70 C2 00 00 88 C2 00 00 92 C2
00 00 96 C2 00 00 9E C2 00 00 A4 C2 00 00 A6 C2 00 00 AE C2 00 00 BA C2 00 00 BA C2 00 00 BC C2
00 00 C2 C2 00 00 C8 C2 00 00 CA C2 00 00 CC C2 00 00 D0 C2 00 00 D2 C2 00 00 D2 C2 00 00 C8 C2
00 00 CC C2 00 00 CC C2 00 00 C6 C2 00 00 C6 C2 00 00 C0 C2 00 00 BE C2 00 00 B4 C2 00 00 B6 C2
00 00 A4 C2 00 00 9C C2 00 00 9C C2 00 00 8C C2 00 00 82 C2 00 00 7C C2 00 00 70 C2 00 00 58 C2
00 00 44 C2 00 00 3C C2 00 00 18 C2 00 00 F0 C1 00 00 C8 C1 00 00 A8 C1 00 00 60 C1 00 00 80 C0
00 00 00 00 00 00 E0 40 00 00 50 41 00 00 A0 41 00 00 D8 41 00 00 00 42 00 00 1C 42 00 00 34 42
00 00 50 42 00 00 5C 42 00 00 7C 42 00 00 86 42 00 00 8C 42 00 00 A6 42 00 00 9C 42 00 00 AA 42
00 00 B2 42 00 00 B0 42 00 00 C0 42 00 00 BE 42 00 00 C2 42 00 00 CC 42 00 00 D2 42 00 00 DA 42
00 00 E0 42 00 00 E2 42 00 00 EA 42 00 00 E6 42 00 00 F4 42 00 00 EC 42 00 00 F0 42 00 00 F8 42
00 00 EA 42 00 00 F4 42 00 00 E6 42 00 00 E8 42 00 00 E2 42 00 00 D4 42 00 00 DA 42 00 00 D0 42
00 00 CC 42 00 00 BE 42 00 00 BA 42 00 00 B2 42 00 00 A4 42 00 00 9E 42 00 00 96 42 00 00 90 42
00 00 82 42 00 00 68 42 00 00 5C 42 00 00 3C 42 00 00 2C 42 00 00 1C 42 00 00 E0 41 00 00 C8 41
00 00 80 41 00 00 50 41 00 00 80 40 00 00 80 C0 00 00 80 C0 00 00 60 C1 00 00 90 C1 00 00 D0 C1
00 00 E0 C1 00 00 08 C2 00 00 14 C2 00 00 1C C2 00 00 3C C2 00 00 54 C2 00 00 64 C2 00 00 78 C2
00 00 80 C2 00 00 86 C2 00 00 8E C2 00 00 90 C2 00 00 9E C2 00 00 9E C2 00 00 B2 C2 00 00 A8 C2
00 00 B6 C2 00 00 B8 C2 00 00 B6 C2 00 00 C0 C2 00 00 C6 C2 00 00 B8 C2 00 00 BE C2 00 00 C0 C2
00 00 BC C2 00 00 BC C2 00 00 B6 C2 00 00 B6 C2 00 00 AA C2 00 00 B0 C2 00 00 9E C2 00 00 9C C2
00 00 92 C2 00 00 86 C2 00 00 78 C2 00 00 80 C2 00 00 6C C2 00 00 54 C2 00 00 38 C2 00 00 30 C2
00 00 04 C2 00 00 F0 C1 00 00 C8 C1 00 00 88 C1 00 00 40 C1 00 00 E0 C0 00 00 40 C0 00 00 A0 40
00 00 C0 40 00 00 10 41 00 00 40 41 00 00 60 41 00 00 A8 41 00 00 B0 41 00 00 E8 41 00 00 04 42
00 00 2C 42 00 00 30 42 00 00 44 42 00 00 60 42 00 00 78 42 00 00 90 42 00 00 98 42 00 00 A8 42
00 00 AE 42 00 00 BC 42 00 00 D2 42 00 00 DC 42 00 00 F2 42 00 00 F8 42 00 00 03 43 00 00 0B 43
00 00 10 43 00 00 17 43 00 00 19 43 00 00 24 43 00 00 27 43 00 00 2B 43 00 00 30 43 00 00 35 43
00 00 39 43 00 00 3D 43 00 00 44 43 00 00 45 43 00 00 4B 43 00 00 4B 43 00 00 52 43 00 00 54 43
00 00 57 43 00 00 5C 43 00 00 5F 43 00 00 60 43 00 00 63 43 00 00 63 43 00 00 68 43 00 00 65 43
00 00 65 43 00 00 66 43 00 00 62 43 00 00 61 43 00 00 60 43 00 00 61 43 00 00 5A 43 00 00 54 43
00 00 51 43 00 00 4E 43 00 00 46 43 00 00 43 43 00 00 3F 43 00 00 38 43 00 00 37 43 00 00 2D 43
00 00 2B 43 00 00 24 43 00 00 1D 43 00 00 19 43 00 00 10 43 00 00 0D 43 00 00 05 43 00 00 FA 42
00 00 F0 42 00 00 E2 42 00 00 D2 42 00 00 CC 42 00 00 BE 42 00 00 B4 42 00 00 AC 42 00 00 9C 42
00 00 88 42 00 00 86 42 00 00 64 42 00 00 60 42 00 00 50 42 00 00 38 42 00 00 28 42 00 00 1C 42
00 00 10 42 00 00 0C 42 00 00 D8 41 00 00 C8 41 00 00 A8 41 00 00 A8 41 00 00 90 41 00 00 40 41
00 00 30 41 00 00 40 40 00 00 80 3F 00 00 80 3F 00 00 00 C0 00 00 00 C0 00 00 80 C0 00 00 30 C1
00 00 10 C1 00 00 20 C1 00 00 30 C1 00 00 00 C1 00 00 E0 C0 00 00 80 C0 00 00 00 40 00 00 80 40
00 00 00 41 00 00 30 41 00 00 88 41 00 00 C0 41 00 00 C0 41 00 00 00 42 00 00 1C 42 00 00 2C 42
00 00 3C 42 00 00 48 42 00 00 6C 42 00 00 82 42 00 00 8E 42 00 00 9C 42 00 00 AC 42 00 00 BE 42
00 00 C2 42 00 00 D4 42 00 00 E6 42 00 00 DC 42 00 00 F2 42 00 00 FE 42 00 00 FE 42 00 00 08 43
00 00 0D 43 00 00 13 43 00 00 19 43 00 00 21 43 00 00 25 43 00 00 29 43 00 00 2F 43 00 00 32 43
00 00 36 43 00 00 3D 43 00 00 40 43 00 00 42 43 00 00 47 43 00 00 4C 43 00 00 4B 43 00 00 50 43
00 00 51 43 00 00 55 43 00 00 58 43 00 00 59 43 00 00 5F 43 00 00 5F 43 00 00 5F 43 00 00 5F 43
00 00 60 43 00 00 61 43 00 00 5F 43 00 00 60 43 00 00 5C 43 00 00 5B 43 00 00 57 43 00 00 5A 43
00 00 53 43 00 00 52 43 00 00 4D 43 00 00 49 43 00 00 46 43 00 00 40 43 00 00 41 43 00 00 39 43
00 00 35 43 00 00 31 43 00 00 2C 43 00 00 28 43 00 00 20 43 00 00 1C 43 00 00 10 43 00 00 0E 43
00 00 05 43 00 00 00 43 00 00 F4 42 00 00 EC 42 00 00 DE 42 00 00 D2 42 00 00 C0 42 00 00 B4 42
00 00 AE 42 00 00 A6 42 00 00 90 42 00 00 8E 42 00 00 88 42 00 00 74 42 00 00 64 42 00 00 54 42
00 00 44 42 00 00 24 42 00 00 18 42 00 00 14 42 00 00 F8 41 00 00 E0 41 00 00 F0 41 00 00 C8 41
00 00 C0 41 00 00 90 41 00 00 70 41 00 00 70 41 00 00 10 41 00 00 20 41 00 00 E0 40 00 00 00 41
00 00 00 41 00 00 30 41 00 00 20 41 00 00 40 41 00 00 80 41 00 00 80 41 00 00 B0 41 00 00 C0 41
00 00 E0 41 00 00 04 42 00 00 10 42 00 00 38 42 00 00 44 42 00 00 58 42 00 00 6C 42 00 00 82 42
00 00 92 42 00 00 A0 42 00 00 AE 42 00 00 BC 42 00 00 C6 42 00 00 DA 42 00 00 E4 42 00 00 F2 42
00 00 01 43 00 00 07 43 00 00 0D 43 00 00 15 43 00 00 1B 43 00 00 1F 43 00 00 28 43 00 00 31 43
00 00 34 43 00 00 3C 43 00 00 3E 43 00 00 43 43 00 00 4B 43 00 00 50 43 00 00 59 43 00 00 5C 43
00 00 5F 43 00 00 63 43 00 00 64 43 00 00 69 43 00 00 6C 43 00 00 6F 43 00 00 76 43 00 00 77 43
00 00 79 43 00 00 7B 43 00 00 7C 43 00 00 80 43 00 00 7F 43 00 00 81 43 00 00 81 43 00 00 7F 43
00 00 7E 43 00 00 7E 43 00 00 7B 43 00 00 79 43 00 00 76 43 00 00 72 43 00 00 6C 43 00 00 69 43
00 00 67 43 00 00 5F 43 00 00 5C 43 00 00 59 43 00 00 55 43 00 00 52 43 00 00 4D 43 00 00 48 43
00 00 44 43 00 00 3F 43 00 00 3B 43 00 00 33 43 00 00 2E 43 00 00 27 43 00 00 1D 43 00 00 1A 43
00 00 11 43 00 00 0E 43 00 00 08 43 00 00 FE 42 00 00 F0 42 00 00 EC 42 00 00 DC 42 00 00 D8 42
00 00 C2 42 00 00 BA 42 00 00 AE 42 00 00 9E 42 00 00 9E 42 00 00 92 42 00 00 94 42 00 00 88 42
00 00 80 42 00 00 6C 42 00 00 58 42 00 00 58 42 00 00 44 42 00 00 30 42 00 00 24 42 00 00 0C 42
00 00 10 42 00 00 00 42 00 00 E0 41 00 00 E8 41 00 00 B0 41 00 00 C0 41 00 00 A8 41 00 00 B8 41
00 00 B0 41 00 00 A8 41 00 00 D8 41 00 00 B8 41 00 00 F8 41 00 00 F0 41 00 00 04 42 00 00 24 42
00 00 28 42 00 00 30 42 00 00 44 42 00 00 70 42 00 00 64 42 00 00 84 42 00 00 92 42 00 00 98 42
00 00 AE 42 00 00 B6 42 00 00 BE 42 00 00 D2 42 00 00 D8 42 00 00 EE 42 00 00 F6 42 00 00 03 43
00 00 07 43 00 00 11 43 00 00 18 43 00 00 1D 43 00 00 24 43 00 00 29 43 00 00 32 43 00 00 36 43
00 00 3C 43 00 00 42 43 00 00 48 43 00 00 4E 43 00 00 53 43 00 00 57 43 00 00 5D 43 00 00 61 43
00 00 65 43 00 00 69 43 00 00 6B 43 00 00 72 43 00 00 75 43 00 00 7A 43 00 00 7C 43 00 00 7B 43
00 00 7F 43 00 00 80 43 00 00 82 43 00 80 82 43 00 80 84 43 00 80 83 43 00 00 82 43 00 00 7F 43
00 00 7F 43 00 00 79 43 00 00 78 43 00 00 75 43 00 00 70 43 00 00 6B 43 00 00 69 43 00 00 68 43
00 00 5F 43 00 00 5D 43 00 00 55 43 00 00 54 43 00 00 51 43 00 00 49 43 00 00 48 43 00 00 3F 43
00 00 3C 43 00 00 35 43 00 00 2E 43 00 00 2A 43 00 00 22 43 00 00 1A 43 00 00 11 43 00 00 0E 43
00 00 06 43 00 00 FE 42 00 00 EE 42 00 00 E0 42 00 00 E0 42 00 00 D4 42 00 00 C8 42 00 00 BA 42
00 00 AC 42 00 00 A4 42 00 00 92 42 00 00 88 42 00 00 80 42 00 00 6C 42 00 00 58 42 00 00 48 42
00 00 3C 42 00 00 28 42 00 00 1C 42 00 00 10 42 00 00 04 42 00 00 E8 41 00 00 C8 41 00 00 C0 41
00 00 B0 41 00 00 90 41 00 00 50 41 00 00 88 41 00 00 50 41 00 00 60 41 00 00 30 41 00 00 50 41
00 00 80 41 00 00 90 41 00 00 A0 41 00 00 C0 41 00 00 C8 41 00 00 04 42 00 00 0C 42 00 00 10 42
00 00 1C 42 00 00 2C 42 00 00 40 42 00 00 54 42 00 00 68 42 00 00 7C 42 00 00 8E 42 00 00 9C 42
00 00 A2 42 00 00 B2 42 00 00 C0 42 00 00 CC 42 00 00 E4 42 00 00 E6 42 00 00 F8 42 00 00 01 43
00 00 03 43 00 00 0E 43 00 00 16 43 00 00 1F 43 00 00 24 43 00 00 29 43 00 00 30 43 00 00 2F 43
00 00 35 43 00 00 3B 43 00 00 40 43 00 00 47 43 00 00 4A 43 00 00 4D 43 00 00 51 43 00 00 59 43
00 00 5A 43 00 00 5F 43 00 00 61 43 00 00 67 43 00 00 6C 43 00 00 6D 43 00 00 6F 43 00 00 75 43
00 00 78 43 00 00 76 43 00 00 79 43 00 00 79 43 00 00 79 43 00 00 7D 43 00 00 79 43 00 00 77 43
00 00 74 43 00 00 72 43 00 00 72 43 00 00 6D 43 00 00 6D 43 00 00 6A 43 00 00 60 43 00 00 5F 43
00 00 53 43 00 00 52 43 00 00 53 43 00 00 4B 43 00 00 4D 43 00 00 42 43 00 00 3E 43 00 00 39 43
00 00 30 43 00 00 2D 43 00 00 26 43 00 00 1C 43 00 00 19 43 00 00 10 43 00 00 0A 43 00 00 07 43
00 00 F8 42 00 00 F2 42 00 00 E6 42 00 00 DC 42 00 00 CE 42 00 00 C4 42 00 00 BE 42 00 00 AE 42
00 00 A2 42 00 00 9E 42 00 00 94 42 00 00 8A 42 00 00 84 42 00 00 80 42 00 00 64 42 00 00 60 42
00 00 50 42 00 00 44 42 00 00 34 42 00 00 34 42 00 00 1C 42 00 00 0C 42 00 00 08 42 00 00 F8 41
00 00 E8 41 00 00 F0 41 00 00 C8 41 00 00 E0 41 00 00 F8 41 00 00 E8 41 00 00 E0 41 00 00 F8 41
00 00 F0 41 00 00 0C 42 00 00 18 42 00 00 1C 42 00 00 30 42 00 00 34 42 00 00 44 42 00 00 50 42
00 00 64 42 00 00 68 42 00 00 7C 42 00 00 88 42 00 00 96 42 00 00 9E 42 00 00 A8 42 00 00 B2 42
00 00 BE 42 00 00 C8 42 00 00 D0 42 00 00 E0 42 00 00 E8 42 00 00 F8 42 00 00 01 43 00 00 0A 43
00 00 11 43 00 00 15 43 00 00 1C 43 00 00 20 43 00 00 2A 43 00 00 2E 43 00 00 33 43 00 00 3B 43
00 00 3D 43 00 00 46 43 00 00 4A 43 00 00 4E 43 00 00 56 43 00 00 56 43 00 00 5C 43 00 00 62 43
00 00 63 43 00 00 67 43 00 00 69 43 00 00 6C 43 00 00 74 43 00 00 75 43 00 00 78 43 00 00 7A 43
00 00 7B 43 00 00 7F 43 00 00 81 43 00 00 81 43 00 80 82 43 00 00 85 43 00 80 80 43 00 00 83 43
00 00 81 43 00 00 7E 43 00 00 80 43 00 00 7A 43 00 00 7D 43 00 00 76 43 00 00 70 43 00 00 70 43
00 00 6D 43 00 00 66 43 00 00 63 43 00 00 60 43 00 00 5B 43 00 00 56 43 00 00 4F 43 00 00 4D 43
00 00 47 43 00 00 41 43 00 00 3A 43 00 00 35 43 00 00 30 43 00 00 26 43 00 00 22 43 00 00 1C 43
00 00 14 43 00 00 15 43 00 00 0E 43 00 00 07 43 00 00 02 43 00 00 F8 42 00 00 E8 42 00 00 DC 42
00 00 D8 42 00 00 CE 42 00 00 C0 42 00 00 AE 42 00 00 AE 42 00 00 A6 42 00 00 9C 42 00 00 94 42
00 00 90 42 00 00 8C 42 00 00 82 42 00 00 82 42 00 00 7C 42 00 00 82 42 00 00 54 42 00 00 64 42
00 00 54 42 00 00 44 42 00 00 3C 42 00 00 3C 42 00 00 40 42 00 00 40 42 00 00 48 42 00 00 48 42
00 00 48 42 00 00 60 42 00 00 68 42 00 00 70 42 00 00 84 42 00 00 8C 42 00 00 94 42 00 00 A0 42
00 00 A6 42 00 00 B2 42 00 00 BE 42 00 00 C4 42 00 00 D6 42 00 00 D4 42 00 00 E4 42 00 00 EC 42
00 00 F6 42 00 00 00 43 00 00 07 43 00 00 10 43 00 00 15 43 00 00 1E 43 00 00 25 43 00 00 29 43
00 00 31 43 00 00 39 43 00 00 3E 43 00 00 43 43 00 00 49 43 00 00 4F 43 00 00 54 43 00 00 56 43
00 00 5F 43 00 00 63 43 00 00 6A 43 00 00 6F 43 00 00 73 43 00 00 77 43 00 00 78 43 00 00 7C 43
00 00 7C 43 00 00 7F 43 00 80 82 43 00 80 83 43 00 80 87 43 00 80 85 43 00 00 88 43 00 00 8A 43
00 80 8A 43 00 80 8B 43 00 00 8D 43 00 00 8D 43 00 00 8F 43 00 80 8D 43 00 00 8D 43 00 00 8C 43
00 00 8B 43 00 00 8A 43 00 00 88 43 00 80 86 43 00 00 86 43 00 80 83 43 00 80 82 43 00 00 80 43
00 00 7B 43 00 00 7B 43 00 00 72 43 00 00 6F 43 00 00 6B 43 00 00 64 43 00 00 63 43 00 00 58 43
00 00 55 43 00 00 50 43 00 00 4C 43 00 00 46 43 00 00 3B 43 00 00 38 43 00 00 34 43 00 00 29 43
00 00 24 43 00 00 1A 43 00 00 17 43 00 00 11 43 00 00 0A 43 00 00 07 43 00 00 03 43 00 00 FC 42
00 00 F4 42 00 00 E8 42 00 00 E4 42 00 00 D4 42 00 00 D4 42 00 00 C6 42 00 00 BE 42 00 00 B6 42
00 00 A6 42 00 00 A2 42 00 00 9E 42 00 00 90 42 00 00 90 42 00 00 86 42 00 00 86 42 00 00 78 42
00 00 70 42 00 00 70 42 00 00 68 42 00 00 64 42 00 00 5C 42 00 00 60 42 00 00 68 42 00 00 6C 42
00 00 74 42 00 00 7C 42 00 00 82 42 00 00 86 42 00 00 8E 42 00 00 94 42 00 00 9E 42 00 00 AC 42
00 00 B0 42 00 00 B6 42 00 00 C0 42 00 00 D0 42 00 00 DE 42 00 00 EE 42 00 00 F2 42 00 00 FE 42
00 00 05 43 00 00 0C 43 00 00 12 43 00 00 1C 43 00 00 21 43 00 00 23 43 00 00 2F 43 00 00 33 43
00 00 3C 43 00 00 45 43 00 00 48 43 00 00 54 43 00 00 53 43 00 00 5C 43 00 00 63 43 00 00 66 43
00 00 6B 43 00 00 73 43 00 00 75 43 00 00 7A 43 00 00 7E 43 00 80 81 43 00 00 83 43 00 80 83 43
00 00 85 43 00 80 86 43 00 00 88 43 00 80 88 43 00 00 8B 43 00 00 8C 43 00 00 8D 43 00 00 8F 43
00 00 8F 43 00 00 90 43 00 80 8F 43 00 00 91 43 00 00 90 43 00 00 8F 43 00 00 92 43 00 80 91 43
00 80 90 43 00 00 90 43 00 00 8D 43 00 00 8B 43 00 00 89 43 00 80 87 43 00 00 85 43 00 80 83 43
00 00 7F 43 00 00 7A 43 00 00 75 43 00 00 6F 43 00 00 6B 43 00 00 65 43 00 00 5E 43 00 00 56 43
00 00 4D 43 00 00 4B 43 00 00 42 43 00 00 3D 43 00 00 32 43 00 00 32 43 00 00 2B 43 00 00 26 43
00 00 1F 43 00 00 1A 43 00 00 15 43 00 00 0F 43 00 00 08 43 00 00 03 43 00 00 FE 42 00 00 F6 42
00 00 E6 42 00 00 E0 42 00 00 D8 42 00 00 CA 42 00 00 C2 42 00 00 C2 42 00 00 B2 42 00 00 AE 42
00 00 A8 42 00 00 9A 42 00 00 96 42 00 00 88 42 00 00 8A 42 00 00 86 42 00 00 7C 42 00 00 82 42
00 00 6C 42 00 00 60 42 00 00 68 42 00 00 5C 42 00 00 5C 42 00 00 5C 42 00 00 58 42 00 00 70 42
00 00 70 42 00 00 82 42 00 00 8C 42 00 00 86 42 00 00 8E 42 00 00 98 42 00 00 A2 42 00 00 AA 42
00 00 B2 42 00 00 BC 42 00 00 CA 42 00 00 CE 42 00 00 D8 42 00 00 E2 42 00 00 EE 42 00 00 FA 42
00 00 03 43 00 00 0A 43 00 00 11 43 00 00 18 43 00 00 1E 43 00 00 22 43 00 00 2B 43 00 00 30 43
00 00 3A 43 00 00 40 43 00 00 47 43 00 00 4F 43 00 00 53 43 00 00 5C 43 00 00 61 43 00 00 6A 43
00 00 6D 43 00 00 75 43 00 00 7C 43 00 00 80 43 00 00 80 43 00 00 84 43 00 80 84 43 00 80 88 43
00 80 88 43 00 80 88 43 00 80 8B 43 00 80 8B 43 00 00 8F 43 00 80 8F 43 00 80 91 43 00 80 92 43
00 00 94 43 00 00 96 43 00 00 97 43 00 80 98 43 00 80 96 43 00 80 98 43 00 80 96 43 00 00 95 43
00 00 92 43 00 00 92 43 00 80 8F 43 00 80 8C 43 00 80 8C 43 00 80 8A 43 00 00 86 43 00 00 87 43
00 80 84 43 00 80 81 43 00 00 81 43 00 00 79 43 00 00 73 43 00 00 6E 43 00 00 69 43 00 00 62 43
00 00 5A 43 00 00 56 43 00 00 49 43 00 00 43 43 00 00 3F 43 00 00 39 43 00 00 32 43 00 00 29 43
00 00 21 43 00 00 18 43 00 00 15 43 00 00 0C 43 00 00 06 43 00 00 FA 42 00 00 F8 42 00 00 E8 42
00 00 E0 42 00 00 D2 42 00 00 C8 42 00 00 C4 42 00 00 B8 42 00 00 B4 42 00 00 B4 42 00 00 AC 42
00 00 A4 42 00 00 A0 42 00 00 96 42 00 00 90 42 00 00 8E 42 00 00 86 42 00 00 80 42 00 00 74 42
00 00 82 42 00 00 70 42 00 00 70 42 00 00 60 42 00 00 64 42 00 00 74 42 00 00 6C 42 00 00 7C 42
00 00 80 42 00 00 84 42 00 00 8E 42 00 00 9E 42 00 00 A0 42 00 00 AA 42 00 00 B2 42 00 00 BA 42
00 00 CA 42 00 00 D0 42 00 00 D8 42 00 00 E2 42 00 00 E6 42 00 00 F0 42 00 00 FE 42 00 00 01 43
00 00 0B 43 00 00 0F 43 00 00 14 43 00 00 1F 43 00 00 22 43 00 00 2D 43 00 00 32 43 00 00 37 43
00 00 F8 C1 00 00 E8 C1 00 00 D8 C1 00 00 B8 C1 00 00 98 C1 00 00 88 C1 00 00 40 C1 00 00 E0 C0
00 00 40 C0 00 00 40 40 00 00 00 41 00 00 80 41 00 00 B0 41 00 00 00 42 00 00 14 42 00 00 2C 42
00 00 3C 42 00 00 58 42 00 00 68 42 00 00 84 42 00 00 8E 42 00 00 98 42 00 00 A8 42 00 00 AE 42
00 00 C2 42 00 00 C6 42 00 00 CC 42 00 00 D4 42 00 00 DE 42 00 00 EA 42 00 00 F0 42 00 00 FC 42
00 00 04 43 00 00 06 43 00 00 0A 43 00 00 0D 43 00 00 14 43 00 00 18 43 00 00 1A 43 00 00 1D 43
00 00 1E 43 00 00 21 43 00 00 23 43 00 00 22 43 00 00 22 43 00 00 22 43 00 00 24 43 00 00 21 43
00 00 1F 43 00 00 1F 43 00 00 1F 43 00 00 1D 43 00 00 1B 43 00 00 18 43 00 00 17 43 00 00 11 43
00 00 11 43 00 00 0E 43 00 00 08 43 00 00 06 43 00 00 FA 42 00 00 FA 42 00 00 EC 42 00 00 E0 42
00 00 D8 42 00 00 CC 42 00 00 C6 42 00 00 B2 42 00 00 A6 42 00 00 A0 42 00 00 92 42 00 00 88 42
00 00 78 42 00 00 58 42 00 00 48 42 00 00 3C 42 00 00 24 42 00 00 10 42 00 00 F8 41 00 00 C8 41
00 00 B0 41 00 00 88 41 00 00 50 41 00 00 20 41 00 00 A0 40 00 00 00 00 00 00 40 C0 00 00 A0 C0
00 00 00 C1 00 00 60 C1 00 00 90 C1 00 00 A0 C1 00 00 B8 C1 00 00 E0 C1 00 00 F8 C1 00 00 04 C2
00 00 10 C2 00 00 1C C2 00 00 1C C2 00 00 20 C2 00 00 20 C2 00 00 30 C2 00 00 24 C2 00 00 10 C2
00 00 28 C2 00 00 10 C2 00 00 14 C2 00 00 08 C2 00 00 E8 C1 00 00 E0 C1 00 00 C8 C1 00 00 A8 C1
00 00 98 C1 00 00 60 C1 00 00 60 C1 00 00 E0 C0 00 00 80 C0 00 00 00 40 00 00 A0 40 00 00 50 41
00 00 A0 41 00 00 D0 41 00 00 04 42 00 00 0C 42 00 00 20 42 00 00 44 42 00 00 50 42 00 00 70 42
00 00 80 42 00 00 8E 42 00 00 98 42 00 00 A8 42 00 00 B4 42 00 00 B6 42 00 00 C0 42 00 00 D4 42
00 00 D2 42 00 00 E2 42 00 00 EA 42 00 00 F4 42 00 00 F8 42 00 00 02 43 00 00 07 43 00 00 08 43
00 00 0C 43 00 00 12 43 00 00 15 43 00 00 18 43 00 00 1E 43 00 00 20 43 00 00 21 43 00 00 27 43
00 00 27 43 00 00 2B 43 00 00 2E 43 00 00 2D 43 00 00 2E 43 00 00 30 43 00 00 2D 43 00 00 2D 43
00 00 29 43 00 00 2B 43 00 00 29 43 00 00 29 43 00 00 27 43 00 00 25 43 00 00 26 43 00 00 22 43
00 00 20 43 00 00 1B 43 00 00 17 43 00 00 16 43 00 00 11 43 00 00 0C 43 00 00 09 43 00 00 03 43
00 00 FC 42 00 00 E8 42 00 00 E8 42 00 00 DA 42 00 00 CA 42 00 00 C8 42 00 00 B4 42 00 00 B0 42
00 00 9E 42 00 00 96 42 00 00 80 42 00 00 78 42 00 00 6C 42 00 00 54 42 00 00 34 42 00 00 20 42
00 00 0C 42 00 00 F0 41 00 00 C8 41 00 00 A8 41 00 00 A8 41 00 00 30 41 00 00 20 41 00 00 C0 40
00 00 80 40 00 00 80 3F 00 00 40 C0 00 00 80 C0 00 00 00 C1 00 00 10 C1 00 00 50 C1 00 00 60 C1
00 00 90 C1 00 00 98 C1 00 00 B0 C1 00 00 B0 C1 00 00 B8 C1 00 00 C0 C1 00 00 B8 C1 00 00 88 C1
00 00 A0 C1 00 00 50 C1 00 00 88 C1 00 00 40 C1 00 00 50 C1 00 00 20 C1 00 00 40 C0 00 00 80 C0
00 00 80 3F 00 00 00 40 00 00 E0 40 00 00 10 41 00 00 90 41 00 00 A0 41 00 00 C0 41 00 00 04 42
00 00 0C 42 00 00 2C 42 00 00 40 42 00 00 58 42 00 00 6C 42 00 00 82 42 00 00 90 42 00 00 9C 42
00 00 AA 42 00 00 B8 42 00 00 C2 42 00 00 CC 42 00 00 E0 42 00 00 E8 42 00 00 F2 42 00 00 FE 42
00 00 00 43 00 00 07 43 00 00 0D 43 00 00 10 43 00 00 13 43 00 00 18 43 00 00 1B 43 00 00 21 43
00 00 24 43 00 00 26 43 00 00 2A 43 00 00 31 43 00 00 33 43 00 00 34 43 00 00 3B 43 00 00 3C 43
00 00 3F 43 00 00 3B 43 00 00 3E 43 00 00 3F 43 00 00 42 43 00 00 3F 43 00 00 40 43 00 00 3E 43
00 00 3D 43 00 00 3B 43 00 00 39 43 00 00 34 43 00 00 35 43 00 00 33 43 00 00 32 43 00 00 2E 43
00 00 28 43 00 00 25 43 00 00 22 43 00 00 1D 43 00 00 18 43 00 00 16 43 00 00 0F 43 00 00 06 43
00 00 05 43 00 00 FA 42 00 00 F0 42 00 00 DE 42 00 00 D8 42 00 00 C4 42 00 00 B8 42 00 00 B0 42
00 00 A0 42 00 00 96 42 00 00 8E 42 00 00 82 42 00 00 70 42 00 00 58 42 00 00 48 42 00 00 38 42
00 00 24 42 00 00 18 42 00 00 04 42 00 00 00 42 00 00 D8 41 00 00 A8 41 00 00 A0 41 00 00 50 41
00 00 40 41 00 00 30 41 00 00 C0 40 00 00 40 40 00 00 00 00 00 00 80 C0 00 00 10 C1 00 00 50 C1
00 00 40 C1 00 00 60 C1 00 00 80 C1 00 00 88 C1 00 00 70 C1 00 00 88 C1 00 00 88 C1 00 00 50 C1
00 00 88 C1 00 00 20 C1 00 00 50 C1 00 00 10 C1 00 00 E0 C0 00 00 A0 C0 00 00 00 00 00 00 00 00
00 00 80 40 00 00 E0 40 00 00 30 41 00 00 90 41 00 00 C0 41 00 00 D8 41 00 00 08 42 00 00 20 42
00 00 3C 42 00 00 54 42 00 00 70 42 00 00 84 42 00 00 8E 42 00 00 A0 42 00 00 A8 42 00 00 B4 42
00 00 C6 42 00 00 C8 42 00 00 DC 42 00 00 E4 42 00 00 EC 42 00 00 FA 42 00 00 07 43 00 00 09 43
00 00 0B 43 00 00 13 43 00 00 15 43 00 00 19 43 00 00 1D 43 00 00 20 43 00 00 28 43 00 00 2A 43
00 00 2F 43 00 00 31 43 00 00 35 43 00 00 38 43 00 00 3A 43 00 00 3F 43 00 00 3F 43 00 00 43 43
00 00 44 43 00 00 44 43 00 00 43 43 00 00 44 43 00 00 41 43 00 00 44 43 00 00 40 43 00 00 3E 43
00 00 40 43 00 00 38 43 00 00 3A 43 00 00 34 43 00 00 34 43 00 00 32 43 00 00 2F 43 00 00 2F 43
00 00 28 43 00 00 25 43 00 00 1F 43 00 00 1B 43 00 00 17 43 00 00 10 43 00 00 0C 43 00 00 06 43
00 00 01 43 00 00 F4 42 00 00 E8 42 00 00 D4 42 00 00 C8 42 00 00 BE 42 00 00 B8 42 00 00 B2 42
00 00 9A 42 00 00 9E 42 00 00 8C 42 00 00 7C 42 00 00 6C 42 00 00 54 42 00 00 40 42 00 00 2C 42
00 00 24 42 00 00 10 42 00 00 E8 41 00 00 D0 41 00 00 98 41 00 00 50 41 00 00 40 41 00 00 C0 40
00 00 40 40 00 00 00 40 00 00 40 C0 00 00 E0 C0 00 00 40 C1 00 00 40 C1 00 00 60 C1 00 00 88 C1
00 00 98 C1 00 00 A0 C1 00 00 80 C1 00 00 90 C1 00 00 88 C1 00 00 80 C1 00 00 50 C1 00 00 40 C1
00 00 10 C1 00 00 40 C0 00 00 C0 C0 00 00 40 C0 00 00 00 00 00 00 80 40 00 00 10 41 00 00 50 41
00 00 88 41 00 00 A0 41 00 00 C0 41 00 00 F0 41 00 00 F8 41 00 00 24 42 00 00 3C 42 00 00 44 42
00 00 60 42 00 00 78 42 00 00 8C 42 00 00 92 42 00 00 9E 42 00 00 AE 42 00 00 BA 42 00 00 CE 42
00 00 D4 42 00 00 DE 42 00 00 EE 42 00 00 F6 42 00 00 02 43 00 00 06 43 00 00 08 43 00 00 13 43
00 00 10 43 00 00 1A 43 00 00 1C 43 00 00 1E 43 00 00 28 43 00 00 28 43 00 00 2B 43 00 00 2F 43
00 00 33 43 00 00 37 43 00 00 3B 43 00 00 41 43 00 00 42 43 00 00 43 43 00 00 47 43 00 00 48 43
00 00 4E 43 00 00 4C 43 00 00 4F 43 00 00 4B 43 00 00 49 43 00 00 4D 43 00 00 47 43 00 00 49 43
00 00 43 43 00 00 41 43 00 00 42 43 00 00 3B 43 00 00 3B 43 00 00 36 43 00 00 33 43 00 00 32 43
00 00 2C 43 00 00 2C 43 00 00 24 43 00 00 21 43 00 00 1D 43 00 00 12 43 00 00 11 43 00 00 0A 43
00 00 03 43 00 00 F6 42 00 00 E8 42 00 00 E0 42 00 00 DC 42 00 00 CE 42 00 00 BE 42 00 00 B4 42
00 00 AC 42 00 00 9C 42 00 00 9C 42 00 00 8C 42 00 00 8C 42 00 00 82 42 00 00 70 42 00 00 58 42
00 00 40 42 00 00 40 42 00 00 30 42 00 00 24 42 00 00 18 42 00 00 08 42 00 00 F0 41 00 00 D8 41
00 00 B0 41 00 00 B8 41 00 00 80 41 00 00 88 41 00 00 20 41 00 00 C0 40 00 00 40 40 00 00 00 40
00 00 40 40 00 00 00 00 00 00 80 40 00 00 A0 40 00 00 40 40 00 00 80 40 00 00 10 41 00 00 50 41
00 00 70 41 00 00 20 41 00 00 80 41 00 00 50 41 00 00 B8 41 00 00 B8 41 00 00 C0 41 00 00 D8 41
00 00 08 42 00 00 10 42 00 00 1C 42 00 00 3C 42 00 00 50 42 00 00 50 42 00 00 82 42 00 00 82 42
00 00 96 42 00 00 A0 42 00 00 AE 42 00 00 BC 42 00 00 C0 42 00 00 D2 42 00 00 DA 42 00 00 E8 42
00 00 F2 42 00 00 01 43 00 00 05 43 00 00 0B 43 00 00 0F 43 00 00 16 43 00 00 17 43 00 00 1D 43
00 00 25 43 00 00 27 43 00 00 2C 43 00 00 30 43 00 00 35 43 00 00 39 43 00 00 3E 43 00 00 43 43
00 00 46 43 00 00 46 43 00 00 4C 43 00 00 53 43 00 00 50 43 00 00 55 43 00 00 54 43 00 00 57 43
00 00 59 43 00 00 58 43 00 00 5F 43 00 00 5A 43 00 00 57 43 00 00 59 43 00 00 57 43 00 00 57 43
00 00 57 43 00 00 56 43 00 00 54 43 00 00 50 43 00 00 4E 43 00 00 4F 43 00 00 47 43 00 00 47 43
00 00 3E 43 00 00 3D 43 00 00 3B 43 00 00 36 43 00 00 30 43 00 00 2A 43 00 00 26 43 00 00 1D 43
00 00 1B 43 00 00 16 43 00 00 0E 43 00 00 07 43 00 00 06 43 00 00 F6 42 00 00 F0 42 00 00 DC 42
00 00 CE 42 00 00 C6 42 00 00 BE 42 00 00 B6 42 00 00 AA 42 00 00 9E 42 00 00 9E 42 00 00 8E 42
00 00 88 42 00 00 84 42 00 00 68 42 00 00 64 42 00 00 5C 42 00 00 40 42 00 00 38 42 00 00 34 42
00 00 18 42 00 00 18 42 00 00 08 42 00 00 08 42 00 00 F0 41 00 00 F0 41 00 00 E0 41 00 00 D8 41
00 00 E8 41 00 00 D0 41 00 00 D0 41 00 00 E8 41 00 00 F0 41 00 00 F8 41 00 00 F0 41 00 00 0C 42
00 00 14 42 00 00 18 42 00 00 2C 42 00 00 20 42 00 00 44 42 00 00 40 42 00 00 48 42 00 00 68 42
00 00 68 42 00 00 84 42 00 00 88 42 00 00 92 42 00 00 A0 42 00 00 AE 42 00 00 B8 42 00 00 C0 42
00 00 CE 42 00 00 DA 42 00 00 E4 42 00 00 F4 42 00 00 FA 42 00 00 03 43 00 00 09 43 00 00 10 43
00 00 17 43 00 00 19 43 00 00 23 43 00 00 26 43 00 00 29 43 00 00 2F 43 00 00 33 43 00 00 39 43
00 00 3A 43 00 00 3E 43 00 00 43 43 00 00 46 43 00 00 4A 43 00 00 4E 43 00 00 52 43 00 00 55 43
00 00 56 43 00 00 5E 43 00 00 5E 43 00 00 5F 43 00 00 64 43 00 00 65 43 00 00 69 43 00 00 66 43
00 00 6B 43 00 00 69 43 00 00 68 43 00 00 67 43 00 00 67 43 00 00 67 43 00 00 61 43 00 00 62 43
00 00 62 43 00 00 5C 43 00 00 5D 43 00 00 59 43 00 00 56 43 00 00 52 43 00 00 50 43 00 00 50 43
00 00 4C 43 00 00 48 43 00 00 41 43 00 00 40 43 00 00 3B 43 00 00 36 43 00 00 33 43 00 00 28 43
00 00 22 43 00 00 1C 43 00 00 14 43 00 00 13 43 00 00 0C 43 00 00 06 43 00 00 03 43 00 00 F6 42
00 00 E8 42 00 00 E2 42 00 00 D0 42 00 00 C6 42 00 00 C8 42 00 00 B8 42 00 00 B2 42 00 00 A8 42
00 00 9E 42 00 00 9E 42 00 00 94 42 00 00 90 42 00 00 86 42 00 00 70 42 00 00 74 42 00 00 54 42
00 00 50 42 00 00 54 42 00 00 28 42 00 00 24 42 00 00 18 42 00 00 10 42 00 00 0C 42 00 00 F8 41
00 00 08 42 00 00 E0 41 00 00 F0 41 00 00 08 42 00 00 E0 41 00 00 10 42 00 00 08 42 00 00 08 42
00 00 18 42 00 00 08 42 00 00 2C 42 00 00 28 42 00 00 38 42 00 00 44 42 00 00 58 42 00 00 68 42
00 00 70 42 00 00 84 42 00 00 8C 42 00 00 9C 42 00 00 A8 42 00 00 B2 42 00 00 BE 42 00 00 CE 42
00 00 DA 42 00 00 E8 42 00 00 F2 42 00 00 01 43 00 00 06 43 00 00 0D 43 00 00 11 43 00 00 1A 43
00 00 1D 43 00 00 23 43 00 00 2B 43 00 00 2D 43 00 00 32 43 00 00 35 43 00 00 39 43 00 00 43 43
00 00 44 43 00 00 4B 43 00 00 4A 43 00 00 4B 43 00 00 56 43 00 00 51 43 00 00 57 43 00 00 5C 43
00 00 5E 43 00 00 62 43 00 00 68 43 00 00 6A 43 00 00 6B 43 00 00 70 43 00 00 75 43 00 00 70 43
00 00 76 43 00 00 74 43 00 00 71 43 00 00 75 43 00 00 73 43 00 00 70 43 00 00 71 43 00 00 70 43
00 00 6D 43 00 00 69 43 00 00 68 43 00 00 63 43 00 00 62 43 00 00 60 43 00 00 5D 43 00 00 5A 43
00 00 54 43 00 00 4C 43 00 00 4A 43 00 00 44 43 00 00 3F 43 00 00 37 43 00 00 32 43 00 00 2A 43
00 00 28 43 00 00 21 43 00 00 1A 43 00 00 17 43 00 00 0E 43 00 00 05 43 00 00 04 43 00 00 F8 42
00 00 F4 42 00 00 E0 42 00 00 D6 42 00 00 CE 42 00 00 C0 42 00 00 BE 42 00 00 AE 42 00 00 AA 42
00 00 9E 42 00 00 9A 42 00 00 98 42 00 00 88 42 00 00 78 42 00 00 70 42 00 00 60 42 00 00 54 42
00 00 40 42 00 00 38 42 00 00 3C 42 00 00 28 42 00 00 24 42 00 00 14 42 00 00 14 42 00 00 1C 42
00 00 10 42 00 00 14 42 00 00 08 42 00 00 24 42 00 00 20 42 00 00 28 42 00 00 20 42 00 00 1C 42
00 00 34 42 00 00 34 42 00 00 48 42 00 00 54 42 00 00 58 42 00 00 68 42 00 00 7C 42 00 00 86 42
00 00 8E 42 00 00 96 42 00 00 A6 42 00 00 AC 42 00 00 B8 42 00 00 C0 42 00 00 D0 42 00 00 D8 42
00 00 E4 42 00 00 F2 42 00 00 FE 42 00 00 07 43 00 00 0E 43 00 00 13 43 00 00 1A 43 00 00 22 43
00 00 26 43 00 00 2B 43 00 00 30 43 00 00 33 43 00 00 39 43 00 00 3E 43 00 00 44 43 00 00 45 43
00 00 4C 43 00 00 4F 43 00 00 54 43 00 00 58 43 00 00 5F 43 00 00 62 43 00 00 65 43 00 00 6C 43
00 00 6E 43 00 00 72 43 00 00 75 43 00 00 79 43 00 00 7C 43 00 00 7B 43 00 00 7E 43 00 00 7D 43
00 80 80 43 00 00 7E 43 00 00 7B 43 00 00 7E 43 00 00 7B 43 00 00 7A 43 00 00 7C 43 00 00 7A 43
00 00 7C 43 00 00 74 43 00 00 73 43 00 00 6F 43 00 00 6C 43 00 00 6C 43 00 00 62 43 00 00 5F 43
00 00 5C 43 00 00 5A 43 00 00 55 43 00 00 4B 43 00 00 49 43 00 00 44 43 00 00 3F 43 00 00 3A 43
00 00 2E 43 00 00 2C 43 00 00 24 43 00 00 1E 43 00 00 15 43 00 00 0D 43 00 00 09 43 00 00 FC 42
00 00 F4 42 00 00 EC 42 00 00 DE 42 00 00 D8 42 00 00 C6 42 00 00 C2 42 00 00 B0 42 00 00 AA 42
00 00 A0 42 00 00 96 42 00 00 96 42 00 00 8A 42 00 00 82 42 00 00 78 42 00 00 64 42 00 00 68 42
00 00 54 42 00 00 4C 42 00 00 38 42 00 00 40 42 00 00 28 42 00 00 2C 42 00 00 20 42 00 00 20 42
00 00 20 42 00 00 24 42 00 00 2C 42 00 00 34 42 00 00 34 42 00 00 44 42 00 00 38 42 00 00 48 42
00 00 40 42 00 00 40 42 00 00 5C 42 00 00 64 42 00 00 74 42 00 00 7C 42 00 00 88 42 00 00 90 42
00 00 98 42 00 00 B0 42 00 00 B6 42 00 00 BC 42 00 00 D0 42 00 00 D6 42 00 00 DC 42 00 00 F0 42
00 00 F8 42 00 00 02 43 00 00 08 43 00 00 11 43 00 00 17 43 00 00 1C 43 00 00 22 43 00 00 26 43
00 00 C8 41 00 00 F0 41 00 00 F0 41 00 00 04 42 00 00 0C 42 00 00 20 42 00 00 2C 42 00 00 38 42
00 00 3C 42 00 00 4C 42 00 00 74 42 00 00 74 42 00 00 8E 42 00 00 92 42 00 00 A0 42 00 00 BA 42
00 00 BA 42 00 00 CC 42 00 00 DA 42 00 00 E4 42 00 00 F2 42 00 00 FC 42 00 00 03 43 00 00 0D 43
00 00 11 43 00 00 14 43 00 00 1D 43 00 00 21 43 00 00 29 43 00 00 2F 43 00 00 33 43 00 00 3B 43
00 00 3C 43 00 00 46 43 00 00 4A 43 00 00 4B 43 00 00 53 43 00 00 55 43 00 00 59 43 00 00 5F 43
00 00 63 43 00 00 68 43 00 00 69 43 00 00 6C 43 00 00 70 43 00 00 6D 43 00 00 73 43 00 00 72 43
00 00 75 43 00 00 73 43 00 00 73 43 00 00 77 43 00 00 74 43 00 00 75 43 00 00 74 43 00 00 6E 43
00 00 6C 43 00 00 6B 43 00 00 6A 43 00 00 66 43 00 00 5E 43 00 00 5E 43 00 00 57 43 00 00 55 43
00 00 4C 43 00 00 48 43 00 00 3F 43 00 00 3D 43 00 00 3B 43 00 00 32 43 00 00 2F 43 00 00 27 43
00 00 22 43 00 00 1B 43 00 00 16 43 00 00 10 43 00 00 0A 43 00 00 06 43 00 00 01 43 00 00 F2 42
00 00 EA 42 00 00 DE 42 00 00 D8 42 00 00 C6 42 00 00 BC 42 00 00 B2 42 00 00 A8 42 00 00 9A 42
00 00 8E 42 00 00 84 42 00 00 88 42 00 00 6C 42 00 00 58 42 00 00 48 42 00 00 3C 42 00 00 30 42
00 00 18 42 00 00 20 42 00 00 04 42 00 00 F8 41 00 00 E0 41 00 00 C0 41 00 00 D0 41 00 00 B8 41
00 00 98 41 00 00 B0 41 00 00 B0 41 00 00 B8 41 00 00 B8 41 00 00 B0 41 00 00 D0 41 00 00 D0 41
00 00 E8 41 00 00 00 42 00 00 08 42 00 00 20 42 00 00 24 42 00 00 3C 42 00 00 48 42 00 00 60 42
00 00 74 42 00 00 80 42 00 00 90 42 00 00 94 42 00 00 9A 42 00 00 A8 42 00 00 B2 42 00 00 C0 42
00 00 CC 42 00 00 D8 42 00 00 E8 42 00 00 FA 42 00 00 01 43 00 00 04 43 00 00 0A 43 00 00 10 43
00 00 16 43 00 00 19 43 00 00 21 43 00 00 28 43 00 00 27 43 00 00 31 43 00 00 37 43 00 00 3B 43
00 00 3F 43 00 00 44 43 00 00 4B 43 00 00 4A 43 00 00 51 43 00 00 54 43 00 00 58 43 00 00 59 43
00 00 60 43 00 00 61 43 00 00 69 43 00 00 6B 43 00 00 74 43 00 00 71 43 00 00 73 43 00 00 74 43
00 00 74 43 00 00 76 43 00 00 72 43 00 00 77 43 00 00 77 43 00 00 76 43 00 00 74 43 00 00 73 43
00 00 6F 43 00 00 70 43 00 00 6C 43 00 00 6A 43 00 00 68 43 00 00 65 43 00 00 60 43 00 00 5D 43
00 00 58 43 00 00 51 43 00 00 50 43 00 00 49 43 00 00 47 43 00 00 3D 43 00 00 3A 43 00 00 38 43
00 00 2F 43 00 00 2A 43 00 00 26 43 00 00 1F 43 00 00 19 43 00 00 15 43 00 00 08 43 00 00 03 43
00 00 FA 42 00 00 F8 42 00 00 E8 42 00 00 D6 42 00 00 CC 42 00 00 C4 42 00 00 C2 42 00 00 AC 42
00 00 AE 42 00 00 A0 42 00 00 9C 42 00 00 94 42 00 00 8E 42 00 00 86 42 00 00 74 42 00 00 70 42
00 00 58 42 00 00 54 42 00 00 50 42 00 00 30 42 00 00 34 42 00 00 18 42 00 00 0C 42 00 00 14 42
00 00 04 42 00 00 08 42 00 00 00 42 00 00 04 42 00 00 18 42 00 00 04 42 00 00 24 42 00 00 0C 42
00 00 38 42 00 00 30 42 00 00 3C 42 00 00 48 42 00 00 58 42 00 00 68 42 00 00 78 42 00 00 94 42
00 00 8C 42 00 00 9A 42 00 00 A6 42 00 00 B2 42 00 00 C8 42 00 00 D0 42 00 00 E0 42 00 00 EE 42
00 00 FC 42 00 00 04 43 00 00 0E 43 00 00 10 43 00 00 1A 43 00 00 1D 43 00 00 26 43 00 00 2B 43
00 00 32 43 00 00 39 43 00 00 3D 43 00 00 47 43 00 00 4D 43 00 00 4F 43 00 00 53 43 00 00 5B 43
00 00 5D 43 00 00 64 43 00 00 65 43 00 00 69 43 00 00 6E 43 00 00 72 43 00 00 74 43 00 00 77 43
00 00 7D 43 00 00 7C 43 00 00 81 43 00 80 80 43 00 00 82 43 00 00 83 43 00 80 82 43 00 80 84 43
00 80 84 43 00 80 84 43 00 80 86 43 00 00 82 43 00 00 82 43 00 80 82 43 00 00 82 43 00 00 81 43
00 00 80 43 00 00 7B 43 00 00 79 43 00 00 75 43 00 00 71 43 00 00 6C 43 00 00 67 43 00 00 61 43
00 00 60 43 00 00 5B 43 00 00 55 43 00 00 4F 43 00 00 4B 43 00 00 45 43 00 00 3B 43 00 00 37 43
00 00 30 43 00 00 26 43 00 00 22 43 00 00 1B 43 00 00 16 43 00 00 11 43 00 00 0D 43 00 00 05 43
00 00 FC 42 00 00 F8 42 00 00 E2 42 00 00 E2 42 00 00 D2 42 00 00 CC 42 00 00 C2 42 00 00 AC 42
00 00 AC 42 00 00 9A 42 00 00 96 42 00 00 8E 42 00 00 8C 42 00 00 7C 42 00 00 6C 42 00 00 5C 42
00 00 50 42 00 00 4C 42 00 00 3C 42 00 00 28 42 00 00 20 42 00 00 20 42 00 00 14 42 00 00 10 42
00 00 F8 41 00 00 08 42 00 00 F0 41 00 00 08 42 00 00 04 42 00 00 0C 42 00 00 18 42 00 00 10 42
00 00 2C 42 00 00 34 42 00 00 40 42 00 00 5C 42 00 00 60 42 00 00 78 42 00 00 84 42 00 00 92 42
00 00 98 42 00 00 9C 42 00 00 B6 42 00 00 BA 42 00 00 C8 42 00 00 D8 42 00 00 E4 42 00 00 F0 42
00 00 00 43 00 00 04 43 00 00 11 43 00 00 14 43 00 00 1B 43 00 00 21 43 00 00 29 43 00 00 2F 43
00 00 32 43 00 00 3A 43 00 00 3E 43 00 00 45 43 00 00 4B 43 00 00 52 43 00 00 58 43 00 00 58 43
00 00 62 43 00 00 62 43 00 00 68 43 00 00 6C 43 00 00 70 43 00 00 75 43 00 00 75 43 00 00 7A 43
00 00 7A 43 00 00 7C 43 00 80 80 43 00 00 80 43 00 80 82 43 00 80 81 43 00 00 80 43 00 80 83 43
00 00 83 43 00 80 81 43 00 80 80 43 00 00 7B 43 00 00 7D 43 00 00 79 43 00 00 7B 43 00 00 72 43
00 00 71 43 00 00 70 43 00 00 6A 43 00 00 69 43 00 00 62 43 00 00 5E 43 00 00 58 43 00 00 55 43
00 00 4F 43 00 00 4D 43 00 00 47 43 00 00 42 43 00 00 39 43 00 00 36 43 00 00 2D 43 00 00 26 43
00 00 21 43 00 00 1C 43 00 00 16 43 00 00 0C 43 00 00 06 43 00 00 00 43 00 00 F4 42 00 00 E8 42
00 00 E2 42 00 00 D2 42 00 00 C2 42 00 00 C0 42 00 00 B0 42 00 00 A4 42 00 00 9A 42 00 00 8A 42
00 00 80 42 00 00 74 42 00 00 6C 42 00 00 58 42 00 00 50 42 00 00 34 42 00 00 24 42 00 00 28 42
00 00 20 42 00 00 F0 41 00 00 04 42 00 00 04 42 00 00 E0 41 00 00 E0 41 00 00 F8 41 00 00 E8 41
00 00 D8 41 00 00 F8 41 00 00 04 42 00 00 00 42 00 00 04 42 00 00 F0 41 00 00 1C 42 00 00 0C 42
00 00 20 42 00 00 24 42 00 00 2C 42 00 00 48 42 00 00 44 42 00 00 6C 42 00 00 86 42 00 00 8A 42
00 00 8E 42 00 00 9A 42 00 00 AA 42 00 00 B2 42 00 00 BE 42 00 00 D4 42 00 00 DC 42 00 00 E8 42
00 00 F4 42 00 00 03 43 00 00 08 43 00 00 0C 43 00 00 12 43 00 00 16 43 00 00 1E 43 00 00 21 43
00 00 27 43 00 00 2F 43 00 00 32 43 00 00 36 43 00 00 3B 43 00 00 40 43 00 00 44 43 00 00 48 43
00 00 4E 43 00 00 51 43 00 00 59 43 00 00 5B 43 00 00 5F 43 00 00 61 43 00 00 66 43 00 00 6C 43
00 00 6C 43 00 00 6C 43 00 00 70 43 00 00 72 43 00 00 77 43 00 00 77 43 00 00 79 43 00 00 77 43
00 00 75 43 00 00 76 43 00 00 78 43 00 00 78 43 00 00 70 43 00 00 73 43 00 00 70 43 00 00 6B 43
00 00 68 43 00 00 62 43 00 00 5E 43 00 00 5D 43 00 00 5A 43 00 00 52 43 00 00 50 43 00 00 48 43
00 00 43 43 00 00 40 43 00 00 3B 43 00 00 35 43 00 00 30 43 00 00 29 43 00 00 23 43 00 00 22 43
00 00 1D 43 00 00 13 43 00 00 0A 43 00 00 06 43 00 00 04 43 00 00 F6 42 00 00 EC 42 00 00 E4 42
00 00 D6 42 00 00 CA 42 00 00 BE 42 00 00 AA 42 00 00 AC 42 00 00 A2 42 00 00 9A 42 00 00 96 42
00 00 8E 42 00 00 80 42 00 00 7C 42 00 00 6C 42 00 00 58 42 00 00 48 42 00 00 48 42 00 00 2C 42
00 00 34 42 00 00 20 42 00 00 1C 42 00 00 10 42 00 00 F0 41 00 00 F8 41 00 00 F0 41 00 00 D8 41
00 00 D8 41 00 00 B8 41 00 00 F0 41 00 00 E8 41 00 00 E8 41 00 00 F8 41 00 00 08 42 00 00 14 42
00 00 2C 42 00 00 38 42 00 00 48 42 00 00 64 42 00 00 70 42 00 00 7C 42 00 00 88 42 00 00 92 42
00 00 A0 42 00 00 A4 42 00 00 B0 42 00 00 BE 42 00 00 C6 42 00 00 DA 42 00 00 EA 42 00 00 F2 42
00 00 00 43 00 00 04 43 00 00 0A 43 00 00 13 43 00 00 17 43 00 00 1C 43 00 00 22 43 00 00 29 43
00 00 2F 43 00 00 35 43 00 00 3D 43 00 00 41 43 00 00 44 43 00 00 4A 43 00 00 53 43 00 00 53 43
00 00 5A 43 00 00 5E 43 00 00 62 43 00 00 67 43 00 00 67 43 00 00 6D 43 00 00 6D 43 00 00 6F 43
00 00 76 43 00 00 77 43 00 00 79 43 00 00 7A 43 00 00 7E 43 00 80 81 43 00 00 81 43 00 80 81 43
00 00 82 43 00 00 82 43 00 00 82 43 00 00 82 43 00 00 80 43 00 00 80 43 00 00 7E 43 00 00 78 43
00 00 7A 43 00 00 75 43 00 00 72 43 00 00 70 43 00 00 6C 43 00 00 6B 43 00 00 65 43 00 00 63 43
00 00 5B 43 00 00 55 43 00 00 50 43 00 00 49 43 00 00 45 43 00 00 3D 43 00 00 38 43 00 00 31 43
00 00 2C 43 00 00 23 43 00 00 1C 43 00 00 14 43 00 00 10 43 00 00 09 43 00 00 05 43 00 00 FC 42
00 00 F4 42 00 00 EA 42 00 00 D8 42 00 00 D8 42 00 00 CA 42 00 00 BE 42 00 00 B6 42 00 00 AC 42
00 00 AE 42 00 00 A2 42 00 00 98 42 00 00 92 42 00 00 8E 42 00 00 90 42 00 00 86 42 00 00 80 42
00 00 82 42 00 00 64 42 00 00 60 42 00 00 60 42 00 00 50 42 00 00 5C 42 00 00 4C 42 00 00 60 42
00 00 60 42 00 00 60 42 00 00 68 42 00 00 64 42 00 00 7C 42 00 00 7C 42 00 00 86 42 00 00 8C 42
00 00 92 42 00 00 9C 42 00 00 98 42 00 00 AA 42 00 00 AC 42 00 00 B6 42 00 00 C4 42 00 00 CC 42
00 00 D8 42 00 00 E8 42 00 00 FC 42 00 00 FA 42 00 00 06 43 00 00 0C 43 00 00 10 43 00 00 17 43
00 00 1E 43 00 00 26 43 00 00 2A 43 00 00 32 43 00 00 31 43 00 00 3F 43 00 00 3E 43 00 00 46 43
00 00 4D 43 00 00 4F 43 00 00 5A 43 00 00 5B 43 00 00 60 43 00 00 64 43 00 00 68 43 00 00 6E 43
00 00 6E 43 00 00 76 43 00 00 78 43 00 00 7B 43 00 00 7F 43 00 00 80 43 00 80 81 43 00 00 83 43
00 00 85 43 00 80 86 43 00 00 8A 43 00 00 88 43 00 00 8A 43 00 00 8B 43 00 00 89 43 00 80 8B 43
00 80 87 43 00 80 87 43 00 80 85 43 00 80 85 43 00 00 86 43 00 00 84 43 00 80 82 43 00 00 81 43
00 00 80 43 00 00 7D 43 00 00 78 43 00 00 70 43 00 00 72 43 00 00 6B 43 00 00 6B 43 00 00 67 43
00 00 65 43 00 00 5E 43 00 00 58 43 00 00 50 43 00 00 4C 43 00 00 48 43 00 00 3F 43 00 00 38 43
00 00 37 43 00 00 2D 43 00 00 27 43 00 00 29 43 00 00 1F 43 00 00 1D 43 00 00 14 43 00 00 10 43
00 00 09 43 00 00 05 43 00 00 02 43 00 00 FA 42 00 00 F4 42 00 00 E0 42 00 00 DE 42 00 00 CE 42
00 00 C6 42 00 00 BE 42 00 00 B8 42 00 00 A6 42 00 00 A2 42 00 00 96 42 00 00 98 42 00 00 92 42
00 00 8E 42 00 00 82 42 00 00 80 42 00 00 74 42 00 00 6C 42 00 00 82 42 00 00 6C 42 00 00 70 42
00 00 64 42 00 00 74 42 00 00 82 42 00 00 70 42 00 00 82 42 00 00 92 42 00 00 98 42 00 00 A4 42
00 00 9E 42 00 00 AC 42 00 00 B0 42 00 00 BC 42 00 00 C0 42 00 00 CC 42 00 00 D8 42 00 00 DC 42
00 00 EA 42 00 00 FC 42 00 00 03 43 00 00 09 43 00 00 10 43 00 00 18 43 00 00 1D 43 00 00 20 43
00 00 27 43 00 00 29 43 00 00 35 43 00 00 3B 43 00 00 44 43 00 00 4A 43 00 00 4D 43 00 00 52 43
00 00 56 43 00 00 5A 43 00 00 62 43 00 00 62 43 00 00 68 43 00 00 6E 43 00 00 6F 43 00 00 74 43
00 00 78 43 00 80 80 43 00 80 81 43 00 80 82 43 00 80 84 43 00 00 85 43 00 00 85 43 00 00 88 43
00 80 88 43 00 80 88 43 00 00 8C 43 00 00 8C 43 00 80 8C 43 00 00 8C 43 00 80 8C 43 00 00 8C 43
00 80 8D 43 00 80 8C 43 00 80 8B 43 00 00 89 43 00 00 8A 43 00 80 89 43 00 00 86 43 00 00 86 43
00 00 84 43 00 80 83 43 00 00 7D 43 00 00 7D 43 00 00 76 43 00 00 72 43 00 00 6D 43 00 00 67 43
00 00 62 43 00 00 59 43 00 00 53 43 00 00 4D 43 00 00 48 43 00 00 40 43 00 00 3C 43 00 00 31 43
00 00 2F 43 00 00 27 43 00 00 20 43 00 00 19 43 00 00 16 43 00 00 0F 43 00 00 09 43 00 00 05 43
00 00 FA 42 00 00 F0 42 00 00 E0 42 00 00 D6 42 00 00 CC 42 00 00 C2 42 00 00 B8 42 00 00 B4 42
00 00 AC 42 00 00 AA 42 00 00 98 42 00 00 94 42 00 00 96 42 00 00 8E 42 00 00 88 42 00 00 84 42
00 00 7C 42 00 00 68 42 00 00 6C 42 00 00 4C 42 00 00 58 42 00 00 58 42 00 00 48 42 00 00 60 42
00 00 54 42 00 00 60 42 00 00 60 42 00 00 64 42 00 00 78 42 00 00 70 42 00 00 7C 42 00 00 8C 42
00 00 90 42 00 00 9A 42 00 00 9E 42 00 00 A6 42 00 00 A8 42 00 00 BC 42 00 00 BE 42 00 00 CE 42
00 00 D8 42 00 00 E0 42 00 00 E8 42 00 00 FA 42 00 00 05 43 00 00 09 43 00 00 16 43 00 00 19 43
00 00 21 43 00 00 24 43 00 00 2D 43 00 00 30 43 00 00 3A 43 00 00 42 43 00 00 44 43 00 00 49 43
00 00 4C 43 00 00 53 43 00 00 5A 43 00 00 5C 43 00 00 63 43 00 00 68 43 00 00 70 43 00 00 70 43
00 00 79 43 00 00 79 43 00 00 80 43 00 00 7F 43 00 00 82 43 00 00 84 43 00 80 85 43 00 00 86 43
00 80 88 43 00 00 8A 43 00 80 89 43 00 00 8A 43 00 00 8A 43 00 00 8C 43 00 80 8C 43 00 00 8B 43
00 00 8A 43 00 80 89 43 00 80 88 43 00 00 86 43 00 00 86 43 00 00 84 43 00 00 81 43 00 80 83 43
00 00 7F 43 00 00 7B 43 00 00 77 43 00 00 71 43 00 00 74 43 00 00 6A 43 00 00 69 43 00 00 61 43
00 00 5B 43 00 00 53 43 00 00 4C 43 00 00 46 43 00 00 3B 43 00 00 37 43 00 00 2E 43 00 00 29 43
00 00 24 43 00 00 1C 43 00 00 18 43 00 00 11 43 00 00 05 43 00 00 01 43 00 00 F8 42 00 00 EA 42
00 00 DC 42 00 00 DA 42 00 00 CA 42 00 00 C0 42 00 00 B2 42 00 00 A6 42 00 00 A0 42 00 00 9A 42
00 00 96 42 00 00 8C 42 00 00 88 42 00 00 84 42 00 00 70 42 00 00 68 42 00 00 60 42 00 00 48 42
00 00 60 42 00 00 44 42 00 00 38 42 00 00 34 42 00 00 34 42 00 00 44 42 00 00 40 42 00 00 40 42
00 00 44 42 00 00 38 42 00 00 4C 42 00 00 54 42 00 00 58 42 00 00 58 42 00 00 6C 42 00 00 80 42
00 00 7C 42 00 00 90 42 00 00 98 42 00 00 A4 42 00 00 AE 42 00 00 BA 42 00 00 CC 42 00 00 D2 42
00 00 DE 42 00 00 E8 42 00 00 F6 42 00 00 04 43 00 00 07 43 00 00 0E 43 00 00 16 43 00 00 1E 43
00 00 90 C1 00 00 50 C1 00 00 10 C1 00 00 00 00 00 00 00 00 00 00 10 41 00 00 70 41 00 00 98 41
00 00 D8 41 00 00 00 42 00 00 28 42 00 00 38 42 00 00 4C 42 00 00 68 42 00 00 82 42 00 00 90 42
00 00 9E 42 00 00 A6 42 00 00 B6 42 00 00 C0 42 00 00 D4 42 00 00 DE 42 00 00 E6 42 00 00 F4 42
00 00 02 43 00 00 06 43 00 00 07 43 00 00 0E 43 00 00 14 43 00 00 19 43 00 00 1F 43 00 00 22 43
00 00 26 43 00 00 28 43 00 00 30 43 00 00 2F 43 00 00 32 43 00 00 3B 43 00 00 37 43 00 00 3F 43
00 00 3F 43 00 00 42 43 00 00 42 43 00 00 42 43 00 00 41 43 00 00 3E 43 00 00 40 43 00 00 3B 43
00 00 38 43 00 00 36 43 00 00 35 43 00 00 32 43 00 00 2F 43 00 00 2B 43 00 00 27 43 00 00 1F 43
00 00 1E 43 00 00 15 43 00 00 12 43 00 00 0A 43 00 00 03 43 00 00 01 43 00 00 EA 42 00 00 DE 42
00 00 D2 42 00 00 C8 42 00 00 B6 42 00 00 A8 42 00 00 96 42 00 00 90 42 00 00 7C 42 00 00 68 42
00 00 40 42 00 00 34 42 00 00 1C 42 00 00 08 42 00 00 F0 41 00 00 B0 41 00 00 A0 41 00 00 60 41
00 00 40 41 00 00 E0 40 00 00 40 40 00 00 00 C0 00 00 00 C1 00 00 30 C1 00 00 A0 C1 00 00 A8 C1
00 00 B8 C1 00 00 D8 C1 00 00 F0 C1 00 00 F8 C1 00 00 00 C2 00 00 0C C2 00 00 20 C2 00 00 28 C2
00 00 38 C2 00 00 40 C2 00 00 38 C2 00 00 40 C2 00 00 3C C2 00 00 34 C2 00 00 2C C2 00 00 34 C2
00 00 34 C2 00 00 28 C2 00 00 18 C2 00 00 08 C2 00 00 04 C2 00 00 08 C2 00 00 C0 C1 00 00 B8 C1
00 00 80 C1 00 00 30 C1 00 00 E0 C0 00 00 00 40 00 00 C0 40 00 00 50 41 00 00 B0 41 00 00 E8 41
00 00 04 42 00 00 18 42 00 00 40 42 00 00 60 42 00 00 7C 42 00 00 8C 42 00 00 94 42 00 00 A4 42
00 00 AE 42 00 00 BC 42 00 00 C8 42 00 00 CE 42 00 00 DA 42 00 00 E2 42 00 00 EE 42 00 00 FC 42
00 00 FA 42 00 00 05 43 00 00 09 43 00 00 12 43 00 00 12 43 00 00 19 43 00 00 1B 43 00 00 1E 43
00 00 24 43 00 00 27 43 00 00 2A 43 00 00 2E 43 00 00 31 43 00 00 37 43 00 00 37 43 00 00 37 43
00 00 3A 43 00 00 3A 43 00 00 39 43 00 00 3B 43 00 00 3B 43 00 00 39 43 00 00 39 43 00 00 39 43
00 00 3A 43 00 00 38 43 00 00 30 43 00 00 31 43 00 00 2F 43 00 00 2A 43 00 00 28 43 00 00 22 43
00 00 1E 43 00 00 1B 43 00 00 15 43 00 00 11 43 00 00 09 43 00 00 05 43 00 00 F6 42 00 00 F4 42
00 00 E8 42 00 00 DC 42 00 00 D2 42 00 00 BA 42 00 00 B4 42 00 00 A8 42 00 00 96 42 00 00 92 42
00 00 7C 42 00 00 6C 42 00 00 4C 42 00 00 40 42 00 00 2C 42 00 00 08 42 00 00 00 42 00 00 C8 41
00 00 D0 41 00 00 80 41 00 00 50 41 00 00 20 41 00 00 00 40 00 00 00 40 00 00 A0 C0 00 00 30 C1
00 00 40 C1 00 00 88 C1 00 00 98 C1 00 00 A8 C1 00 00 E8 C1 00 00 E8 C1 00 00 04 C2 00 00 08 C2
00 00 F8 C1 00 00 08 C2 00 00 04 C2 00 00 04 C2 00 00 E8 C1 00 00 E0 C1 00 00 D8 C1 00 00 D0 C1
00 00 C0 C1 00 00 A8 C1 00 00 A0 C1 00 00 98 C1 00 00 50 C1 00 00 50 C1 00 00 00 C1 00 00 80 BF
00 00 40 40 00 00 10 41 00 00 40 41 00 00 A0 41 00 00 C0 41 00 00 F8 41 00 00 1C 42 00 00 34 42
00 00 54 42 00 00 78 42 00 00 88 42 00 00 98 42 00 00 A6 42 00 00 B4 42 00 00 BA 42 00 00 CE 42
00 00 D4 42 00 00 E2 42 00 00 F0 42 00 00 FC 42 00 00 07 43 00 00 0B 43 00 00 12 43 00 00 15 43
00 00 18 43 00 00 22 43 00 00 21 43 00 00 28 43 00 00 2F 43 00 00 30 43 00 00 38 43 00 00 3D 43
00 00 43 43 00 00 44 43 00 00 4C 43 00 00 4E 43 00 00 53 43 00 00 58 43 00 00 55 43 00 00 58 43
00 00 59 43 00 00 58 43 00 00 59 43 00 00 57 43 00 00 57 43 00 00 53 43 00 00 52 43 00 00 52 43
00 00 4C 43 00 00 4A 43 00 00 47 43 00 00 43 43 00 00 40 43 00 00 3B 43 00 00 37 43 00 00 32 43
00 00 2D 43 00 00 26 43 00 00 1E 43 00 00 1C 43 00 00 13 43 00 00 0C 43 00 00 07 43 00 00 FE 42
00 00 F6 42 00 00 E4 42 00 00 E0 42 00 00 CE 42 00 00 C2 42 00 00 B0 42 00 00 A4 42 00 00 9E 42
00 00 90 42 00 00 84 42 00 00 70 42 00 00 58 42 00 00 44 42 00 00 28 42 00 00 14 42 00 00 00 42
00 00 D8 41 00 00 D0 41 00 00 90 41 00 00 30 41 00 00 60 41 00 00 20 41 00 00 40 40 00 00 00 40
00 00 80 C0 00 00 E0 C0 00 00 30 C1 00 00 10 C1 00 00 50 C1 00 00 90 C1 00 00 A8 C1 00 00 A8 C1
00 00 B8 C1 00 00 98 C1 00 00 A0 C1 00 00 A0 C1 00 00 98 C1 00 00 A8 C1 00 00 80 C1 00 00 90 C1
00 00 88 C1 00 00 30 C1 00 00 40 C1 00 00 E0 C0 00 00 A0 C0 00 00 80 BF 00 00 00 40 00 00 E0 40
00 00 50 41 00 00 A8 41 00 00 D0 41 00 00 04 42 00 00 18 42 00 00 40 42 00 00 50 42 00 00 6C 42
00 00 84 42 00 00 90 42 00 00 A0 42 00 00 B2 42 00 00 BC 42 00 00 C6 42 00 00 D4 42 00 00 E2 42
00 00 EA 42 00 00 FA 42 00 00 01 43 00 00 08 43 00 00 0F 43 00 00 14 43 00 00 18 43 00 00 1E 43
00 00 23 43 00 00 28 43 00 00 30 43 00 00 32 43 00 00 3B 43 00 00 3A 43 00 00 3D 43 00 00 43 43
00 00 45 43 00 00 4B 43 00 00 48 43 00 00 51 43 00 00 55 43 00 00 55 43 00 00 55 43 00 00 5B 43
00 00 5B 43 00 00 58 43 00 00 5B 43 00 00 57 43 00 00 57 43 00 00 55 43 00 00 4D 43 00 00 54 43
00 00 4C 43 00 00 49 43 00 00 47 43 00 00 42 43 00 00 3F 43 00 00 39 43 00 00 34 43 00 00 2C 43
00 00 29 43 00 00 25 43 00 00 1B 43 00 00 13 43 00 00 0C 43 00 00 09 43 00 00 03 43 00 00 F6 42
00 00 E8 42 00 00 D8 42 00 00 CC 42 00 00 BC 42 00 00 AE 42 00 00 9E 42 00 00 8E 42 00 00 88 42
00 00 70 42 00 00 60 42 00 00 44 42 00 00 2C 42 00 00 1C 42 00 00 04 42 00 00 D8 41 00 00 B8 41
00 00 60 41 00 00 30 41 00 00 10 41 00 00 E0 40 00 00 00 40 00 00 A0 C0 00 00 A0 C0 00 00 50 C1
00 00 88 C1 00 00 98 C1 00 00 B0 C1 00 00 D8 C1 00 00 D0 C1 00 00 00 C2 00 00 04 C2 00 00 F8 C1
00 00 F0 C1 00 00 08 C2 00 00 04 C2 00 00 F8 C1 00 00 F8 C1 00 00 C8 C1 00 00 B8 C1 00 00 B8 C1
00 00 98 C1 00 00 50 C1 00 00 70 C1 00 00 C0 C0 00 00 E0 C0 00 00 00 C0 00 00 80 40 00 00 30 41
00 00 80 41 00 00 B8 41 00 00 D0 41 00 00 08 42 00 00 24 42 00 00 40 42 00 00 5C 42 00 00 78 42
00 00 8C 42 00 00 94 42 00 00 A4 42 00 00 B0 42 00 00 C4 42 00 00 CC 42 00 00 D8 42 00 00 EA 42
00 00 F6 42 00 00 00 43 00 00 0A 43 00 00 0B 43 00 00 10 43 00 00 13 43 00 00 1B 43 00 00 21 43
00 00 24 43 00 00 2C 43 00 00 2F 43 00 00 32 43 00 00 38 43 00 00 3B 43 00 00 41 43 00 00 40 43
00 00 48 43 00 00 4D 43 00 00 4F 43 00 00 54 43 00 00 55 43 00 00 5A 43 00 00 58 43 00 00 58 43
00 00 5B 43 00 00 56 43 00 00 5A 43 00 00 56 43 00 00 51 43 00 00 53 43 00 00 52 43 00 00 4D 43
00 00 48 43 00 00 48 43 00 00 44 43 00 00 42 43 00 00 3C 43 00 00 37 43 00 00 33 43 00 00 2F 43
00 00 27 43 00 00 23 43 00 00 1A 43 00 00 16 43 00 00 0F 43 00 00 07 43 00 00 00 43 00 00 F2 42
00 00 E6 42 00 00 DA 42 00 00 CE 42 00 00 C0 42 00 00 B2 42 00 00 A6 42 00 00 9A 42 00 00 86 42
00 00 78 42 00 00 68 42 00 00 50 42 00 00 30 42 00 00 24 42 00 00 24 42 00 00 04 42 00 00 E0 41
00 00 D8 41 00 00 A8 41 00 00 98 41 00 00 50 41 00 00 30 41 00 00 E0 40 00 00 80 3F 00 00 00 40
00 00 80 C0 00 00 E0 C0 00 00 20 C1 00 00 30 C1 00 00 50 C1 00 00 80 C1 00 00 40 C1 00 00 88 C1
00 00 40 C1 00 00 60 C1 00 00 50 C1 00 00 A0 C0 00 00 C0 C0 00 00 00 C0 00 00 80 BF 00 00 40 40
00 00 80 40 00 00 00 41 00 00 20 41 00 00 60 41 00 00 90 41 00 00 A8 41 00 00 B8 41 00 00 E0 41
00 00 04 42 00 00 14 42 00 00 34 42 00 00 4C 42 00 00 68 42 00 00 80 42 00 00 8C 42 00 00 9C 42
00 00 AC 42 00 00 B8 42 00 00 C8 42 00 00 D8 42 00 00 DE 42 00 00 EC 42 00 00 F0 42 00 00 01 43
00 00 06 43 00 00 0A 43 00 00 14 43 00 00 16 43 00 00 1D 43 00 00 26 43 00 00 26 43 00 00 2D 43
00 00 34 43 00 00 38 43 00 00 3A 43 00 00 40 43 00 00 44 43 00 00 45 43 00 00 4C 43 00 00 4F 43
00 00 52 43 00 00 58 43 00 00 5A 43 00 00 5E 43 00 00 5D 43 00 00 62 43 00 00 64 43 00 00 61 43
00 00 66 43 00 00 63 43 00 00 63 43 00 00 62 43 00 00 61 43 00 00 61 43 00 00 5E 43 00 00 5B 43
00 00 59 43 00 00 57 43 00 00 53 43 00 00 51 43 00 00 4C 43 00 00 47 43 00 00 41 43 00 00 3C 43
00 00 36 43 00 00 35 43 00 00 2E 43 00 00 26 43 00 00 21 43 00 00 16 43 00 00 0D 43 00 00 09 43
00 00 02 43 00 00 FE 42 00 00 F0 42 00 00 DA 42 00 00 D2 42 00 00 C0 42 00 00 BC 42 00 00 B6 42
00 00 AA 42 00 00 9C 42 00 00 98 42 00 00 8C 42 00 00 74 42 00 00 68 42 00 00 4C 42 00 00 4C 42
00 00 3C 42 00 00 28 42 00 00 10 42 00 00 0C 42 00 00 F0 41 00 00 C8 41 00 00 B8 41 00 00 90 41
00 00 50 41 00 00 30 41 00 00 10 41 00 00 00 41 00 00 A0 40 00 00 80 40 00 00 C0 40 00 00 40 40
00 00 80 40 00 00 10 41 00 00 00 40 00 00 C0 40 00 00 10 41 00 00 20 41 00 00 00 41 00 00 80 41
00 00 98 41 00 00 C8 41 00 00 E8 41 00 00 F8 41 00 00 14 42 00 00 18 42 00 00 38 42 00 00 50 42
00 00 60 42 00 00 84 42 00 00 8A 42 00 00 98 42 00 00 AC 42 00 00 B6 42 00 00 C0 42 00 00 D2 42
00 00 DC 42 00 00 F2 42 00 00 F6 42 00 00 05 43 00 00 0B 43 00 00 11 43 00 00 16 43 00 00 1A 43
00 00 1F 43 00 00 29 43 00 00 2E 43 00 00 34 43 00 00 39 43 00 00 3A 43 00 00 42 43 00 00 46 43
00 00 49 43 00 00 50 43 00 00 4E 43 00 00 57 43 00 00 5B 43 00 00 5E 43 00 00 67 43 00 00 63 43
00 00 6C 43 00 00 6C 43 00 00 6F 43 00 00 6F 43 00 00 73 43 00 00 73 43 00 00 74 43 00 00 72 43
00 00 70 43 00 00 72 43 00 00 70 43 00 00 71 43 00 00 70 43 00 00 6E 43 00 00 69 43 00 00 67 43
00 00 67 43 00 00 60 43 00 00 5D 43 00 00 5A 43 00 00 55 43 00 00 4E 43 00 00 47 43 00 00 43 43
00 00 3F 43 00 00 3A 43 00 00 31 43 00 00 2B 43 00 00 27 43 00 00 1F 43 00 00 1B 43 00 00 13 43
00 00 0C 43 00 00 07 43 00 00 FA 42 00 00 F2 42 00 00 E4 42 00 00 DA 42 00 00 CA 42 00 00 C0 42
00 00 BA 42 00 00 AC 42 00 00 A4 42 00 00 98 42 00 00 90 42 00 00 86 42 00 00 70 42 00 00 70 42
00 00 58 42 00 00 44 42 00 00 3C 42 00 00 2C 42 00 00 28 42 00 00 04 42 00 00 04 42 00 00 F8 41
00 00 D8 41 00 00 C0 41 00 00 A0 41 00 00 98 41 00 00 80 41 00 00 70 41 00 00 88 41 00 00 50 41
00 00 70 41 00 00 60 41 00 00 60 41 00 00 70 41 00 00 70 41 00 00 88 41 00 00 98 41 00 00 C8 41
00 00 D8 41 00 00 F8 41 00 00 F8 41 00 00 18 42 00 00 24 42 00 00 40 42 00 00 54 42 00 00 64 42
00 00 80 42 00 00 90 42 00 00 94 42 00 00 A8 42 00 00 BC 42 00 00 C0 42 00 00 D2 42 00 00 E0 42
00 00 EA 42 00 00 F6 42 00 00 03 43 00 00 0B 43 00 00 10 43 00 00 16 43 00 00 1B 43 00 00 23 43
00 00 28 43 00 00 2D 43 00 00 34 43 00 00 3A 43 00 00 3C 43 00 00 45 43 00 00 46 43 00 00 4B 43
00 00 4E 43 00 00 52 43 00 00 55 43 00 00 59 43 00 00 5D 43 00 00 62 43 00 00 66 43 00 00 68 43
00 00 6D 43 00 00 6F 43 00 00 74 43 00 00 73 43 00 00 74 43 00 00 76 43 00 00 78 43 00 00 76 43
00 00 79 43 00 00 79 43 00 00 75 43 00 00 74 43 00 00 71 43 00 00 71 43 00 00 6E 43 00 00 6C 43
00 00 6B 43 00 00 67 43 00 00 63 43 00 00 62 43 00 00 5E 43 00 00 58 43 00 00 55 43 00 00 4B 43
00 00 42 43 00 00 3C 43 00 00 37 43 00 00 2F 43 00 00 25 43 00 00 20 43 00 00 18 43 00 00 12 43
00 00 09 43 00 00 06 43 00 00 F8 42 00 00 EA 42 00 00 DE 42 00 00 CE 42 00 00 CA 42 00 00 BA 42
00 00 B6 42 00 00 AA 42 00 00 A2 42 00 00 8E 42 00 00 8A 42 00 00 74 42 00 00 68 42 00 00 5C 42
00 00 54 42 00 00 3C 42 00 00 34 42 00 00 34 42 00 00 20 42 00 00 20 42 00 00 04 42 00 00 04 42
00 00 D0 41 00 00 D0 41 00 00 C8 41 00 00 A8 41 00 00 A8 41 00 00 A0 41 00 00 80 41 00 00 90 41
00 00 A0 41 00 00 A8 41 00 00 B8 41 00 00 A0 41 00 00 C8 41 00 00 D0 41 00 00 E0 41 00 00 0C 42
00 00 0C 42 00 00 18 42 00 00 2C 42 00 00 38 42 00 00 58 42 00 00 64 42 00 00 74 42 00 00 82 42
00 00 8E 42 00 00 A4 42 00 00 AE 42 00 00 B6 42 00 00 D0 42 00 00 D2 42 00 00 E2 42 00 00 F0 42
00 00 FC 42 00 00 06 43 00 00 0E 43 00 00 14 43 00 00 18 43 00 00 21 43 00 00 27 43 00 00 2D 43
00 00 35 43 00 00 37 43 00 00 3E 43 00 00 45 43 00 00 4D 43 00 00 51 43 00 00 58 43 00 00 5F 43
00 00 60 43 00 00 67 43 00 00 69 43 00 00 6B 43 00 00 72 43 00 00 74 43 00 00 79 43 00 00 7B 43
00 00 7F 43 00 80 81 43 00 80 81 43 00 00 84 43 00 00 83 43 00 00 85 43 00 00 86 43 00 80 85 43
00 00 86 43 00 00 85 43 00 80 84 43 00 80 83 43 00 00 81 43 00 00 81 43 00 80 80 43 00 00 7C 43
00 00 76 43 00 00 72 43 00 00 6F 43 00 00 6C 43 00 00 68 43 00 00 66 43 00 00 5E 43 00 00 59 43
00 00 4F 43 00 00 4B 43 00 00 44 43 00 00 3A 43 00 00 38 43 00 00 2E 43 00 00 2B 43 00 00 21 43
00 00 1A 43 00 00 12 43 00 00 09 43 00 00 03 43 00 00 F6 42 00 00 EE 42 00 00 E0 42 00 00 CC 42
00 00 CA 42 00 00 BA 42 00 00 B0 42 00 00 AA 42 00 00 9C 42 00 00 90 42 00 00 86 42 00 00 84 42
00 00 70 42 00 00 58 42 00 00 48 42 00 00 3C 42 00 00 28 42 00 00 14 42 00 00 0C 42 00 00 00 42
00 00 D8 41 00 00 E8 41 00 00 D0 41 00 00 C0 41 00 00 C0 41 00 00 B0 41 00 00 C8 41 00 00 B0 41
00 00 B8 41 00 00 E0 41 00 00 B8 41 00 00 00 42 00 00 E8 41 00 00 08 42 00 00 14 42 00 00 18 42
00 00 20 42 00 00 28 42 00 00 50 42 00 00 48 42 00 00 60 42 00 00 86 42 00 00 90 42 00 00 9E 42
00 00 A4 42 00 00 B8 42 00 00 C0 42 00 00 CE 42 00 00 DC 42 00 00 E8 42 00 00 FA 42 00 00 04 43
00 00 0B 43 00 00 11 43 00 00 15 43 00 00 1C 43 00 00 24 43 00 00 26 43 00 00 31 43 00 00 36 43
00 00 C0 C0 00 00 80 BF 00 00 30 41 00 00 88 41 00 00 B0 41 00 00 08 42 00 00 1C 42 00 00 40 42
00 00 60 42 00 00 74 42 00 00 92 42 00 00 9A 42 00 00 B2 42 00 00 B8 42 00 00 CE 42 00 00 DC 42
00 00 EA 42 00 00 01 43 00 00 04 43 00 00 0D 43 00 00 14 43 00 00 1E 43 00 00 22 43 00 00 28 43
00 00 30 43 00 00 33 43 00 00 3A 43 00 00 41 43 00 00 44 43 00 00 4B 43 00 00 4E 43 00 00 56 43
00 00 59 43 00 00 5B 43 00 00 61 43 00 00 66 43 00 00 69 43 00 00 67 43 00 00 6A 43 00 00 6E 43
00 00 6D 43 00 00 6F 43 00 00 69 43 00 00 68 43 00 00 65 43 00 00 66 43 00 00 61 43 00 00 5C 43
00 00 57 43 00 00 51 43 00 00 4E 43 00 00 4B 43 00 00 45 43 00 00 3D 43 00 00 3B 43 00 00 38 43
00 00 31 43 00 00 2C 43 00 00 21 43 00 00 1B 43 00 00 11 43 00 00 0C 43 00 00 F4 42 00 00 F0 42
00 00 D4 42 00 00 C6 42 00 00 B4 42 00 00 A0 42 00 00 98 42 00 00 80 42 00 00 60 42 00 00 4C 42
00 00 2C 42 00 00 0C 42 00 00 F8 41 00 00 B8 41 00 00 88 41 00 00 30 41 00 00 30 41 00 00 80 40
00 00 E0 C0 00 00 E0 C0 00 00 30 C1 00 00 40 C1 00 00 B0 C1 00 00 88 C1 00 00 E0 C1 00 00 00 C2
00 00 0C C2 00 00 0C C2 00 00 2C C2 00 00 3C C2 00 00 38 C2 00 00 4C C2 00 00 48 C2 00 00 60 C2
00 00 44 C2 00 00 4C C2 00 00 4C C2 00 00 44 C2 00 00 38 C2 00 00 24 C2 00 00 24 C2 00 00 14 C2
00 00 10 C2 00 00 0C C2 00 00 F8 C1 00 00 C0 C1 00 00 A8 C1 00 00 60 C1 00 00 20 C1 00 00 00 00
00 00 80 40 00 00 40 41 00 00 B8 41 00 00 E0 41 00 00 10 42 00 00 2C 42 00 00 5C 42 00 00 74 42
00 00 8E 42 00 00 A4 42 00 00 BA 42 00 00 C4 42 00 00 D4 42 00 00 E2 42 00 00 EA 42 00 00 F4 42
00 00 00 43 00 00 08 43 00 00 0F 43 00 00 18 43 00 00 1D 43 00 00 22 43 00 00 27 43 00 00 2A 43
00 00 2F 43 00 00 36 43 00 00 37 43 00 00 3F 43 00 00 42 43 00 00 49 43 00 00 4D 43 00 00 51 43
00 00 5A 43 00 00 58 43 00 00 5A 43 00 00 5F 43 00 00 63 43 00 00 62 43 00 00 65 43 00 00 63 43
00 00 63 43 00 00 65 43 00 00 60 43 00 00 62 43 00 00 5D 43 00 00 5B 43 00 00 5B 43 00 00 55 43
00 00 56 43 00 00 53 43 00 00 4F 43 00 00 4D 43 00 00 47 43 00 00 42 43 00 00 3D 43 00 00 37 43
00 00 33 43 00 00 2B 43 00 00 26 43 00 00 1E 43 00 00 15 43 00 00 09 43 00 00 02 43 00 00 F2 42
00 00 E6 42 00 00 D8 42 00 00 CA 42 00 00 B6 42 00 00 AA 42 00 00 98 42 00 00 88 42 00 00 70 42
00 00 58 42 00 00 4C 42 00 00 1C 42 00 00 28 42 00 00 C8 41 00 00 B8 41 00 00 98 41 00 00 30 41
00 00 10 41 00 00 A0 40 00 00 40 C0 00 00 40 C0 00 00 20 C1 00 00 40 C1 00 00 A8 C1 00 00 A8 C1
00 00 D8 C1 00 00 00 C2 00 00 0C C2 00 00 20 C2 00 00 28 C2 00 00 34 C2 00 00 34 C2 00 00 20 C2
00 00 34 C2 00 00 1C C2 00 00 14 C2 00 00 18 C2 00 00 00 C2 00 00 00 C2 00 00 C0 C1 00 00 B8 C1
00 00 80 C1 00 00 80 C1 00 00 10 C1 00 00 10 C1 00 00 00 00 00 00 80 3F 00 00 E0 40 00 00 20 41
00 00 A8 41 00 00 B0 41 00 00 04 42 00 00 2C 42 00 00 4C 42 00 00 6C 42 00 00 84 42 00 00 98 42
00 00 AC 42 00 00 B6 42 00 00 CA 42 00 00 DC 42 00 00 EC 42 00 00 FA 42 00 00 08 43 00 00 0D 43
00 00 16 43 00 00 1A 43 00 00 24 43 00 00 27 43 00 00 2D 43 00 00 35 43 00 00 39 43 00 00 3E 43
00 00 47 43 00 00 4A 43 00 00 4F 43 00 00 57 43 00 00 59 43 00 00 5F 43 00 00 64 43 00 00 68 43
00 00 6F 43 00 00 72 43 00 00 76 43 00 00 77 43 00 00 7C 43 00 80 80 43 00 00 7F 43 00 00 80 43
00 00 80 43 00 00 7D 43 00 00 7E 43 00 00 7A 43 00 00 76 43 00 00 75 43 00 00 6B 43 00 00 6B 43
00 00 69 43 00 00 61 43 00 00 5E 43 00 00 56 43 00 00 4F 43 00 00 4C 43 00 00 42 43 00 00 3F 43
00 00 38 43 00 00 2D 43 00 00 28 43 00 00 1C 43 00 00 17 43 00 00 0F 43 00 00 03 43 00 00 FC 42
00 00 E6 42 00 00 E0 42 00 00 CC 42 00 00 C0 42 00 00 AA 42 00 00 9A 42 00 00 8E 42 00 00 80 42
00 00 54 42 00 00 54 42 00 00 30 42 00 00 0C 42 00 00 08 42 00 00 D0 41 00 00 B8 41 00 00 50 41
00 00 50 41 00 00 00 41 00 00 00 C0 00 00 80 C0 00 00 00 C1 00 00 30 C1 00 00 50 C1 00 00 80 C1
00 00 B0 C1 00 00 04 C2 00 00 E8 C1 00 00 00 C2 00 00 04 C2 00 00 04 C2 00 00 14 C2 00 00 0C C2
00 00 08 C2 00 00 00 C2 00 00 00 C2 00 00 F0 C1 00 00 D8 C1 00 00 04 C2 00 00 C8 C1 00 00 B0 C1
00 00 80 C1 00 00 60 C1 00 00 20 C1 00 00 00 C0 00 00 80 C0 00 00 C0 40 00 00 70 41 00 00 70 41
00 00 E0 41 00 00 00 42 00 00 24 42 00 00 40 42 00 00 6C 42 00 00 8A 42 00 00 98 42 00 00 B2 42
00 00 BE 42 00 00 CE 42 00 00 E6 42 00 00 EE 42 00 00 04 43 00 00 08 43 00 00 0F 43 00 00 17 43
00 00 1D 43 00 00 26 43 00 00 28 43 00 00 31 43 00 00 37 43 00 00 3B 43 00 00 46 43 00 00 45 43
00 00 4B 43 00 00 54 43 00 00 54 43 00 00 62 43 00 00 62 43 00 00 66 43 00 00 6C 43 00 00 6F 43
00 00 73 43 00 00 72 43 00 00 7B 43 00 00 7E 43 00 00 7A 43 00 00 7E 43 00 00 7D 43 00 00 7E 43
00 00 7B 43 00 00 7F 43 00 00 79 43 00 00 75 43 00 00 73 43 00 00 6D 43 00 00 6F 43 00 00 66 43
00 00 63 43 00 00 5B 43 00 00 56 43 00 00 53 43 00 00 4D 43 00 00 48 43 00 00 41 43 00 00 3D 43
00 00 34 43 00 00 2A 43 00 00 25 43 00 00 1C 43 00 00 10 43 00 00 0A 43 00 00 00 43 00 00 E6 42
00 00 D4 42 00 00 C6 42 00 00 B0 42 00 00 A4 42 00 00 90 42 00 00 8A 42 00 00 68 42 00 00 4C 42
00 00 3C 42 00 00 20 42 00 00 F8 41 00 00 D0 41 00 00 A8 41 00 00 60 41 00 00 40 41 00 00 00 41
00 00 00 00 00 00 00 C1 00 00 20 C1 00 00 50 C1 00 00 C0 C1 00 00 C0 C1 00 00 F0 C1 00 00 08 C2
00 00 0C C2 00 00 14 C2 00 00 28 C2 00 00 30 C2 00 00 44 C2 00 00 34 C2 00 00 48 C2 00 00 2C C2
00 00 34 C2 00 00 24 C2 00 00 08 C2 00 00 18 C2 00 00 F8 C1 00 00 E0 C1 00 00 A8 C1 00 00 B8 C1
00 00 70 C1 00 00 00 C1 00 00 E0 C0 00 00 80 BF 00 00 E0 40 00 00 30 41 00 00 A8 41 00 00 F8 41
00 00 0C 42 00 00 24 42 00 00 4C 42 00 00 70 42 00 00 86 42 00 00 9A 42 00 00 A6 42 00 00 B8 42
00 00 CA 42 00 00 DA 42 00 00 E4 42 00 00 F4 42 00 00 04 43 00 00 08 43 00 00 13 43 00 00 19 43
00 00 1D 43 00 00 28 43 00 00 2B 43 00 00 33 43 00 00 37 43 00 00 3B 43 00 00 45 43 00 00 41 43
00 00 4B 43 00 00 4F 43 00 00 57 43 00 00 5A 43 00 00 5F 43 00 00 63 43 00 00 67 43 00 00 68 43
00 00 71 43 00 00 70 43 00 00 75 43 00 00 75 43 00 00 77 43 00 00 79 43 00 00 78 43 00 00 78 43
00 00 77 43 00 00 76 43 00 00 74 43 00 00 72 43 00 00 6E 43 00 00 6A 43 00 00 66 43 00 00 63 43
00 00 5C 43 00 00 59 43 00 00 54 43 00 00 55 43 00 00 48 43 00 00 46 43 00 00 3C 43 00 00 34 43
00 00 2F 43 00 00 24 43 00 00 22 43 00 00 13 43 00 00 09 43 00 00 00 43 00 00 EE 42 00 00 E0 42
00 00 CA 42 00 00 B4 42 00 00 AC 42 00 00 94 42 00 00 84 42 00 00 74 42 00 00 5C 42 00 00 34 42
00 00 28 42 00 00 08 42 00 00 F0 41 00 00 C0 41 00 00 98 41 00 00 90 41 00 00 20 41 00 00 E0 40
00 00 00 40 00 00 00 00 00 00 A0 C0 00 00 E0 C0 00 00 40 C1 00 00 90 C1 00 00 A8 C1 00 00 D8 C1
00 00 C8 C1 00 00 F0 C1 00 00 F8 C1 00 00 0C C2 00 00 08 C2 00 00 10 C2 00 00 0C C2 00 00 F0 C1
00 00 F0 C1 00 00 B0 C1 00 00 B8 C1 00 00 A0 C1 00 00 50 C1 00 00 00 C1 00 00 A0 C0 00 00 40 C0
00 00 00 40 00 00 E0 40 00 00 10 41 00 00 90 41 00 00 A0 41 00 00 B0 41 00 00 04 42 00 00 10 42
00 00 34 42 00 00 54 42 00 00 7C 42 00 00 86 42 00 00 9A 42 00 00 A6 42 00 00 B8 42 00 00 D6 42
00 00 D8 42 00 00 F2 42 00 00 01 43 00 00 06 43 00 00 0F 43 00 00 13 43 00 00 1C 43 00 00 26 43
00 00 26 43 00 00 30 43 00 00 3A 43 00 00 3C 43 00 00 47 43 00 00 46 43 00 00 51 43 00 00 52 43
00 00 57 43 00 00 5F 43 00 00 62 43 00 00 6A 43 00 00 69 43 00 00 70 43 00 00 76 43 00 00 77 43
00 00 7C 43 00 00 7C 43 00 00 7E 43 00 00 7F 43 00 00 82 43 00 80 81 43 00 00 80 43 00 00 81 43
00 00 7F 43 00 00 7F 43 00 00 7D 43 00 00 76 43 00 00 7C 43 00 00 70 43 00 00 76 43 00 00 6C 43
00 00 6C 43 00 00 65 43 00 00 61 43 00 00 5C 43 00 00 55 43 00 00 52 43 00 00 49 43 00 00 40 43
00 00 3F 43 00 00 34 43 00 00 2B 43 00 00 26 43 00 00 1B 43 00 00 10 43 00 00 06 43 00 00 FC 42
00 00 E6 42 00 00 D8 42 00 00 CC 42 00 00 B8 42 00 00 B0 42 00 00 A4 42 00 00 98 42 00 00 96 42
00 00 78 42 00 00 68 42 00 00 50 42 00 00 3C 42 00 00 1C 42 00 00 08 42 00 00 04 42 00 00 C0 41
00 00 A8 41 00 00 98 41 00 00 40 41 00 00 60 41 00 00 80 40 00 00 40 40 00 00 40 C0 00 00 40 C1
00 00 C0 C0 00 00 20 C1 00 00 40 C1 00 00 60 C1 00 00 30 C1 00 00 10 C1 00 00 40 C1 00 00 80 C0
00 00 00 C0 00 00 40 C0 00 00 00 40 00 00 40 40 00 00 00 41 00 00 40 41 00 00 50 41 00 00 B8 41
00 00 B8 41 00 00 08 42 00 00 14 42 00 00 2C 42 00 00 44 42 00 00 50 42 00 00 7C 42 00 00 8C 42
00 00 9C 42 00 00 AA 42 00 00 C2 42 00 00 CE 42 00 00 E4 42 00 00 EE 42 00 00 00 43 00 00 0D 43
00 00 12 43 00 00 16 43 00 00 26 43 00 00 26 43 00 00 31 43 00 00 38 43 00 00 3F 43 00 00 48 43
00 00 4D 43 00 00 53 43 00 00 56 43 00 00 5C 43 00 00 62 43 00 00 67 43 00 00 6C 43 00 00 6F 43
00 00 79 43 00 00 7A 43 00 00 7B 43 00 00 81 43 00 80 83 43 00 80 85 43 00 00 85 43 00 00 88 43
00 00 8B 43 00 00 89 43 00 00 8C 43 00 80 8C 43 00 80 8B 43 00 00 8D 43 00 00 8B 43 00 00 8C 43
00 80 89 43 00 80 88 43 00 80 86 43 00 80 85 43 00 00 84 43 00 00 81 43 00 00 7D 43 00 00 79 43
00 00 74 43 00 00 70 43 00 00 6A 43 00 00 62 43 00 00 60 43 00 00 56 43 00 00 57 43 00 00 4D 43
00 00 44 43 00 00 3C 43 00 00 33 43 00 00 2F 43 00 00 21 43 00 00 1C 43 00 00 14 43 00 00 0D 43
00 00 04 43 00 00 F6 42 00 00 E4 42 00 00 DC 42 00 00 CA 42 00 00 C0 42 00 00 AE 42 00 00 A6 42
00 00 98 42 00 00 88 42 00 00 80 42 00 00 68 42 00 00 60 42 00 00 40 42 00 00 24 42 00 00 18 42
00 00 0C 42 00 00 04 42 00 00 C8 41 00 00 B8 41 00 00 80 41 00 00 70 41 00 00 20 41 00 00 C0 40
00 00 80 40 00 00 80 3F 00 00 80 BF 00 00 40 C0 00 00 40 C0 00 00 00 00 00 00 00 00 00 00 00 40
00 00 40 40 00 00 E0 40 00 00 20 41 00 00 30 41 00 00 88 41 00 00 90 41 00 00 C8 41 00 00 E0 41
00 00 F0 41 00 00 10 42 00 00 28 42 00 00 40 42 00 00 4C 42 00 00 78 42 00 00 8C 42 00 00 96 42
00 00 B0 42 00 00 BE 42 00 00 CA 42 00 00 DC 42 00 00 EC 42 00 00 FE 42 00 00 09 43 00 00 11 43
00 00 18 43 00 00 22 43 00 00 2B 43 00 00 33 43 00 00 39 43 00 00 3F 43 00 00 4A 43 00 00 4E 43
00 00 54 43 00 00 5C 43 00 00 63 43 00 00 67 43 00 00 6D 43 00 00 70 43 00 00 79 43 00 00 7C 43
00 00 7C 43 00 00 82 43 00 80 82 43 00 00 86 43 00 80 87 43 00 00 88 43 00 00 8B 43 00 80 8C 43
00 80 8D 43 00 00 90 43 00 00 8F 43 00 80 91 43 00 00 8F 43 00 00 90 43 00 80 8D 43 00 80 8E 43
00 00 8F 43 00 00 8B 43 00 00 8A 43 00 00 88 43 00 80 87 43 00 80 86 43 00 80 83 43 00 80 82 43
00 00 80 43 00 00 7C 43 00 00 74 43 00 00 73 43 00 00 65 43 00 00 64 43 00 00 5B 43 00 00 4E 43
00 00 48 43 00 00 38 43 00 00 34 43 00 00 2F 43 00 00 20 43 00 00 1C 43 00 00 10 43 00 00 08 43
00 00 00 43 00 00 EA 42 00 00 DE 42 00 00 CA 42 00 00 C0 42 00 00 B4 42 00 00 A8 42 00 00 98 42
00 00 8A 42 00 00 7C 42 00 00 5C 42 00 00 48 42 00 00 30 42 00 00 24 42 00 00 1C 42 00 00 00 42
00 00 D8 41 00 00 E0 41 00 00 98 41 00 00 80 41 00 00 30 41 00 00 20 41 00 00 00 41 00 00 40 40
00 00 00 40 00 00 80 3F 00 00 A0 40 00 00 40 C0 00 00 80 3F 00 00 80 40 00 00 00 00 00 00 10 41
00 00 50 41 00 00 50 41 00 00 50 41 00 00 98 41 00 00 A0 41 00 00 B8 41 00 00 F8 41 00 00 E8 41
00 00 00 42 00 00 18 42 00 00 2C 42 00 00 48 42 00 00 60 42 00 00 78 42 00 00 8E 42 00 00 96 42
00 00 B4 42 00 00 C6 42 00 00 D0 42 00 00 E4 42 00 00 F0 42 00 00 03 43 00 00 0D 43 00 00 14 43
00 00 1E 43 00 00 25 43 00 00 2F 43 00 00 34 43 00 00 40 43 00 00 47 43 00 00 49 43 00 00 55 43
00 00 58 43 00 00 5F 43 00 00 64 43 00 00 6B 43 00 00 6F 43 00 00 73 43 00 00 7B 43 00 00 7F 43
00 00 81 43 00 00 85 43 00 80 86 43 00 00 89 43 00 00 8D 43 00 00 8D 43 00 00 90 43 00 00 92 43
00 80 93 43 00 00 94 43 00 80 95 43 00 00 97 43 00 80 97 43 00 00 98 43 00 80 95 43 00 00 95 43
00 00 94 43 00 00 93 43 00 00 91 43 00 00 90 43 00 00 8F 43 00 00 8D 43 00 80 8C 43 00 80 89 43
00 00 86 43 00 80 85 43 00 00 83 43 00 00 7C 43 00 00 78 43 00 00 71 43 00 00 6A 43 00 00 61 43
00 00 58 43 00 00 50 43 00 00 45 43 00 00 41 43 00 00 2F 43 00 00 2A 43 00 00 21 43 00 00 17 43
00 00 12 43 00 00 06 43 00 00 FE 42 00 00 EC 42 00 00 DA 42 00 00 CC 42 00 00 C0 42 00 00 AC 42
00 00 A2 42 00 00 94 42 00 00 88 42 00 00 7C 42 00 00 68 42 00 00 50 42 00 00 3C 42 00 00 20 42
00 00 10 42 00 00 E8 41 00 00 C0 41 00 00 A8 41 00 00 98 41 00 00 60 41 00 00 88 41 00 00 30 41
00 00 50 41 00 00 40 41 00 00 20 41 00 00 00 41 00 00 30 41 00 00 70 41 00 00 60 41 00 00 A8 41
00 00 A0 41 00 00 C0 41 00 00 E8 41 00 00 E8 41 00 00 14 42 00 00 1C 42 00 00 28 42 00 00 3C 42
00 00 54 42 00 00 70 42 00 00 6C 42 00 00 8A 42 00 00 A0 42 00 00 A2 42 00 00 BA 42 00 00 C8 42
00 00 DA 42 00 00 EC 42 00 00 01 43 00 00 0C 43 00 00 14 43 00 00 1E 43 00 00 25 43 00 00 2B 43
00 00 33 43 00 00 3B 43 00 00 42 43 00 00 4A 43 00 00 52 43 00 00 5D 43 00 00 5D 43 00 00 66 43
00 00 E0 40 00 00 80 41 00 00 A8 41 00 00 E0 41 00 00 00 42 00 00 1C 42 00 00 34 42 00 00 54 42
00 00 60 42 00 00 82 42 00 00 8C 42 00 00 8A 42 00 00 A0 42 00 00 A2 42 00 00 B0 42 00 00 B4 42
00 00 B6 42 00 00 C4 42 00 00 C6 42 00 00 D4 42 00 00 D2 42 00 00 E6 42 00 00 EA 42 00 00 EE 42
00 00 F4 42 00 00 F8 42 00 00 FE 42 00 00 04 43 00 00 03 43 00 00 03 43 00 00 04 43 00 00 03 43
00 00 03 43 00 00 02 43 00 00 03 43 00 00 F6 42 00 00 F2 42 00 00 EE 42 00 00 E8 42 00 00 DC 42
00 00 D8 42 00 00 D0 42 00 00 C8 42 00 00 C6 42 00 00 B0 42 00 00 AC 42 00 00 A0 42 00 00 98 42
00 00 8E 42 00 00 74 42 00 00 70 42 00 00 4C 42 00 00 34 42 00 00 20 42 00 00 00 42 00 00 E0 41
00 00 B0 41 00 00 88 41 00 00 40 41 00 00 80 40 00 00 E0 C0 00 00 10 C1 00 00 88 C1 00 00 90 C1
00 00 E8 C1 00 00 F0 C1 00 00 20 C2 00 00 30 C2 00 00 38 C2 00 00 54 C2 00 00 54 C2 00 00 74 C2
00 00 74 C2 00 00 84 C2 00 00 8E C2 00 00 88 C2 00 00 96 C2 00 00 9E C2 00 00 A4 C2 00 00 AC C2
00 00 AA C2 00 00 B8 C2 00 00 B8 C2 00 00 BE C2 00 00 C0 C2 00 00 BE C2 00 00 BE C2 00 00 C0 C2
00 00 B8 C2 00 00 BC C2 00 00 B4 C2 00 00 B4 C2 00 00 AA C2 00 00 A6 C2 00 00 A2 C2 00 00 98 C2
00 00 94 C2 00 00 8C C2 00 00 88 C2 00 00 74 C2 00 00 6C C2 00 00 58 C2 00 00 3C C2 00 00 2C C2
00 00 08 C2 00 00 08 C2 00 00 C8 C1 00 00 98 C1 00 00 90 C1 00 00 A0 C0 00 00 00 C0 00 00 40 40
00 00 40 41 00 00 88 41 00 00 B8 41 00 00 F8 41 00 00 18 42 00 00 34 42 00 00 3C 42 00 00 64 42
00 00 6C 42 00 00 82 42 00 00 8C 42 00 00 8E 42 00 00 9A 42 00 00 A4 42 00 00 A4 42 00 00 AA 42
00 00 B8 42 00 00 B6 42 00 00 BA 42 00 00 CA 42 00 00 C4 42 00 00 D2 42 00 00 CE 42 00 00 D2 42
00 00 DA 42 00 00 DC 42 00 00 E4 42 00 00 E8 42 00 00 E2 42 00 00 EA 42 00 00 E4 42 00 00 DE 42
00 00 DA 42 00 00 D6 42 00 00 CE 42 00 00 C8 42 00 00 C8 42 00 00 B0 42 00 00 B6 42 00 00 A8 42
00 00 98 42 00 00 9E 42 00 00 90 42 00 00 90 42 00 00 82 42 00 00 78 42 00 00 58 42 00 00 44 42
00 00 38 42 00 00 1C 42 00 00 0C 42 00 00 E0 41 00 00 A8 41 00 00 88 41 00 00 10 41 00 00 E0 40
00 00 00 00 00 00 C0 C0 00 00 50 C1 00 00 88 C1 00 00 C8 C1 00 00 E0 C1 00 00 04 C2 00 00 14 C2
00 00 38 C2 00 00 44 C2 00 00 58 C2 00 00 6C C2 00 00 84 C2 00 00 82 C2 00 00 8A C2 00 00 98 C2
00 00 98 C2 00 00 A4 C2 00 00 9E C2 00 00 AA C2 00 00 AE C2 00 00 B2 C2 00 00 C0 C2 00 00 BA C2
00 00 C4 C2 00 00 C4 C2 00 00 C6 C2 00 00 D2 C2 00 00 BE C2 00 00 C2 C2 00 00 CE C2 00 00 C4 C2
00 00 BC C2 00 00 C2 C2 00 00 B4 C2 00 00 B8 C2 00 00 AA C2 00 00 AA C2 00 00 98 C2 00 00 90 C2
00 00 8C C2 00 00 82 C2 00 00 78 C2 00 00 64 C2 00 00 5C C2 00 00 48 C2 00 00 30 C2 00 00 20 C2
00 00 F8 C1 00 00 E0 C1 00 00 A8 C1 00 00 88 C1 00 00 50 C1 00 00 00 C0 00 00 40 40 00 00 00 41
00 00 50 41 00 00 A0 41 00 00 C0 41 00 00 F0 41 00 00 10 42 00 00 28 42 00 00 28 42 00 00 48 42
00 00 4C 42 00 00 68 42 00 00 7C 42 00 00 7C 42 00 00 8E 42 00 00 92 42 00 00 96 42 00 00 9C 42
00 00 A2 42 00 00 A4 42 00 00 A6 42 00 00 B6 42 00 00 B0 42 00 00 C0 42 00 00 B6 42 00 00 BA 42
00 00 C2 42 00 00 C6 42 00 00 CE 42 00 00 CA 42 00 00 D0 42 00 00 D4 42 00 00 CA 42 00 00 D0 42
00 00 CE 42 00 00 C6 42 00 00 CE 42 00 00 B6 42 00 00 BE 42 00 00 AA 42 00 00 AC 42 00 00 A0 42
00 00 92 42 00 00 90 42 00 00 8A 42 00 00 84 42 00 00 74 42 00 00 54 42 00 00 4C 42 00 00 38 42
00 00 20 42 00 00 08 42 00 00 08 42 00 00 D0 41 00 00 A8 41 00 00 80 41 00 00 20 41 00 00 E0 40
00 00 80 3F 00 00 C0 C0 00 00 30 C1 00 00 50 C1 00 00 90 C1 00 00 D0 C1 00 00 00 C2 00 00 00 C2
00 00 10 C2 00 00 34 C2 00 00 44 C2 00 00 5C C2 00 00 54 C2 00 00 7C C2 00 00 7C C2 00 00 84 C2
00 00 8A C2 00 00 96 C2 00 00 9E C2 00 00 A2 C2 00 00 AE C2 00 00 AC C2 00 00 B4 C2 00 00 BC C2
00 00 BA C2 00 00 C4 C2 00 00 BE C2 00 00 C4 C2 00 00 C4 C2 00 00 C2 C2 00 00 CC C2 00 00 C2 C2
00 00 C8 C2 00 00 C0 C2 00 00 BE C2 00 00 BA C2 00 00 AE C2 00 00 AA C2 00 00 9E C2 00 00 98 C2
00 00 92 C2 00 00 88 C2 00 00 80 C2 00 00 7C C2 00 00 60 C2 00 00 58 C2 00 00 40 C2 00 00 34 C2
00 00 1C C2 00 00 0C C2 00 00 E0 C1 00 00 90 C1 00 00 A0 C1 00 00 00 C1 00 00 A0 C0 00 00 00 C0
00 00 C0 40 00 00 30 41 00 00 70 41 00 00 A0 41 00 00 E0 41 00 00 F0 41 00 00 08 42 00 00 28 42
00 00 3C 42 00 00 48 42 00 00 5C 42 00 00 60 42 00 00 7C 42 00 00 74 42 00 00 8E 42 00 00 98 42
00 00 98 42 00 00 A0 42 00 00 A8 42 00 00 A4 42 00 00 B2 42 00 00 B4 42 00 00 BA 42 00 00 BC 42
00 00 BE 42 00 00 C2 42 00 00 BE 42 00 00 CA 42 00 00 C6 42 00 00 C4 42 00 00 C4 42 00 00 C4 42
00 00 BA 42 00 00 BC 42 00 00 B2 42 00 00 A8 42 00 00 AC 42 00 00 A2 42 00 00 A0 42 00 00 9A 42
00 00 86 42 00 00 86 42 00 00 8A 42 00 00 74 42 00 00 60 42 00 00 34 42 00 00 30 42 00 00 14 42
00 00 00 42 00 00 D0 41 00 00 A8 41 00 00 88 41 00 00 20 41 00 00 00 41 00 00 80 3F 00 00 40 C0
00 00 00 C1 00 00 80 C1 00 00 90 C1 00 00 D8 C1 00 00 D8 C1 00 00 14 C2 00 00 20 C2 00 00 30 C2
00 00 5C C2 00 00 4C C2 00 00 64 C2 00 00 7C C2 00 00 7C C2 00 00 82 C2 00 00 8E C2 00 00 92 C2
00 00 9A C2 00 00 96 C2 00 00 A2 C2 00 00 AC C2 00 00 AC C2 00 00 AE C2 00 00 AC C2 00 00 B4 C2
00 00 B8 C2 00 00 C6 C2 00 00 BE C2 00 00 C0 C2 00 00 C0 C2 00 00 BE C2 00 00 C0 C2 00 00 BC C2
00 00 B4 C2 00 00 A8 C2 00 00 A8 C2 00 00 A6 C2 00 00 9A C2 00 00 8E C2 00 00 88 C2 00 00 78 C2
00 00 68 C2 00 00 58 C2 00 00 38 C2 00 00 20 C2 00 00 14 C2 00 00 04 C2 00 00 D8 C1 00 00 A8 C1
00 00 80 C1 00 00 30 C1 00 00 A0 C0 00 00 00 00 00 00 A0 40 00 00 50 41 00 00 88 41 00 00 B8 41
00 00 F0 41 00 00 F8 41 00 00 20 42 00 00 2C 42 00 00 38 42 00 00 58 42 00 00 60 42 00 00 84 42
00 00 8A 42 00 00 94 42 00 00 9E 42 00 00 A2 42 00 00 AC 42 00 00 AE 42 00 00 BA 42 00 00 43 C3
00 00 42 C3 00 00 3D C3 00 00 3C C3 00 00 38 C3 00 00 37 C3 00 00 32 C3 00 00 2E C3 00 00 2D C3
00 00 28 C3 00 00 26 C3 00 00 1D C3 00 00 18 C3 00 00 16 C3 00 00 12 C3 00 00 0E C3 00 00 05 C3
00 00 06 C3 00 00 FE C2 00 00 F4 C2 00 00 EA C2 00 00 E4 C2 00 00 D6 C2 00 00 CC C2 00 00 BA C2
00 00 AA C2 00 00 A6 C2 00 00 92 C2 00 00 88 C2 00 00 80 C2 00 00 64 C2 00 00 50 C2 00 00 34 C2
00 00 28 C2 00 00 10 C2 00 00 04 C2 00 00 F8 C1 00 00 B0 C1 00 00 88 C1 00 00 50 C1 00 00 50 C1
00 00 20 C1 00 00 00 C1 00 00 40 C0 00 00 00 00 00 00 80 3F 00 00 80 40 00 00 40 40 00 00 20 41
00 00 30 41 00 00 50 41 00 00 98 41 00 00 80 41 00 00 98 41 00 00 80 41 00 00 60 41 00 00 90 41
00 00 30 41 00 00 30 41 00 00 20 41 00 00 00 41 00 00 80 3F 00 00 80 C0 00 00 40 C0 00 00 30 C1
00 00 60 C1 00 00 70 C1 00 00 B0 C1 00 00 A8 C1 00 00 00 C2 00 00 08 C2 00 00 20 C2 00 00 40 C2
00 00 44 C2 00 00 5C C2 00 00 70 C2 00 00 7C C2 00 00 90 C2 00 00 9C C2 00 00 A6 C2 00 00 AC C2
00 00 C0 C2 00 00 D0 C2 00 00 DE C2 00 00 F0 C2 00 00 F2 C2 00 00 02 C3 00 00 06 C3 00 00 0B C3
00 00 10 C3 00 00 13 C3 00 00 18 C3 00 00 1D C3 00 00 25 C3 00 00 2B C3 00 00 2C C3 00 00 2F C3
00 00 31 C3 00 00 36 C3 00 00 35 C3 00 00 36 C3 00 00 40 C3 00 00 40 C3 00 00 40 C3 00 00 41 C3
00 00 46 C3 00 00 4C C3 00 00 48 C3 00 00 51 C3 00 00 4D C3 00 00 4E C3 00 00 48 C3 00 00 47 C3
00 00 47 C3 00 00 43 C3 00 00 42 C3 00 00 3D C3 00 00 38 C3 00 00 39 C3 00 00 34 C3 00 00 32 C3
00 00 2D C3 00 00 29 C3 00 00 23 C3 00 00 1E C3 00 00 17 C3 00 00 13 C3 00 00 0F C3 00 00 0D C3
00 00 04 C3 00 00 02 C3 00 00 F0 C2 00 00 E6 C2 00 00 DE C2 00 00 CE C2 00 00 C8 C2 00 00 B6 C2
00 00 AC C2 00 00 A2 C2 00 00 94 C2 00 00 8A C2 00 00 80 C2 00 00 7C C2 00 00 54 C2 00 00 48 C2
00 00 34 C2 00 00 28 C2 00 00 24 C2 00 00 0C C2 00 00 F0 C1 00 00 D8 C1 00 00 A8 C1 00 00 D0 C1
00 00 80 C1 00 00 80 C1 00 00 30 C1 00 00 30 C1 00 00 10 C1 00 00 40 C0 00 00 80 C0 00 00 00 00
00 00 00 00 00 00 40 40 00 00 80 40 00 00 40 40 00 00 A0 40 00 00 00 40 00 00 00 40 00 00 80 BF
00 00 00 C0 00 00 80 C0 00 00 20 C1 00 00 E0 C0 00 00 20 C1 00 00 88 C1 00 00 80 C1 00 00 B8 C1
00 00 C8 C1 00 00 F0 C1 00 00 0C C2 00 00 18 C2 00 00 3C C2 00 00 4C C2 00 00 58 C2 00 00 70 C2
00 00 78 C2 00 00 92 C2 00 00 96 C2 00 00 96 C2 00 00 AE C2 00 00 B8 C2 00 00 BE C2 00 00 CA C2
00 00 DA C2 00 00 E2 C2 00 00 EE C2 00 00 FC C2 00 00 07 C3 00 00 0A C3 00 00 0F C3 00 00 16 C3
00 00 1E C3 00 00 1C C3 00 00 25 C3 00 00 29 C3 00 00 2F C3 00 00 34 C3 00 00 35 C3 00 00 3A C3
00 00 3A C3 00 00 40 C3 00 00 47 C3 00 00 45 C3 00 00 48 C3 00 00 4B C3 00 00 4F C3 00 00 4F C3
00 00 57 C3 00 00 56 C3 00 00 56 C3 00 00 56 C3 00 00 51 C3 00 00 51 C3 00 00 54 C3 00 00 52 C3
00 00 4F C3 00 00 4B C3 00 00 44 C3 00 00 46 C3 00 00 44 C3 00 00 40 C3 00 00 38 C3 00 00 32 C3
00 00 32 C3 00 00 2B C3 00 00 29 C3 00 00 20 C3 00 00 20 C3 00 00 1C C3 00 00 15 C3 00 00 13 C3
00 00 0B C3 00 00 09 C3 00 00 00 C3 00 00 FC C2 00 00 EE C2 00 00 E0 C2 00 00 E0 C2 00 00 CE C2
00 00 C4 C2 00 00 B6 C2 00 00 AA C2 00 00 A0 C2 00 00 94 C2 00 00 86 C2 00 00 78 C2 00 00 6C C2
00 00 5C C2 00 00 3C C2 00 00 3C C2 00 00 20 C2 00 00 0C C2 00 00 0C C2 00 00 F0 C1 00 00 C0 C1
00 00 90 C1 00 00 98 C1 00 00 60 C1 00 00 10 C1 00 00 00 C1 00 00 00 C0 00 00 80 BF 00 00 80 3F
00 00 40 40 00 00 00 40 00 00 E0 40 00 00 A0 40 00 00 40 40 00 00 40 40 00 00 00 40 00 00 80 3F
00 00 00 00 00 00 00 40 00 00 40 C0 00 00 C0 C0 00 00 A0 C0 00 00 00 C1 00 00 40 C1 00 00 30 C1
00 00 80 C1 00 00 B8 C1 00 00 E8 C1 00 00 F8 C1 00 00 1C C2 00 00 2C C2 00 00 40 C2 00 00 5C C2
00 00 6C C2 00 00 80 C2 00 00 80 C2 00 00 92 C2 00 00 9E C2 00 00 AA C2 00 00 C4 C2 00 00 C8 C2
00 00 D6 C2 00 00 DE C2 00 00 EC C2 00 00 F6 C2 00 00 FC C2 00 00 06 C3 00 00 09 C3 00 00 0F C3
00 00 16 C3 00 00 1A C3 00 00 22 C3 00 00 24 C3 00 00 2A C3 00 00 2F C3 00 00 31 C3 00 00 38 C3
00 00 3C C3 00 00 3B C3 00 00 3F C3 00 00 3C C3 00 00 41 C3 00 00 41 C3 00 00 44 C3 00 00 48 C3
00 00 4C C3 00 00 48 C3 00 00 4C C3 00 00 4B C3 00 00 4B C3 00 00 47 C3 00 00 4C C3 00 00 44 C3
00 00 43 C3 00 00 42 C3 00 00 3E C3 00 00 3C C3 00 00 35 C3 00 00 30 C3 00 00 2E C3 00 00 2B C3
00 00 27 C3 00 00 1F C3 00 00 19 C3 00 00 12 C3 00 00 10 C3 00 00 08 C3 00 00 FE C2 00 00 F8 C2
00 00 E4 C2 00 00 DC C2 00 00 D0 C2 00 00 C6 C2 00 00 B8 C2 00 00 A6 C2 00 00 A0 C2 00 00 8A C2
00 00 84 C2 00 00 6C C2 00 00 50 C2 00 00 44 C2 00 00 14 C2 00 00 18 C2 00 00 F0 C1 00 00 C8 C1
00 00 98 C1 00 00 70 C1 00 00 50 C1 00 00 30 C1 00 00 C0 C0 00 00 A0 C0 00 00 40 40 00 00 40 40
00 00 E0 40 00 00 50 41 00 00 50 41 00 00 98 41 00 00 90 41 00 00 A8 41 00 00 C8 41 00 00 C8 41
00 00 E8 41 00 00 C8 41 00 00 F0 41 00 00 F0 41 00 00 D8 41 00 00 F0 41 00 00 C0 41 00 00 B0 41
00 00 98 41 00 00 88 41 00 00 50 41 00 00 20 41 00 00 A0 40 00 00 A0 40 00 00 00 C0 00 00 A0 C0
00 00 20 C1 00 00 88 C1 00 00 B8 C1 00 00 C8 C1 00 00 E0 C1 00 00 04 C2 00 00 20 C2 00 00 30 C2
00 00 40 C2 00 00 60 C2 00 00 68 C2 00 00 80 C2 00 00 8C C2 00 00 96 C2 00 00 A8 C2 00 00 AE C2
00 00 B8 C2 00 00 C8 C2 00 00 D0 C2 00 00 DE C2 00 00 E6 C2 00 00 F4 C2 00 00 02 C3 00 00 04 C3
00 00 0A C3 00 00 0E C3 00 00 13 C3 00 00 11 C3 00 00 17 C3 00 00 1A C3 00 00 1B C3 00 00 20 C3
00 00 25 C3 00 00 25 C3 00 00 2A C3 00 00 29 C3 00 00 2B C3 00 00 29 C3 00 00 2C C3 00 00 2F C3
00 00 2D C3 00 00 30 C3 00 00 33 C3 00 00 2F C3 00 00 2B C3 00 00 2B C3 00 00 26 C3 00 00 28 C3
00 00 25 C3 00 00 24 C3 00 00 1C C3 00 00 1E C3 00 00 19 C3 00 00 14 C3 00 00 0D C3 00 00 0B C3
00 00 08 C3 00 00 00 C3 00 00 FC C2 00 00 F8 C2 00 00 F0 C2 00 00 E0 C2 00 00 DA C2 00 00 D6 C2
00 00 CC C2 00 00 BC C2 00 00 B2 C2 00 00 AA C2 00 00 A0 C2 00 00 8E C2 00 00 8A C2 00 00 80 C2
00 00 64 C2 00 00 4C C2 00 00 40 C2 00 00 24 C2 00 00 10 C2 00 00 E0 C1 00 00 C8 C1 00 00 B8 C1
00 00 98 C1 00 00 40 C1 00 00 20 C1 00 00 E0 C0 00 00 40 40 00 00 80 40 00 00 00 41 00 00 50 41
00 00 10 41 00 00 88 41 00 00 B0 41 00 00 C8 41 00 00 E8 41 00 00 E8 41 00 00 04 42 00 00 00 42
00 00 10 42 00 00 10 42 00 00 0C 42 00 00 0C 42 00 00 08 42 00 00 0C 42 00 00 04 42 00 00 08 42
00 00 F0 41 00 00 C0 41 00 00 D0 41 00 00 90 41 00 00 98 41 00 00 90 41 00 00 50 41 00 00 10 41
00 00 A0 40 00 00 80 3F 00 00 40 C0 00 00 10 C1 00 00 50 C1 00 00 80 C1 00 00 B0 C1 00 00 E8 C1
00 00 F8 C1 00 00 1C C2 00 00 3C C2 00 00 44 C2 00 00 78 C2 00 00 74 C2 00 00 92 C2 00 00 9A C2
00 00 B0 C2 00 00 BC C2 00 00 BE C2 00 00 D0 C2 00 00 DA C2 00 00 E4 C2 00 00 EC C2 00 00 F2 C2
00 00 F8 C2 00 00 06 C3 00 00 04 C3 00 00 0B C3 00 00 0F C3 00 00 12 C3 00 00 16 C3 00 00 1A C3
00 00 1D C3 00 00 1F C3 00 00 24 C3 00 00 27 C3 00 00 29 C3 00 00 2C C3 00 00 2E C3 00 00 31 C3
00 00 30 C3 00 00 30 C3 00 00 31 C3 00 00 2F C3 00 00 34 C3 00 00 2C C3 00 00 29 C3 00 00 2B C3
00 00 3E 43 00 00 42 43 00 00 4D 43 00 00 50 43 00 00 56 43 00 00 5F 43 00 00 65 43 00 00 66 43
00 00 6E 43 00 00 70 43 00 00 77 43 00 00 7D 43 00 00 7E 43 00 80 83 43 00 80 84 43 00 00 88 43
00 00 88 43 00 00 8C 43 00 80 8B 43 00 00 8F 43 00 00 92 43 00 80 92 43 00 80 93 43 00 80 96 43
00 80 96 43 00 80 97 43 00 80 98 43 00 80 99 43 00 80 99 43 00 00 99 43 00 00 97 43 00 00 96 43
00 80 94 43 00 80 92 43 00 00 91 43 00 80 91 43 00 80 8F 43 00 80 8D 43 00 00 8C 43 00 80 8A 43
00 00 87 43 00 00 85 43 00 80 83 43 00 00 7D 43 00 00 79 43 00 00 72 43 00 00 6B 43 00 00 64 43
00 00 60 43 00 00 5A 43 00 00 4F 43 00 00 49 43 00 00 42 43 00 00 40 43 00 00 35 43 00 00 2E 43
00 00 29 43 00 00 21 43 00 00 1B 43 00 00 16 43 00 00 0F 43 00 00 0B 43 00 00 04 43 00 00 F8 42
00 00 F8 42 00 00 E6 42 00 00 E4 42 00 00 D6 42 00 00 CE 42 00 00 BC 42 00 00 B8 42 00 00 B8 42
00 00 AA 42 00 00 A2 42 00 00 9A 42 00 00 98 42 00 00 96 42 00 00 8C 42 00 00 86 42 00 00 84 42
00 00 7C 42 00 00 8A 42 00 00 70 42 00 00 74 42 00 00 78 42 00 00 78 42 00 00 82 42 00 00 88 42
00 00 92 42 00 00 96 42 00 00 9A 42 00 00 9A 42 00 00 A4 42 00 00 AC 42 00 00 B8 42 00 00 C2 42
00 00 CA 42 00 00 D6 42 00 00 E0 42 00 00 EA 42 00 00 00 43 00 00 03 43 00 00 09 43 00 00 0F 43
00 00 15 43 00 00 1E 43 00 00 22 43 00 00 29 43 00 00 33 43 00 00 3A 43 00 00 41 43 00 00 47 43
00 00 4D 43 00 00 52 43 00 00 59 43 00 00 60 43 00 00 65 43 00 00 6F 43 00 00 73 43 00 00 77 43
00 00 80 43 00 00 7D 43 00 80 81 43 00 00 83 43 00 00 85 43 00 00 88 43 00 80 89 43 00 80 8A 43
00 00 8B 43 00 80 8E 43 00 00 90 43 00 00 8F 43 00 00 91 43 00 80 92 43 00 00 93 43 00 00 94 43
00 80 95 43 00 80 95 43 00 80 94 43 00 00 95 43 00 00 95 43 00 00 94 43 00 80 92 43 00 00 90 43
00 00 8F 43 00 00 8D 43 00 00 88 43 00 00 89 43 00 80 85 43 00 00 80 43 00 00 81 43 00 00 7C 43
00 00 74 43 00 00 71 43 00 00 6A 43 00 00 63 43 00 00 61 43 00 00 57 43 00 00 51 43 00 00 4B 43
00 00 45 43 00 00 3F 43 00 00 38 43 00 00 34 43 00 00 2D 43 00 00 25 43 00 00 1F 43 00 00 18 43
00 00 13 43 00 00 0A 43 00 00 04 43 00 00 FC 42 00 00 F0 42 00 00 E6 42 00 00 DC 42 00 00 DA 42
00 00 CC 42 00 00 C2 42 00 00 BE 42 00 00 B6 42 00 00 B0 42 00 00 AA 42 00 00 A0 42 00 00 9A 42
00 00 92 42 00 00 96 42 00 00 8C 42 00 00 82 42 00 00 84 42 00 00 82 42 00 00 78 42 00 00 6C 42
00 00 74 42 00 00 6C 42 00 00 70 42 00 00 68 42 00 00 6C 42 00 00 6C 42 00 00 82 42 00 00 88 42
00 00 8C 42 00 00 94 42 00 00 9A 42 00 00 A0 42 00 00 AE 42 00 00 B6 42 00 00 C0 42 00 00 CA 42
00 00 CC 42 00 00 E0 42 00 00 EE 42 00 00 F0 42 00 00 00 43 00 00 04 43 00 00 0A 43 00 00 10 43
00 00 18 43 00 00 1D 43 00 00 28 43 00 00 2B 43 00 00 30 43 00 00 36 43 00 00 3E 43 00 00 41 43
00 00 47 43 00 00 4F 43 00 00 51 43 00 00 57 43 00 00 5C 43 00 00 62 43 00 00 68 43 00 00 6F 43
00 00 70 43 00 00 73 43 00 00 77 43 00 00 7A 43 00 80 80 43 00 00 80 43 00 00 81 43 00 80 83 43
00 00 85 43 00 00 86 43 00 80 87 43 00 80 88 43 00 00 8B 43 00 00 8A 43 00 80 8B 43 00 00 8E 43
00 00 8C 43 00 00 8E 43 00 00 8E 43 00 00 8C 43 00 00 8D 43 00 00 8A 43 00 80 89 43 00 80 88 43
00 00 88 43 00 80 85 43 00 80 84 43 00 00 81 43 00 00 7E 43 00 00 7B 43 00 00 75 43 00 00 73 43
00 00 6A 43 00 00 68 43 00 00 63 43 00 00 5B 43 00 00 58 43 00 00 4E 43 00 00 48 43 00 00 44 43
00 00 3D 43 00 00 38 43 00 00 33 43 00 00 2B 43 00 00 24 43 00 00 1F 43 00 00 18 43 00 00 10 43
00 00 0E 43 00 00 07 43 00 00 FE 42 00 00 FA 42 00 00 EE 42 00 00 E6 42 00 00 E0 42 00 00 CE 42
00 00 C8 42 00 00 BA 42 00 00 B8 42 00 00 B0 42 00 00 A2 42 00 00 9C 42 00 00 9E 42 00 00 96 42
00 00 90 42 00 00 92 42 00 00 88 42 00 00 8C 42 00 00 86 42 00 00 74 42 00 00 60 42 00 00 6C 42
00 00 58 42 00 00 64 42 00 00 70 42 00 00 6C 42 00 00 70 42 00 00 7C 42 00 00 78 42 00 00 88 42
00 00 90 42 00 00 90 42 00 00 96 42 00 00 9A 42 00 00 A0 42 00 00 AE 42 00 00 B4 42 00 00 BA 42
00 00 C8 42 00 00 CE 42 00 00 DA 42 00 00 EA 42 00 00 F2 42 00 00 01 43 00 00 07 43 00 00 0F 43
00 00 13 43 00 00 1A 43 00 00 22 43 00 00 28 43 00 00 2D 43 00 00 34 43 00 00 39 43 00 00 3B 43
00 00 45 43 00 00 49 43 00 00 4F 43 00 00 55 43 00 00 59 43 00 00 60 43 00 00 63 43 00 00 67 43
00 00 71 43 00 00 74 43 00 00 79 43 00 00 78 43 00 00 7F 43 00 00 80 43 00 00 83 43 00 80 83 43
00 80 85 43 00 80 87 43 00 00 86 43 00 00 89 43 00 80 8B 43 00 80 8B 43 00 80 8C 43 00 80 8D 43
00 80 8D 43 00 00 8D 43 00 00 8D 43 00 80 8E 43 00 80 8D 43 00 00 8C 43 00 80 8B 43 00 00 88 43
00 00 87 43 00 00 85 43 00 80 82 43 00 00 7F 43 00 00 7A 43 00 00 76 43 00 00 71 43 00 00 6E 43
00 00 6B 43 00 00 67 43 00 00 63 43 00 00 5F 43 00 00 54 43 00 00 50 43 00 00 48 43 00 00 40 43
00 00 3C 43 00 00 35 43 00 00 2D 43 00 00 27 43 00 00 24 43 00 00 1F 43 00 00 17 43 00 00 13 43
00 00 0A 43 00 00 07 43 00 00 FC 42 00 00 F8 42 00 00 F0 42 00 00 E6 42 00 00 D8 42 00 00 CE 42
00 00 CC 42 00 00 C6 42 00 00 BE 42 00 00 B4 42 00 00 AA 42 00 00 AE 42 00 00 A2 42 00 00 A6 42
00 00 9A 42 00 00 9C 42 00 00 90 42 00 00 92 42 00 00 90 42 00 00 8A 42 00 00 84 42 00 00 86 42
00 00 84 42 00 00 86 42 00 00 84 42 00 00 88 42 00 00 8A 42 00 00 8A 42 00 00 94 42 00 00 98 42
00 00 A0 42 00 00 AC 42 00 00 AE 42 00 00 BE 42 00 00 C0 42 00 00 C8 42 00 00 DA 42 00 00 E4 42
00 00 F6 42 00 00 FE 42 00 00 03 43 00 00 0C 43 00 00 10 43 00 00 1A 43 00 00 23 43 00 00 27 43
00 00 2F 43 00 00 31 43 00 00 38 43 00 00 3F 43 00 00 46 43 00 00 4A 43 00 00 4F 43 00 00 55 43
00 00 58 43 00 00 60 43 00 00 64 43 00 00 6A 43 00 00 70 43 00 00 76 43 00 00 7A 43 00 00 81 43
00 80 81 43 00 80 83 43 00 00 86 43 00 80 86 43 00 80 88 43 00 80 89 43 00 80 8B 43 00 00 0C C2
00 00 0C C2 00 00 F0 C1 00 00 D0 C1 00 00 B0 C1 00 00 88 C1 00 00 10 C1 00 00 00 C1 00 00 80 3F
00 00 00 00 00 00 C0 40 00 00 20 41 00 00 80 41 00 00 A0 41 00 00 E8 41 00 00 08 42 00 00 18 42
00 00 50 42 00 00 4C 42 00 00 70 42 00 00 80 42 00 00 8C 42 00 00 9A 42 00 00 A6 42 00 00 B2 42
00 00 C0 42 00 00 CA 42 00 00 DC 42 00 00 EA 42 00 00 F4 42 00 00 00 43 00 00 01 43 00 00 08 43
00 00 10 43 00 00 10 43 00 00 16 43 00 00 1A 43 00 00 1F 43 00 00 25 43 00 00 27 43 00 00 2C 43
00 00 2D 43 00 00 2E 43 00 00 31 43 00 00 34 43 00 00 36 43 00 00 38 43 00 00 3C 43 00 00 3F 43
00 00 41 43 00 00 44 43 00 00 40 43 00 00 46 43 00 00 43 43 00 00 41 43 00 00 41 43 00 00 3B 43
00 00 3A 43 00 00 36 43 00 00 32 43 00 00 2C 43 00 00 2D 43 00 00 28 43 00 00 23 43 00 00 1C 43
00 00 18 43 00 00 14 43 00 00 11 43 00 00 09 43 00 00 07 43 00 00 FC 42 00 00 EC 42 00 00 E2 42
00 00 D2 42 00 00 C6 42 00 00 B6 42 00 00 A8 42 00 00 9A 42 00 00 92 42 00 00 84 42 00 00 60 42
00 00 4C 42 00 00 30 42 00 00 0C 42 00 00 E0 41 00 00 B8 41 00 00 88 41 00 00 30 41 00 00 A0 40
00 00 80 BF 00 00 80 C0 00 00 80 C0 00 00 20 C1 00 00 30 C1 00 00 90 C1 00 00 B0 C1 00 00 C0 C1
00 00 F0 C1 00 00 F0 C1 00 00 10 C2 00 00 1C C2 00 00 1C C2 00 00 40 C2 00 00 34 C2 00 00 2C C2
00 00 48 C2 00 00 38 C2 00 00 3C C2 00 00 44 C2 00 00 3C C2 00 00 40 C2 00 00 30 C2 00 00 24 C2
00 00 18 C2 00 00 14 C2 00 00 F8 C1 00 00 E0 C1 00 00 C0 C1 00 00 50 C1 00 00 50 C1 00 00 40 C0
00 00 00 C0 00 00 A0 40 00 00 40 41 00 00 70 41 00 00 B8 41 00 00 D0 41 00 00 08 42 00 00 30 42
00 00 3C 42 00 00 58 42 00 00 74 42 00 00 90 42 00 00 9A 42 00 00 A2 42 00 00 B6 42 00 00 BE 42
00 00 D2 42 00 00 DC 42 00 00 EC 42 00 00 F2 42 00 00 F6 42 00 00 01 43 00 00 07 43 00 00 0C 43
00 00 10 43 00 00 15 43 00 00 17 43 00 00 1A 43 00 00 1D 43 00 00 23 43 00 00 21 43 00 00 25 43
00 00 26 43 00 00 27 43 00 00 2D 43 00 00 2B 43 00 00 30 43 00 00 33 43 00 00 35 43 00 00 36 43
00 00 31 43 00 00 33 43 00 00 34 43 00 00 34 43 00 00 34 43 00 00 2D 43 00 00 2F 43 00 00 2A 43
00 00 29 43 00 00 28 43 00 00 23 43 00 00 1E 43 00 00 1A 43 00 00 13 43 00 00 0F 43 00 00 0B 43
00 00 07 43 00 00 01 43 00 00 FC 42 00 00 F2 42 00 00 E2 42 00 00 D8 42 00 00 CA 42 00 00 B8 42
00 00 B4 42 00 00 AA 42 00 00 94 42 00 00 8A 42 00 00 84 42 00 00 68 42 00 00 4C 42 00 00 28 42
00 00 14 42 00 00 F8 41 00 00 D8 41 00 00 80 41 00 00 50 41 00 00 C0 40 00 00 00 00 00 00 A0 C0
00 00 00 C1 00 00 60 C1 00 00 98 C1 00 00 B8 C1 00 00 B8 C1 00 00 D8 C1 00 00 04 C2 00 00 04 C2
00 00 14 C2 00 00 28 C2 00 00 1C C2 00 00 4C C2 00 00 4C C2 00 00 58 C2 00 00 58 C2 00 00 5C C2
00 00 60 C2 00 00 68 C2 00 00 6C C2 00 00 70 C2 00 00 64 C2 00 00 58 C2 00 00 48 C2 00 00 48 C2
00 00 34 C2 00 00 28 C2 00 00 1C C2 00 00 E8 C1 00 00 D0 C1 00 00 B0 C1 00 00 60 C1 00 00 40 C1
00 00 C0 C0 00 00 00 40 00 00 80 40 00 00 50 41 00 00 90 41 00 00 B8 41 00 00 F8 41 00 00 14 42
00 00 24 42 00 00 34 42 00 00 5C 42 00 00 74 42 00 00 8E 42 00 00 98 42 00 00 9E 42 00 00 AE 42
00 00 B6 42 00 00 C0 42 00 00 CA 42 00 00 D8 42 00 00 E4 42 00 00 F2 42 00 00 FA 42 00 00 02 43
00 00 0B 43 00 00 08 43 00 00 13 43 00 00 13 43 00 00 1B 43 00 00 1E 43 00 00 1D 43 00 00 22 43
00 00 25 43 00 00 2C 43 00 00 2C 43 00 00 32 43 00 00 32 43 00 00 36 43 00 00 39 43 00 00 3B 43
00 00 3C 43 00 00 3B 43 00 00 3C 43 00 00 3A 43 00 00 3A 43 00 00 37 43 00 00 34 43 00 00 35 43
00 00 30 43 00 00 2D 43 00 00 28 43 00 00 21 43 00 00 21 43 00 00 1A 43 00 00 16 43 00 00 11 43
00 00 0A 43 00 00 08 43 00 00 01 43 00 00 F8 42 00 00 E6 42 00 00 DC 42 00 00 CE 42 00 00 C6 42
00 00 B0 42 00 00 A4 42 00 00 92 42 00 00 8A 42 00 00 74 42 00 00 58 42 00 00 44 42 00 00 2C 42
00 00 18 42 00 00 E8 41 00 00 C8 41 00 00 A0 41 00 00 40 41 00 00 E0 40 00 00 00 00 00 00 00 C0
00 00 E0 C0 00 00 A8 C1 00 00 A0 C1 00 00 D0 C1 00 00 E0 C1 00 00 00 C2 00 00 14 C2 00 00 1C C2
00 00 34 C2 00 00 2C C2 00 00 48 C2 00 00 4C C2 00 00 48 C2 00 00 54 C2 00 00 64 C2 00 00 6C C2
00 00 64 C2 00 00 64 C2 00 00 58 C2 00 00 54 C2 00 00 48 C2 00 00 44 C2 00 00 30 C2 00 00 28 C2
00 00 14 C2 00 00 00 C2 00 00 E0 C1 00 00 C8 C1 00 00 A0 C1 00 00 50 C1 00 00 E0 C0 00 00 00 40
00 00 40 40 00 00 30 41 00 00 80 41 00 00 B0 41 00 00 F0 41 00 00 14 42 00 00 38 42 00 00 4C 42
00 00 70 42 00 00 88 42 00 00 96 42 00 00 A8 42 00 00 BA 42 00 00 CA 42 00 00 D2 42 00 00 E0 42
00 00 F0 42 00 00 FA 42 00 00 07 43 00 00 0B 43 00 00 0E 43 00 00 16 43 00 00 1A 43 00 00 1F 43
00 00 26 43 00 00 29 43 00 00 2E 43 00 00 31 43 00 00 36 43 00 00 38 43 00 00 3C 43 00 00 3D 43
00 00 3B 43 00 00 42 43 00 00 46 43 00 00 49 43 00 00 4C 43 00 00 4D 43 00 00 4F 43 00 00 54 43
00 00 4F 43 00 00 4F 43 00 00 4D 43 00 00 4C 43 00 00 4A 43 00 00 4A 43 00 00 44 43 00 00 40 43
00 00 3C 43 00 00 3B 43 00 00 33 43 00 00 33 43 00 00 2C 43 00 00 27 43 00 00 25 43 00 00 1B 43
00 00 1D 43 00 00 14 43 00 00 10 43 00 00 08 43 00 00 03 43 00 00 F8 42 00 00 F2 42 00 00 D8 42
00 00 D8 42 00 00 CA 42 00 00 B6 42 00 00 AE 42 00 00 98 42 00 00 96 42 00 00 88 42 00 00 70 42
00 00 6C 42 00 00 30 42 00 00 2C 42 00 00 24 42 00 00 04 42 00 00 F0 41 00 00 D8 41 00 00 A0 41
00 00 70 41 00 00 10 41 00 00 C0 40 00 00 40 40 00 00 80 3F 00 00 00 40 00 00 A0 C0 00 00 00 C1
00 00 10 C1 00 00 10 C1 00 00 40 C1 00 00 70 C1 00 00 80 C1 00 00 50 C1 00 00 98 C1 00 00 88 C1
00 00 50 C1 00 00 80 C1 00 00 40 C1 00 00 20 C1 00 00 20 C1 00 00 A0 C0 00 00 80 BF 00 00 00 00
00 00 E0 40 00 00 40 41 00 00 70 41 00 00 B0 41 00 00 C0 41 00 00 F8 41 00 00 08 42 00 00 24 42
00 00 3C 42 00 00 4C 42 00 00 68 42 00 00 74 42 00 00 86 42 00 00 8A 42 00 00 9E 42 00 00 A6 42
00 00 B4 42 00 00 C4 42 00 00 D0 42 00 00 DE 42 00 00 E4 42 00 00 F4 42 00 00 03 43 00 00 05 43
00 00 0D 43 00 00 10 43 00 00 17 43 00 00 1A 43 00 00 22 43 00 00 24 43 00 00 28 43 00 00 30 43
00 00 32 43 00 00 39 43 00 00 3C 43 00 00 41 43 00 00 46 43 00 00 48 43 00 00 4C 43 00 00 52 43
00 00 53 43 00 00 54 43 00 00 57 43 00 00 59 43 00 00 5E 43 00 00 5B 43 00 00 62 43 00 00 62 43
00 00 65 43 00 00 64 43 00 00 63 43 00 00 5F 43 00 00 5D 43 00 00 5A 43 00 00 58 43 00 00 55 43
00 00 50 43 00 00 4D 43 00 00 48 43 00 00 47 43 00 00 42 43 00 00 3A 43 00 00 39 43 00 00 35 43
00 00 2E 43 00 00 2A 43 00 00 25 43 00 00 23 43 00 00 18 43 00 00 0F 43 00 00 0A 43 00 00 03 43
00 00 FC 42 00 00 EA 42 00 00 DA 42 00 00 CC 42 00 00 BE 42 00 00 B6 42 00 00 9C 42 00 00 9A 42
00 00 82 42 00 00 78 42 00 00 5C 42 00 00 40 42 00 00 30 42 00 00 10 42 00 00 F8 41 00 00 C8 41
00 00 A8 41 00 00 88 41 00 00 80 41 00 00 10 41 00 00 E0 40 00 00 40 40 00 00 80 3F 00 00 00 00
00 00 C0 C0 00 00 10 C1 00 00 40 C1 00 00 50 C1 00 00 80 C1 00 00 70 C1 00 00 A0 C1 00 00 A8 C1
00 00 A0 C1 00 00 90 C1 00 00 88 C1 00 00 60 C1 00 00 30 C1 00 00 00 C1 00 00 40 C0 00 00 00 40
00 00 31 43 00 00 31 43 00 00 38 43 00 00 3C 43 00 00 43 43 00 00 47 43 00 00 4C 43 00 00 4F 43
00 00 52 43 00 00 57 43 00 00 5E 43 00 00 5E 43 00 00 64 43 00 00 6A 43 00 00 6E 43 00 00 73 43
00 00 76 43 00 00 79 43 00 00 7F 43 00 00 7D 43 00 00 81 43 00 00 81 43 00 00 82 43 00 80 83 43
00 00 82 43 00 00 83 43 00 00 83 43 00 80 81 43 00 80 81 43 00 00 81 43 00 00 7F 43 00 00 80 43
00 00 7C 43 00 00 7C 43 00 00 79 43 00 00 74 43 00 00 70 43 00 00 70 43 00 00 6A 43 00 00 66 43
00 00 61 43 00 00 5D 43 00 00 58 43 00 00 50 43 00 00 50 43 00 00 46 43 00 00 42 43 00 00 3E 43
00 00 36 43 00 00 33 43 00 00 29 43 00 00 25 43 00 00 1E 43 00 00 17 43 00 00 11 43 00 00 0B 43
00 00 08 43 00 00 05 43 00 00 FE 42 00 00 F2 42 00 00 E4 42 00 00 DE 42 00 00 D0 42 00 00 C8 42
00 00 C4 42 00 00 BA 42 00 00 B4 42 00 00 A8 42 00 00 A0 42 00 00 94 42 00 00 94 42 00 00 88 42
00 00 7C 42 00 00 70 42 00 00 68 42 00 00 5C 42 00 00 5C 42 00 00 48 42 00 00 4C 42 00 00 48 42
00 00 38 42 00 00 4C 42 00 00 48 42 00 00 58 42 00 00 4C 42 00 00 58 42 00 00 64 42 00 00 70 42
00 00 78 42 00 00 78 42 00 00 8C 42 00 00 88 42 00 00 98 42 00 00 9E 42 00 00 9C 42 00 00 AC 42
00 00 B6 42 00 00 BE 42 00 00 CC 42 00 00 D4 42 00 00 DE 42 00 00 EC 42 00 00 F6 42 00 00 FE 42
00 00 06 43 00 00 0F 43 00 00 13 43 00 00 1B 43 00 00 1F 43 00 00 25 43 00 00 2D 43 00 00 2E 43
00 00 36 43 00 00 3B 43 00 00 41 43 00 00 46 43 00 00 49 43 00 00 4C 43 00 00 52 43 00 00 54 43
00 00 5B 43 00 00 5F 43 00 00 62 43 00 00 68 43 00 00 6F 43 00 00 6F 43 00 00 75 43 00 00 78 43
00 00 7C 43 00 00 7D 43 00 80 80 43 00 80 80 43 00 00 81 43 00 00 83 43 00 00 84 43 00 80 82 43
00 00 84 43 00 80 84 43 00 00 81 43 00 80 83 43 00 00 81 43 00 80 80 43 00 00 7C 43 00 00 7E 43
00 00 7B 43 00 00 76 43 00 00 74 43 00 00 71 43 00 00 6B 43 00 00 6B 43 00 00 65 43 00 00 60 43
00 00 5C 43 00 00 56 43 00 00 4D 43 00 00 4B 43 00 00 45 43 00 00 41 43 00 00 3B 43 00 00 34 43
00 00 30 43 00 00 29 43 00 00 21 43 00 00 1F 43 00 00 16 43 00 00 0E 43 00 00 0B 43 00 00 02 43
00 00 FC 42 00 00 EC 42 00 00 DE 42 00 00 DE 42 00 00 C4 42 00 00 C6 42 00 00 BA 42 00 00 B8 42
00 00 AC 42 00 00 A6 42 00 00 AC 42 00 00 96 42 00 00 90 42 00 00 8E 42 00 00 68 42 00 00 7C 42
00 00 60 42 00 00 5C 42 00 00 50 42 00 00 44 42 00 00 54 42 00 00 40 42 00 00 48 42 00 00 44 42
00 00 44 42 00 00 4C 42 00 00 54 42 00 00 60 42 00 00 60 42 00 00 68 42 00 00 7C 42 00 00 74 42
00 00 88 42 00 00 8C 42 00 00 90 42 00 00 92 42 00 00 9C 42 00 00 A6 42 00 00 A8 42 00 00 BA 42
00 00 C0 42 00 00 D0 42 00 00 DC 42 00 00 E2 42 00 00 F0 42 00 00 FA 42 00 00 06 43 00 00 0B 43
00 00 0F 43 00 00 1A 43 00 00 1E 43 00 00 22 43 00 00 26 43 00 00 2C 43 00 00 32 43 00 00 38 43
00 00 3D 43 00 00 43 43 00 00 45 43 00 00 4B 43 00 00 4F 43 00 00 53 43 00 00 59 43 00 00 5B 43
00 00 61 43 00 00 63 43 00 00 6A 43 00 00 69 43 00 00 72 43 00 00 74 43 00 00 75 43 00 00 7A 43
00 00 7D 43 00 00 7E 43 00 80 80 43 00 80 80 43 00 00 81 43 00 80 81 43 00 80 82 43 00 00 83 43
00 00 81 43 00 00 82 43 00 80 80 43 00 80 81 43 00 00 81 43 00 00 7C 43 00 00 7F 43 00 00 7B 43
00 00 7B 43 00 00 77 43 00 00 75 43 00 00 6F 43 00 00 71 43 00 00 6E 43 00 00 6A 43 00 00 63 43
00 00 5E 43 00 00 59 43 00 00 54 43 00 00 4D 43 00 00 49 43 00 00 3F 43 00 00 3A 43 00 00 38 43
00 00 2E 43 00 00 2C 43 00 00 23 43 00 00 1E 43 00 00 19 43 00 00 15 43 00 00 0C 43 00 00 02 43
00 00 04 43 00 00 00 43 00 00 EC 42 00 00 E6 42 00 00 E6 42 00 00 DA 42 00 00 D2 42 00 00 C8 42
00 00 C8 42 00 00 BC 42 00 00 BE 42 00 00 B6 42 00 00 B6 42 00 00 A6 42 00 00 A4 42 00 00 9A 42
00 00 96 42 00 00 92 42 00 00 8A 42 00 00 88 42 00 00 8A 42 00 00 84 42 00 00 84 42 00 00 8E 42
00 00 7C 42 00 00 8C 42 00 00 88 42 00 00 8E 42 00 00 8C 42 00 00 9A 42 00 00 98 42 00 00 9A 42
00 00 A6 42 00 00 AA 42 00 00 AC 42 00 00 B8 42 00 00 C4 42 00 00 C6 42 00 00 CC 42 00 00 D8 42
00 00 DE 42 00 00 E4 42 00 00 F2 42 00 00 F4 42 00 00 FE 42 00 00 06 43 00 00 0E 43 00 00 14 43
00 00 18 43 00 00 20 43 00 00 24 43 00 00 2D 43 00 00 34 43 00 00 37 43 00 00 3D 43 00 00 3F 43
00 00 46 43 00 00 4B 43 00 00 4E 43 00 00 55 43 00 00 54 43 00 00 5F 43 00 00 60 43 00 00 65 43
00 00 6A 43 00 00 6D 43 00 00 71 43 00 00 72 43 00 00 76 43 00 00 7C 43 00 00 7B 43 00 80 80 43
00 80 81 43 00 00 82 43 00 80 83 43 00 80 83 43 00 80 86 43 00 80 85 43 00 80 85 43 00 00 85 43
00 00 84 43 00 00 84 43 00 00 82 43 00 00 81 43 00 00 81 43 00 00 80 43 00 80 80 43 00 00 7C 43
00 00 7A 43 00 00 76 43 00 00 72 43 00 00 70 43 00 00 6E 43 00 00 6D 43 00 00 67 43 00 00 66 43
00 00 5E 43 00 00 59 43 00 00 59 43 00 00 4D 43 00 00 49 43 00 00 45 43 00 00 3E 43 00 00 39 43
00 00 32 43 00 00 2D 43 00 00 28 43 00 00 23 43 00 00 1E 43 00 00 19 43 00 00 10 43 00 00 0B 43
00 00 08 43 00 00 03 43 00 00 F6 42 00 00 EC 42 00 00 E6 42 00 00 E2 42 00 00 D4 42 00 00 CE 42
00 00 CE 42 00 00 C0 42 00 00 B8 42 00 00 B0 42 00 00 AE 42 00 00 A6 42 00 00 A6 42 00 00 A2 42
00 00 9A 42 00 00 9A 42 00 00 94 42 00 00 90 42 00 00 92 42 00 00 92 42 00 00 9A 42 00 00 9E 42
00 00 9A 42 00 00 9E 42 00 00 9E 42 00 00 A0 42 00 00 AC 42 00 00 AC 42 00 00 BA 42 00 00 B0 42
00 00 BE 42 00 00 C6 42 00 00 CC 42 00 00 D6 42 00 00 DA 42 00 00 E2 42 00 00 EA 42 00 00 FC 42
00 00 00 43 00 00 06 43 00 00 0C 43 00 00 11 43 00 00 1C 43 00 00 22 43 00 00 2A 43 00 00 30 43
00 00 36 43 00 00 3C 43 00 00 41 43 00 00 47 43 00 00 4D 43 00 00 53 43 00 00 56 43 00 00 5C 43
00 00 61 43 00 00 66 43 00 00 68 43 00 00 6C 43 00 00 70 43 00 00 74 43 00 00 79 43 00 00 7A 43
00 80 81 43 00 80 82 43 00 00 85 43 00 00 86 43 00 00 88 43 00 00 89 43 00 00 89 43 00 80 8B 43
00 80 8C 43 00 80 8E 43 00 80 8E 43 00 80 8F 43 00 80 8E 43 00 00 90 C2 00 00 84 C2 00 00 78 C2
00 00 64 C2 00 00 3C C2 00 00 40 C2 00 00 18 C2 00 00 08 C2 00 00 F0 C1 00 00 C8 C1 00 00 88 C1
00 00 20 C1 00 00 C0 C0 00 00 00 00 00 00 20 41 00 00 50 41 00 00 98 41 00 00 D0 41 00 00 F0 41
00 00 24 42 00 00 2C 42 00 00 44 42 00 00 44 42 00 00 58 42 00 00 82 42 00 00 7C 42 00 00 8C 42
00 00 96 42 00 00 96 42 00 00 A8 42 00 00 AA 42 00 00 B8 42 00 00 C0 42 00 00 C4 42 00 00 CE 42
00 00 D8 42 00 00 E2 42 00 00 E0 42 00 00 E2 42 00 00 E4 42 00 00 F0 42 00 00 EA 42 00 00 EA 42
00 00 EA 42 00 00 E8 42 00 00 EA 42 00 00 E6 42 00 00 E6 42 00 00 E2 42 00 00 E0 42 00 00 E0 42
00 00 D6 42 00 00 D0 42 00 00 CC 42 00 00 C4 42 00 00 BE 42 00 00 BA 42 00 00 B0 42 00 00 A4 42
00 00 92 42 00 00 8E 42 00 00 84 42 00 00 70 42 00 00 50 42 00 00 2C 42 00 00 20 42 00 00 F8 41
00 00 E0 41 00 00 B8 41 00 00 70 41 00 00 20 41 00 00 40 40 00 00 80 BF 00 00 E0 C0 00 00 80 C1
00 00 80 C1 00 00 C8 C1 00 00 E8 C1 00 00 00 C2 00 00 2C C2 00 00 28 C2 00 00 5C C2 00 00 5C C2
00 00 74 C2 00 00 80 C2 00 00 88 C2 00 00 94 C2 00 00 9C C2 00 00 9A C2 00 00 AC C2 00 00 AC C2
00 00 B6 C2 00 00 C0 C2 00 00 C4 C2 00 00 C6 C2 00 00 CC C2 00 00 D8 C2 00 00 D4 C2 00 00 CE C2
00 00 D2 C2 00 00 D2 C2 00 00 CA C2 00 00 CC C2 00 00 CC C2 00 00 BE C2 00 00 BC C2 00 00 B8 C2
00 00 B2 C2 00 00 AA C2 00 00 A4 C2 00 00 9C C2 00 00 92 C2 00 00 8E C2 00 00 7C C2 00 00 60 C2
00 00 5C C2 00 00 48 C2 00 00 2C C2 00 00 20 C2 00 00 04 C2 00 00 D0 C1 00 00 A8 C1 00 00 40 C1
00 00 A0 C0 00 00 80 40 00 00 00 41 00 00 60 41 00 00 A8 41 00 00 D8 41 00 00 14 42 00 00 10 42
00 00 34 42 00 00 54 42 00 00 5C 42 00 00 70 42 00 00 80 42 00 00 86 42 00 00 90 42 00 00 92 42
00 00 A0 42 00 00 A4 42 00 00 AE 42 00 00 B2 42 00 00 B8 42 00 00 C0 42 00 00 C6 42 00 00 D2 42
00 00 CE 42 00 00 D6 42 00 00 D8 42 00 00 D8 42 00 00 D4 42 00 00 DC 42 00 00 DE 42 00 00 DA 42
00 00 E2 42 00 00 E0 42 00 00 DE 42 00 00 E2 42 00 00 D6 42 00 00 D4 42 00 00 CE 42 00 00 C8 42
00 00 C8 42 00 00 C0 42 00 00 C0 42 00 00 B2 42 00 00 A8 42 00 00 A6 42 00 00 94 42 00 00 8C 42
00 00 86 42 00 00 70 42 00 00 50 42 00 00 48 42 00 00 2C 42 00 00 10 42 00 00 F8 41 00 00 B8 41
00 00 88 41 00 00 60 41 00 00 E0 40 00 00 80 3F 00 00 C0 C0 00 00 30 C1 00 00 80 C1 00 00 C8 C1
00 00 E0 C1 00 00 0C C2 00 00 18 C2 00 00 2C C2 00 00 3C C2 00 00 4C C2 00 00 64 C2 00 00 6C C2
00 00 84 C2 00 00 86 C2 00 00 88 C2 00 00 94 C2 00 00 92 C2 00 00 A2 C2 00 00 A4 C2 00 00 A6 C2
00 00 B8 C2 00 00 B6 C2 00 00 BE C2 00 00 C2 C2 00 00 C4 C2 00 00 C6 C2 00 00 C2 C2 00 00 BE C2
00 00 C0 C2 00 00 C2 C2 00 00 C0 C2 00 00 BC C2 00 00 B8 C2 00 00 B0 C2 00 00 AC C2 00 00 A6 C2
00 00 A4 C2 00 00 9E C2 00 00 96 C2 00 00 90 C2 00 00 8A C2 00 00 7C C2 00 00 6C C2 00 00 54 C2
00 00 40 C2 00 00 28 C2 00 00 14 C2 00 00 04 C2 00 00 C0 C1 00 00 A0 C1 00 00 20 C1 00 00 10 C1
00 00 80 BF 00 00 E0 40 00 00 60 41 00 00 98 41 00 00 D0 41 00 00 F8 41 00 00 F8 41 00 00 18 42
00 00 34 42 00 00 3C 42 00 00 68 42 00 00 64 42 00 00 7C 42 00 00 8E 42 00 00 88 42 00 00 9A 42
00 00 A2 42 00 00 A4 42 00 00 B2 42 00 00 B8 42 00 00 C2 42 00 00 CE 42 00 00 D4 42 00 00 E0 42
00 00 DE 42 00 00 E6 42 00 00 EA 42 00 00 EC 42 00 00 F2 42 00 00 F2 42 00 00 F6 42 00 00 F0 42
00 00 F0 42 00 00 F0 42 00 00 F0 42 00 00 F6 42 00 00 EE 42 00 00 EA 42 00 00 E8 42 00 00 E2 42
00 00 E0 42 00 00 D8 42 00 00 D0 42 00 00 C8 42 00 00 BE 42 00 00 B4 42 00 00 A8 42 00 00 A0 42
00 00 96 42 00 00 8A 42 00 00 80 42 00 00 58 42 00 00 4C 42 00 00 38 42 00 00 1C 42 00 00 08 42
00 00 E0 41 00 00 A0 41 00 00 50 41 00 00 E0 40 00 00 00 00 00 00 80 C0 00 00 30 C1 00 00 60 C1
00 00 B0 C1 00 00 C0 C1 00 00 D8 C1 00 00 0C C2 00 00 24 C2 00 00 2C C2 00 00 4C C2 00 00 50 C2
00 00 60 C2 00 00 70 C2 00 00 84 C2 00 00 8A C2 00 00 8E C2 00 00 96 C2 00 00 9A C2 00 00 9C C2
00 00 A8 C2 00 00 B0 C2 00 00 B4 C2 00 00 B8 C2 00 00 B8 C2 00 00 C0 C2 00 00 C4 C2 00 00 B6 C2
00 00 B6 C2 00 00 AC C2 00 00 B2 C2 00 00 A8 C2 00 00 A2 C2 00 00 A2 C2 00 00 98 C2 00 00 96 C2
00 00 92 C2 00 00 8A C2 00 00 80 C2 00 00 74 C2 00 00 68 C2 00 00 4C C2 00 00 2C C2 00 00 24 C2
00 00 0C C2 00 00 D8 C1 00 00 B8 C1 00 00 80 C1 00 00 E0 C0 00 00 40 C0 00 00 40 40 00 00 50 41
00 00 88 41 00 00 B8 41 00 00 F8 41 00 00 20 42 00 00 44 42 00 00 58 42 00 00 6C 42 00 00 82 42
00 00 8C 42 00 00 94 42 00 00 A0 42 00 00 AE 42 00 00 B6 42 00 00 BA 42 00 00 C2 42 00 00 CA 42
00 00 D8 42 00 00 DC 42 00 00 E8 42 00 00 E8 42 00 00 F6 42 00 00 FE 42 00 00 FE 42 00 00 05 43
00 00 07 43 00 00 0B 43 00 00 0B 43 00 00 0E 43 00 00 10 43 00 00 0E 43 00 00 10 43 00 00 0F 43
00 00 0D 43 00 00 0E 43 00 00 0B 43 00 00 0B 43 00 00 09 43 00 00 05 43 00 00 0A 43 00 00 01 43
00 00 FC 42 00 00 F4 42 00 00 EC 42 00 00 EA 42 00 00 DE 42 00 00 DA 42 00 00 CA 42 00 00 C4 42
00 00 B6 42 00 00 AA 42 00 00 9A 42 00 00 98 42 00 00 84 42 00 00 7C 42 00 00 5C 42 00 00 44 42
00 00 28 42 00 00 0C 42 00 00 D8 41 00 00 B0 41 00 00 98 41 00 00 30 41 00 00 10 41 00 00 00 00
00 00 A0 C0 00 00 50 C1 00 00 50 C1 00 00 A8 C1 00 00 D0 C1 00 00 E0 C1 00 00 10 C2 00 00 10 C2
00 00 18 C2 00 00 38 C2 00 00 34 C2 00 00 48 C2 00 00 54 C2 00 00 58 C2 00 00 78 C2 00 00 78 C2
00 00 7C C2 00 00 86 C2 00 00 86 C2 00 00 8C C2 00 00 86 C2 00 00 84 C2 00 00 86 C2 00 00 78 C2
00 00 74 C2 00 00 64 C2 00 00 58 C2 00 00 50 C2 00 00 50 C2 00 00 44 C2 00 00 34 C2 00 00 34 C2
00 00 18 C2 00 00 0C C2 00 00 00 C2 00 00 D8 C1 00 00 D0 C1 00 00 90 C1 00 00 70 C1 00 00 00 C1
00 00 00 00 00 00 A0 40 00 00 20 41 00 00 40 41 00 00 90 41 00 00 A8 41 00 00 E0 41 00 00 0C 42
00 00 24 42 00 00 38 42 00 00 4C 42 00 00 60 42 00 00 80 42 00 00 86 42 00 00 92 42 00 00 9A 42
00 00 AA 42 00 00 AA 42 00 00 B0 42 00 00 C0 42 00 00 CA 42 00 00 D0 42 00 00 DA 42 00 00 E4 42
00 00 EA 42 00 00 F4 42 00 00 FE 42 00 00 06 43 00 00 08 43 00 00 0F 43 00 00 11 43 00 00 17 43
00 00 17 43 00 00 18 43 00 00 1B 43 00 00 18 43 00 00 1B 43 00 00 1D 43 00 00 1B 43 00 00 1F 43
00 00 1F 43 00 00 1B 43 00 00 1C 43 00 00 1D 43 00 00 1B 43 00 00 18 43 00 00 15 43 00 00 12 43
00 00 12 43 00 00 10 43 00 00 09 43 00 00 0A 43 00 00 03 43 00 00 FC 42 00 00 EE 42 00 00 E0 42
00 00 DA 42 00 00 C8 42 00 00 C6 42 00 00 B6 42 00 00 A6 42 00 00 A0 42 00 00 8C 42 00 00 88 42
00 00 6C 42 00 00 54 42 00 00 40 42 00 00 24 42 00 00 14 42 00 00 E8 41 00 00 A0 41 00 00 80 41
00 00 30 41 00 00 00 41 00 00 00 C0 00 00 00 C0 00 00 A0 C0 00 00 30 C1 00 00 70 C1 00 00 A0 C1
00 00 A8 C1 00 00 D0 C1 00 00 E0 C1 00 00 0C C2 00 00 14 C2 00 00 1C C2 00 00 20 C2 00 00 20 C2
00 00 34 C2 00 00 38 C2 00 00 3C C2 00 00 48 C2 00 00 38 C2 00 00 44 C2 00 00 44 C2 00 00 4C C2
00 00 40 C2 00 00 38 C2 00 00 40 C2 00 00 34 C2 00 00 28 C2 00 00 24 C2 00 00 28 C2 00 00 18 C2
00 00 23 43 00 00 28 43 00 00 2F 43 00 00 32 43 00 00 3D 43 00 00 40 43 00 00 45 43 00 00 4E 43
00 00 53 43 00 00 5C 43 00 00 59 43 00 00 61 43 00 00 66 43 00 00 6D 43 00 00 73 43 00 00 74 43
00 00 75 43 00 00 7E 43 00 00 7F 43 00 00 81 43 00 00 84 43 00 00 84 43 00 00 86 43 00 80 87 43
00 80 8A 43 00 00 8C 43 00 00 8C 43 00 00 8D 43 00 00 8E 43 00 00 8D 43 00 80 8F 43 00 00 90 43
00 80 8E 43 00 00 8F 43 00 80 8D 43 00 00 8A 43 00 00 8A 43 00 80 89 43 00 80 87 43 00 80 84 43
00 00 81 43 00 00 83 43 00 00 80 43 00 00 76 43 00 00 78 43 00 00 70 43 00 00 6F 43 00 00 66 43
00 00 61 43 00 00 5B 43 00 00 54 43 00 00 4C 43 00 00 44 43 00 00 42 43 00 00 36 43 00 00 2F 43
00 00 28 43 00 00 22 43 00 00 1B 43 00 00 15 43 00 00 10 43 00 00 0A 43 00 00 03 43 00 00 F6 42
00 00 EE 42 00 00 E0 42 00 00 DA 42 00 00 CA 42 00 00 C2 42 00 00 B8 42 00 00 B2 42 00 00 AC 42
00 00 A2 42 00 00 98 42 00 00 8C 42 00 00 86 42 00 00 80 42 00 00 70 42 00 00 6C 42 00 00 54 42
00 00 54 42 00 00 40 42 00 00 40 42 00 00 50 42 00 00 40 42 00 00 40 42 00 00 38 42 00 00 44 42
00 00 4C 42 00 00 3C 42 00 00 5C 42 00 00 5C 42 00 00 64 42 00 00 64 42 00 00 82 42 00 00 84 42
00 00 8A 42 00 00 9A 42 00 00 A0 42 00 00 A6 42 00 00 B4 42 00 00 BC 42 00 00 CE 42 00 00 D4 42
00 00 E2 42 00 00 F2 42 00 00 F8 42 00 00 06 43 00 00 0B 43 00 00 12 43 00 00 17 43 00 00 21 43
00 00 26 43 00 00 2D 43 00 00 31 43 00 00 39 43 00 00 3F 43 00 00 47 43 00 00 4A 43 00 00 4D 43
00 00 59 43 00 00 59 43 00 00 62 43 00 00 66 43 00 00 6C 43 00 00 6E 43 00 00 74 43 00 00 76 43
00 00 74 43 00 00 7C 43 00 00 7D 43 00 80 80 43 00 00 81 43 00 80 81 43 00 00 84 43 00 80 84 43
00 00 87 43 00 00 85 43 00 80 87 43 00 80 86 43 00 80 86 43 00 80 87 43 00 80 86 43 00 00 87 43
00 80 85 43 00 80 84 43 00 80 83 43 00 80 80 43 00 00 81 43 00 00 7A 43 00 00 79 43 00 00 79 43
00 00 73 43 00 00 6C 43 00 00 65 43 00 00 65 43 00 00 5F 43 00 00 5D 43 00 00 5B 43 00 00 53 43
00 00 4D 43 00 00 42 43 00 00 3E 43 00 00 37 43 00 00 31 43 00 00 2B 43 00 00 23 43 00 00 1C 43
00 00 17 43 00 00 0E 43 00 00 0B 43 00 00 03 43 00 00 F8 42 00 00 F4 42 00 00 E2 42 00 00 DA 42
00 00 C8 42 00 00 C2 42 00 00 C0 42 00 00 B0 42 00 00 B0 42 00 00 A0 42 00 00 96 42 00 00 8C 42
00 00 86 42 00 00 74 42 00 00 6C 42 00 00 64 42 00 00 50 42 00 00 40 42 00 00 3C 42 00 00 24 42
00 00 24 42 00 00 20 42 00 00 2C 42 00 00 2C 42 00 00 14 42 00 00 28 42 00 00 20 42 00 00 2C 42
00 00 34 42 00 00 40 42 00 00 48 42 00 00 5C 42 00 00 68 42 00 00 80 42 00 00 80 42 00 00 88 42
00 00 92 42 00 00 9E 42 00 00 9A 42 00 00 AE 42 00 00 B6 42 00 00 C0 42 00 00 C6 42 00 00 D0 42
00 00 DC 42 00 00 EC 42 00 00 F4 42 00 00 02 43 00 00 09 43 00 00 0E 43 00 00 16 43 00 00 19 43
00 00 25 43 00 00 26 43 00 00 2C 43 00 00 34 43 00 00 34 43 00 00 3D 43 00 00 40 43 00 00 47 43
00 00 4E 43 00 00 50 43 00 00 54 43 00 00 5B 43 00 00 5C 43 00 00 5E 43 00 00 62 43 00 00 65 43
00 00 64 43 00 00 68 43 00 00 6C 43 00 00 71 43 00 00 74 43 00 00 75 43 00 00 7A 43 00 00 7D 43
00 00 7F 43 00 80 82 43 00 80 80 43 00 00 81 43 00 80 80 43 00 00 7E 43 00 00 7E 43 00 00 7D 43
00 00 7C 43 00 00 7C 43 00 00 7B 43 00 00 73 43 00 00 74 43 00 00 71 43 00 00 6C 43 00 00 67 43
00 00 63 43 00 00 62 43 00 00 5D 43 00 00 55 43 00 00 52 43 00 00 4C 43 00 00 47 43 00 00 40 43
00 00 38 43 00 00 33 43 00 00 30 43 00 00 2A 43 00 00 23 43 00 00 1F 43 00 00 1D 43 00 00 12 43
00 00 0F 43 00 00 09 43 00 00 02 43 00 00 F4 42 00 00 E8 42 00 00 DE 42 00 00 D0 42 00 00 CC 42
00 00 C0 42 00 00 B2 42 00 00 AE 42 00 00 A0 42 00 00 98 42 00 00 96 42 00 00 8C 42 00 00 86 42
00 00 80 42 00 00 64 42 00 00 5C 42 00 00 4C 42 00 00 50 42 00 00 34 42 00 00 34 42 00 00 3C 42
00 00 2C 42 00 00 24 42 00 00 20 42 00 00 24 42 00 00 10 42 00 00 20 42 00 00 20 42 00 00 24 42
00 00 3C 42 00 00 2C 42 00 00 38 42 00 00 50 42 00 00 58 42 00 00 60 42 00 00 68 42 00 00 88 42
00 00 82 42 00 00 86 42 00 00 96 42 00 00 96 42 00 00 A8 42 00 00 AE 42 00 00 C0 42 00 00 C4 42
00 00 D6 42 00 00 DC 42 00 00 E8 42 00 00 F8 42 00 00 01 43 00 00 05 43 00 00 0D 43 00 00 13 43
00 00 14 43 00 00 21 43 00 00 23 43 00 00 2B 43 00 00 2F 43 00 00 36 43 00 00 37 43 00 00 40 43
00 00 45 43 00 00 48 43 00 00 4D 43 00 00 55 43 00 00 57 43 00 00 5C 43 00 00 5D 43 00 00 63 43
00 00 62 43 00 00 64 43 00 00 6A 43 00 00 6B 43 00 00 6F 43 00 00 72 43 00 00 75 43 00 00 74 43
00 00 77 43 00 00 77 43 00 00 76 43 00 00 79 43 00 00 78 43 00 00 79 43 00 00 79 43 00 00 77 43
00 00 76 43 00 00 72 43 00 00 6F 43 00 00 6D 43 00 00 66 43 00 00 67 43 00 00 60 43 00 00 5F 43
00 00 5C 43 00 00 57 43 00 00 55 43 00 00 4A 43 00 00 44 43 00 00 3F 43 00 00 39 43 00 00 38 43
00 00 2F 43 00 00 2A 43 00 00 1E 43 00 00 1E 43 00 00 17 43 00 00 0F 43 00 00 11 43 00 00 08 43
00 00 01 43 00 00 F6 42 00 00 E8 42 00 00 E2 42 00 00 D2 42 00 00 CC 42 00 00 B8 42 00 00 B2 42
00 00 AA 42 00 00 9A 42 00 00 9C 42 00 00 86 42 00 00 8A 42 00 00 74 42 00 00 64 42 00 00 5C 42
00 00 54 42 00 00 40 42 00 00 40 42 00 00 1C 42 00 00 24 42 00 00 20 42 00 00 20 42 00 00 10 42
00 00 10 42 00 00 08 42 00 00 F8 41 00 00 14 42 00 00 F8 41 00 00 10 42 00 00 14 42 00 00 18 42
00 00 2C 42 00 00 40 42 00 00 34 42 00 00 54 42 00 00 58 42 00 00 74 42 00 00 7C 42 00 00 8A 42
00 00 90 42 00 00 9A 42 00 00 A6 42 00 00 AC 42 00 00 C0 42 00 00 C6 42 00 00 D6 42 00 00 E6 42
00 00 F2 42 00 00 00 43 00 00 03 43 00 00 0B 43 00 00 13 43 00 00 18 43 00 00 1B 43 00 00 1F 43
00 00 28 43 00 00 2F 43 00 00 33 43 00 00 38 43 00 00 3C 43 00 00 41 43 00 00 49 43 00 00 4D 43
00 00 56 43 00 00 56 43 00 00 5D 43 00 00 5E 43 00 00 65 43 00 00 6B 43 00 00 6C 43 00 00 70 43
00 00 72 43 00 00 75 43 00 00 7B 43 00 00 7C 43 00 00 7F 43 00 00 0C 42 00 00 30 42 00 00 30 42
00 00 38 42 00 00 54 42 00 00 5C 42 00 00 7C 42 00 00 84 42 00 00 90 42 00 00 9C 42 00 00 A8 42
00 00 B4 42 00 00 C2 42 00 00 CA 42 00 00 DE 42 00 00 E6 42 00 00 EE 42 00 00 FE 42 00 00 09 43
00 00 0D 43 00 00 17 43 00 00 1B 43 00 00 21 43 00 00 2A 43 00 00 2F 43 00 00 35 43 00 00 3C 43
00 00 3F 43 00 00 48 43 00 00 48 43 00 00 50 43 00 00 52 43 00 00 58 43 00 00 5E 43 00 00 60 43
00 00 62 43 00 00 6B 43 00 00 6A 43 00 00 70 43 00 00 72 43 00 00 70 43 00 00 76 43 00 00 74 43
00 00 7A 43 00 00 7A 43 00 00 7A 43 00 00 7C 43 00 00 7D 43 00 00 7B 43 00 00 7C 43 00 00 7B 43
00 00 7A 43 00 00 7C 43 00 00 78 43 00 00 75 43 00 00 72 43 00 00 72 43 00 00 6B 43 00 00 69 43
00 00 62 43 00 00 61 43 00 00 5A 43 00 00 54 43 00 00 52 43 00 00 49 43 00 00 48 43 00 00 3E 43
00 00 38 43 00 00 39 43 00 00 30 43 00 00 28 43 00 00 21 43 00 00 17 43 00 00 15 43 00 00 0F 43
00 00 09 43 00 00 01 43 00 00 F2 42 00 00 E8 42 00 00 DC 42 00 00 D4 42 00 00 BE 42 00 00 BC 42
00 00 AA 42 00 00 9E 42 00 00 92 42 00 00 82 42 00 00 74 42 00 00 64 42 00 00 44 42 00 00 30 42
00 00 20 42 00 00 0C 42 00 00 00 42 00 00 D8 41 00 00 C0 41 00 00 A8 41 00 00 98 41 00 00 90 41
00 00 88 41 00 00 60 41 00 00 80 41 00 00 50 41 00 00 30 41 00 00 80 41 00 00 30 41 00 00 88 41
00 00 70 41 00 00 98 41 00 00 A8 41 00 00 C8 41 00 00 E8 41 00 00 08 42 00 00 18 42 00 00 2C 42
00 00 30 42 00 00 44 42 00 00 4C 42 00 00 60 42 00 00 7C 42 00 00 8A 42 00 00 98 42 00 00 98 42
00 00 AE 42 00 00 BE 42 00 00 C4 42 00 00 DC 42 00 00 E4 42 00 00 F2 42 00 00 01 43 00 00 06 43
00 00 0B 43 00 00 16 43 00 00 17 43 00 00 1D 43 00 00 20 43 00 00 24 43 00 00 2B 43 00 00 34 43
00 00 37 43 00 00 3C 43 00 00 41 43 00 00 46 43 00 00 48 43 00 00 4A 43 00 00 54 43 00 00 57 43
00 00 5A 43 00 00 5E 43 00 00 5B 43 00 00 61 43 00 00 65 43 00 00 66 43 00 00 66 43 00 00 69 43
00 00 6D 43 00 00 6B 43 00 00 70 43 00 00 6E 43 00 00 6B 43 00 00 6F 43 00 00 6C 43 00 00 68 43
00 00 65 43 00 00 67 43 00 00 63 43 00 00 5F 43 00 00 5F 43 00 00 5C 43 00 00 55 43 00 00 54 43
00 00 4F 43 00 00 48 43 00 00 41 43 00 00 3D 43 00 00 3A 43 00 00 34 43 00 00 33 43 00 00 2D 43
00 00 27 43 00 00 20 43 00 00 17 43 00 00 15 43 00 00 09 43 00 00 04 43 00 00 F8 42 00 00 EE 42
00 00 E0 42 00 00 CE 42 00 00 CA 42 00 00 BE 42 00 00 B4 42 00 00 B2 42 00 00 A2 42 00 00 94 42
00 00 86 42 00 00 74 42 00 00 5C 42 00 00 44 42 00 00 2C 42 00 00 18 42 00 00 0C 42 00 00 14 42
00 00 D8 41 00 00 D0 41 00 00 B8 41 00 00 90 41 00 00 70 41 00 00 50 41 00 00 20 41 00 00 E0 40
00 00 10 41 00 00 C0 40 00 00 A0 40 00 00 10 41 00 00 80 40 00 00 E0 40 00 00 00 41 00 00 E0 40
00 00 20 41 00 00 50 41 00 00 80 41 00 00 98 41 00 00 98 41 00 00 C8 41 00 00 F0 41 00 00 0C 42
00 00 1C 42 00 00 2C 42 00 00 44 42 00 00 58 42 00 00 70 42 00 00 84 42 00 00 96 42 00 00 A6 42
00 00 B0 42 00 00 B2 42 00 00 BC 42 00 00 C6 42 00 00 D6 42 00 00 DC 42 00 00 F2 42 00 00 02 43
00 00 FE 42 00 00 0D 43 00 00 10 43 00 00 14 43 00 00 1D 43 00 00 25 43 00 00 28 43 00 00 2D 43
00 00 31 43 00 00 34 43 00 00 3A 43 00 00 3F 43 00 00 43 43 00 00 4A 43 00 00 4A 43 00 00 53 43
00 00 55 43 00 00 58 43 00 00 57 43 00 00 5D 43 00 00 62 43 00 00 65 43 00 00 6A 43 00 00 6A 43
00 00 70 43 00 00 6F 43 00 00 73 43 00 00 73 43 00 00 73 43 00 00 76 43 00 00 74 43 00 00 76 43
00 00 71 43 00 00 6C 43 00 00 6F 43 00 00 6E 43 00 00 6A 43 00 00 65 43 00 00 62 43 00 00 5B 43
00 00 58 43 00 00 51 43 00 00 48 43 00 00 45 43 00 00 3F 43 00 00 35 43 00 00 31 43 00 00 26 43
00 00 22 43 00 00 1F 43 00 00 11 43 00 00 13 43 00 00 08 43 00 00 F8 42 00 00 EE 42 00 00 DC 42
00 00 E0 42 00 00 D2 42 00 00 C0 42 00 00 B2 42 00 00 A8 42 00 00 9E 42 00 00 8C 42 00 00 84 42
00 00 68 42 00 00 50 42 00 00 38 42 00 00 2C 42 00 00 14 42 00 00 0C 42 00 00 E8 41 00 00 B8 41
00 00 A0 41 00 00 88 41 00 00 20 41 00 00 E0 40 00 00 00 41 00 00 80 40 00 00 40 40 00 00 80 3F
00 00 80 BF 00 00 80 BF 00 00 80 C0 00 00 80 3F 00 00 00 00 00 00 A0 40 00 00 C0 40 00 00 C0 40
00 00 10 41 00 00 40 41 00 00 80 41 00 00 A8 41 00 00 B8 41 00 00 E0 41 00 00 F0 41 00 00 1C 42
00 00 38 42 00 00 38 42 00 00 5C 42 00 00 64 42 00 00 80 42 00 00 8A 42 00 00 96 42 00 00 A2 42
00 00 B4 42 00 00 C2 42 00 00 CA 42 00 00 DE 42 00 00 E8 42 00 00 F8 42 00 00 07 43 00 00 0B 43
00 00 13 43 00 00 19 43 00 00 20 43 00 00 2A 43 00 00 2B 43 00 00 34 43 00 00 3E 43 00 00 42 43
00 00 44 43 00 00 4B 43 00 00 50 43 00 00 4F 43 00 00 56 43 00 00 5C 43 00 00 5F 43 00 00 61 43
00 00 63 43 00 00 62 43 00 00 6B 43 00 00 6D 43 00 00 70 43 00 00 72 43 00 00 76 43 00 00 77 43
00 00 7B 43 00 00 7C 43 00 00 78 43 00 00 7C 43 00 00 77 43 00 00 7A 43 00 00 72 43 00 00 70 43
00 00 73 43 00 00 6E 43 00 00 6C 43 00 00 66 43 00 00 65 43 00 00 61 43 00 00 5A 43 00 00 57 43
00 00 50 43 00 00 4D 43 00 00 4A 43 00 00 40 43 00 00 40 43 00 00 38 43 00 00 31 43 00 00 2F 43
00 00 23 43 00 00 1F 43 00 00 17 43 00 00 12 43 00 00 09 43 00 00 02 43 00 00 FE 42 00 00 EE 42
00 00 E8 42 00 00 E0 42 00 00 D2 42 00 00 C4 42 00 00 B6 42 00 00 A8 42 00 00 A2 42 00 00 94 42
00 00 8C 42 00 00 74 42 00 00 7C 42 00 00 60 42 00 00 70 42 00 00 50 42 00 00 44 42 00 00 30 42
00 00 1C 42 00 00 0C 42 00 00 F0 41 00 00 04 42 00 00 08 42 00 00 F0 41 00 00 F0 41 00 00 D8 41
00 00 E8 41 00 00 E0 41 00 00 E0 41 00 00 E8 41 00 00 F0 41 00 00 04 42 00 00 10 42 00 00 20 42
00 00 28 42 00 00 34 42 00 00 30 42 00 00 48 42 00 00 58 42 00 00 68 42 00 00 74 42 00 00 86 42
00 00 8A 42 00 00 96 42 00 00 98 42 00 00 A2 42 00 00 AC 42 00 00 B4 42 00 00 C8 42 00 00 D0 42
00 00 DA 42 00 00 EA 42 00 00 F4 42 00 00 FE 42 00 00 08 43 00 00 0D 43 00 00 11 43 00 00 18 43
00 00 1F 43 00 00 22 43 00 00 2B 43 00 00 2D 43 00 00 33 43 00 00 3A 43 00 00 3C 43 00 00 44 43
00 00 4C 43 00 00 4E 43 00 00 53 43 00 00 5A 43 00 00 5E 43 00 00 62 43 00 00 62 43 00 00 6B 43
00 00 6D 43 00 00 70 43 00 00 75 43 00 00 75 43 00 00 7B 43 00 00 7E 43 00 00 7E 43 00 00 80 43
00 80 81 43 00 80 81 43 00 80 82 43 00 00 82 43 00 80 82 43 00 00 82 43 00 00 7F 43 00 00 81 43
00 00 7B 43 00 00 78 43 00 00 79 43 00 00 73 43 00 00 72 43 00 00 6D 43 00 00 67 43 00 00 62 43
00 00 5F 43 00 00 58 43 00 00 55 43 00 00 4E 43 00 00 4A 43 00 00 44 43 00 00 3E 43 00 00 37 43
00 00 30 43 00 00 2C 43 00 00 20 43 00 00 1D 43 00 00 16 43 00 00 0A 43 00 00 01 43 00 00 02 43
00 00 F0 42 00 00 E6 42 00 00 D4 42 00 00 C8 42 00 00 C0 42 00 00 B0 42 00 00 A6 42 00 00 A0 42
00 00 92 42 00 00 8A 42 00 00 7C 42 00 00 60 42 00 00 54 42 00 00 40 42 00 00 38 42 00 00 24 42
00 00 18 42 00 00 0C 42 00 00 F0 41 00 00 E0 41 00 00 C8 41 00 00 C8 41 00 00 C0 41 00 00 A8 41
00 00 98 41 00 00 98 41 00 00 90 41 00 00 A0 41 00 00 B0 41 00 00 98 41 00 00 B0 41 00 00 A0 41
00 00 3C 43 00 00 43 43 00 00 46 43 00 00 4B 43 00 00 4F 43 00 00 55 43 00 00 58 43 00 00 5D 43
00 00 62 43 00 00 66 43 00 00 6B 43 00 00 72 43 00 00 75 43 00 00 7A 43 00 00 7D 43 00 00 80 43
00 00 83 43 00 80 84 43 00 80 85 43 00 80 85 43 00 80 88 43 00 80 86 43 00 00 89 43 00 80 86 43
00 80 88 43 00 00 88 43 00 80 85 43 00 00 88 43 00 80 84 43 00 80 84 43 00 80 82 43 00 00 82 43
00 00 80 43 00 00 7C 43 00 00 79 43 00 00 77 43 00 00 6E 43 00 00 6C 43 00 00 66 43 00 00 5F 43
00 00 5A 43 00 00 52 43 00 00 4C 43 00 00 44 43 00 00 3C 43 00 00 34 43 00 00 2F 43 00 00 28 43
00 00 1C 43 00 00 18 43 00 00 0B 43 00 00 09 43 00 00 02 43 00 00 F2 42 00 00 F0 42 00 00 DE 42
00 00 D8 42 00 00 CA 42 00 00 C0 42 00 00 BA 42 00 00 A6 42 00 00 9E 42 00 00 98 42 00 00 8C 42
00 00 82 42 00 00 84 42 00 00 68 42 00 00 60 42 00 00 44 42 00 00 48 42 00 00 2C 42 00 00 1C 42
00 00 14 42 00 00 0C 42 00 00 F0 41 00 00 D8 41 00 00 C8 41 00 00 D0 41 00 00 E0 41 00 00 D0 41
00 00 C0 41 00 00 E0 41 00 00 08 42 00 00 10 42 00 00 18 42 00 00 2C 42 00 00 38 42 00 00 38 42
00 00 40 42 00 00 4C 42 00 00 64 42 00 00 7C 42 00 00 84 42 00 00 92 42 00 00 9E 42 00 00 AC 42
00 00 BA 42 00 00 C4 42 00 00 DC 42 00 00 E4 42 00 00 EC 42 00 00 01 43 00 00 06 43 00 00 0D 43
00 00 13 43 00 00 1A 43 00 00 23 43 00 00 2A 43 00 00 2F 43 00 00 33 43 00 00 3A 43 00 00 3F 43
00 00 47 43 00 00 48 43 00 00 53 43 00 00 57 43 00 00 5A 43 00 00 62 43 00 00 62 43 00 00 68 43
00 00 6A 43 00 00 6E 43 00 00 71 43 00 00 78 43 00 00 7D 43 00 00 7F 43 00 00 82 43 00 00 83 43
00 00 83 43 00 80 86 43 00 80 87 43 00 80 85 43 00 00 89 43 00 80 87 43 00 00 88 43 00 00 87 43
00 00 86 43 00 80 86 43 00 00 86 43 00 00 83 43 00 00 82 43 00 00 82 43 00 00 80 43 00 00 7B 43
00 00 7A 43 00 00 75 43 00 00 6E 43 00 00 6A 43 00 00 66 43 00 00 5E 43 00 00 59 43 00 00 52 43
00 00 4B 43 00 00 44 43 00 00 3B 43 00 00 34 43 00 00 2F 43 00 00 26 43 00 00 22 43 00 00 1C 43
00 00 13 43 00 00 0E 43 00 00 07 43 00 00 01 43 00 00 EE 42 00 00 E4 42 00 00 DE 42 00 00 D0 42
00 00 C4 42 00 00 BA 42 00 00 B0 42 00 00 9C 42 00 00 96 42 00 00 8E 42 00 00 80 42 00 00 74 42
00 00 6C 42 00 00 54 42 00 00 40 42 00 00 34 42 00 00 28 42 00 00 28 42 00 00 08 42 00 00 08 42
00 00 04 42 00 00 F8 41 00 00 E8 41 00 00 F8 41 00 00 F8 41 00 00 F8 41 00 00 F0 41 00 00 0C 42
00 00 08 42 00 00 14 42 00 00 1C 42 00 00 30 42 00 00 30 42 00 00 38 42 00 00 48 42 00 00 5C 42
00 00 68 42 00 00 6C 42 00 00 86 42 00 00 8E 42 00 00 9C 42 00 00 A2 42 00 00 B0 42 00 00 BA 42
00 00 C2 42 00 00 D2 42 00 00 E0 42 00 00 EC 42 00 00 FC 42 00 00 03 43 00 00 0B 43 00 00 11 43
00 00 17 43 00 00 1C 43 00 00 22 43 00 00 27 43 00 00 2D 43 00 00 30 43 00 00 3A 43 00 00 3C 43
00 00 46 43 00 00 48 43 00 00 49 43 00 00 4E 43 00 00 56 43 00 00 59 43 00 00 5F 43 00 00 62 43
00 00 64 43 00 00 68 43 00 00 6E 43 00 00 73 43 00 00 75 43 00 00 78 43 00 00 7A 43 00 00 7F 43
00 00 7E 43 00 80 80 43 00 00 81 43 00 00 82 43 00 80 82 43 00 00 7F 43 00 80 81 43 00 80 81 43
00 00 7E 43 00 80 80 43 00 00 7D 43 00 00 78 43 00 00 79 43 00 00 71 43 00 00 72 43 00 00 72 43
00 00 6A 43 00 00 67 43 00 00 61 43 00 00 5B 43 00 00 56 43 00 00 4F 43 00 00 49 43 00 00 44 43
00 00 3B 43 00 00 37 43 00 00 34 43 00 00 29 43 00 00 23 43 00 00 1C 43 00 00 17 43 00 00 0E 43
00 00 08 43 00 00 05 43 00 00 FC 42 00 00 EA 42 00 00 E6 42 00 00 CC 42 00 00 C8 42 00 00 BC 42
00 00 B2 42 00 00 AA 42 00 00 9A 42 00 00 92 42 00 00 8A 42 00 00 84 42 00 00 60 42 00 00 64 42
00 00 40 42 00 00 30 42 00 00 2C 42 00 00 28 42 00 00 18 42 00 00 0C 42 00 00 0C 42 00 00 00 42
00 00 D8 41 00 00 E0 41 00 00 E0 41 00 00 C8 41 00 00 E8 41 00 00 E0 41 00 00 E0 41 00 00 F0 41
00 00 E8 41 00 00 0C 42 00 00 1C 42 00 00 14 42 00 00 14 42 00 00 28 42 00 00 38 42 00 00 48 42
00 00 58 42 00 00 6C 42 00 00 74 42 00 00 88 42 00 00 92 42 00 00 9C 42 00 00 9E 42 00 00 AC 42
00 00 C2 42 00 00 CA 42 00 00 DC 42 00 00 EA 42 00 00 F2 42 00 00 FC 42 00 00 06 43 00 00 0D 43
00 00 11 43 00 00 16 43 00 00 1D 43 00 00 24 43 00 00 2A 43 00 00 2F 43 00 00 35 43 00 00 3A 43
00 00 41 43 00 00 42 43 00 00 47 43 00 00 4F 43 00 00 4F 43 00 00 56 43 00 00 5C 43 00 00 5D 43
00 00 60 43 00 00 64 43 00 00 69 43 00 00 6B 43 00 00 70 43 00 00 74 43 00 00 75 43 00 00 7A 43
00 00 7B 43 00 00 7E 43 00 00 7F 43 00 00 80 43 00 80 80 43 00 80 80 43 00 00 7E 43 00 80 81 43
00 00 79 43 00 00 7A 43 00 00 74 43 00 00 75 43 00 00 72 43 00 00 6F 43 00 00 6B 43 00 00 67 43
00 00 65 43 00 00 5E 43 00 00 59 43 00 00 55 43 00 00 4D 43 00 00 47 43 00 00 40 43 00 00 39 43
00 00 35 43 00 00 2F 43 00 00 2A 43 00 00 21 43 00 00 1C 43 00 00 12 43 00 00 0D 43 00 00 04 43
00 00 FA 42 00 00 E6 42 00 00 E2 42 00 00 D4 42 00 00 C6 42 00 00 BC 42 00 00 B8 42 00 00 A6 42
00 00 9E 42 00 00 96 42 00 00 8C 42 00 00 86 42 00 00 7C 42 00 00 6C 42 00 00 5C 42 00 00 48 42
00 00 30 42 00 00 28 42 00 00 14 42 00 00 00 42 00 00 F0 41 00 00 E8 41 00 00 B8 41 00 00 E0 41
00 00 C8 41 00 00 C8 41 00 00 D0 41 00 00 A0 41 00 00 C8 41 00 00 B0 41 00 00 D0 41 00 00 E8 41
00 00 04 42 00 00 04 42 00 00 10 42 00 00 28 42 00 00 28 42 00 00 30 42 00 00 48 42 00 00 4C 42
00 00 64 42 00 00 74 42 00 00 86 42 00 00 90 42 00 00 9A 42 00 00 AA 42 00 00 B6 42 00 00 C8 42
00 00 DA 42 00 00 E4 42 00 00 F4 42 00 00 03 43 00 00 08 43 00 00 0D 43 00 00 15 43 00 00 1B 43
00 00 23 43 00 00 29 43 00 00 2F 43 00 00 33 43 00 00 38 43 00 00 3D 43 00 00 42 43 00 00 45 43
00 00 4B 43 00 00 4D 43 00 00 55 43 00 00 58 43 00 00 5A 43 00 00 5E 43 00 00 64 43 00 00 66 43
00 00 6B 43 00 00 6C 43 00 00 73 43 00 00 75 43 00 00 76 43 00 00 79 43 00 00 7B 43 00 00 7E 43
00 00 7F 43 00 80 81 43 00 00 83 43 00 80 82 43 00 80 82 43 00 00 81 43 00 80 80 43 00 00 81 43
00 80 80 43 00 00 80 43 00 00 7C 43 00 00 D0 41 00 00 04 42 00 00 24 42 00 00 40 42 00 00 54 42
00 00 6C 42 00 00 86 42 00 00 90 42 00 00 98 42 00 00 AA 42 00 00 B0 42 00 00 BC 42 00 00 C6 42
00 00 CE 42 00 00 DE 42 00 00 E8 42 00 00 F2 42 00 00 FE 42 00 00 03 43 00 00 07 43 00 00 0E 43
00 00 10 43 00 00 15 43 00 00 19 43 00 00 1C 43 00 00 21 43 00 00 23 43 00 00 2B 43 00 00 2D 43
00 00 2F 43 00 00 31 43 00 00 33 43 00 00 37 43 00 00 36 43 00 00 33 43 00 00 36 43 00 00 32 43
00 00 31 43 00 00 2D 43 00 00 2D 43 00 00 2B 43 00 00 2B 43 00 00 26 43 00 00 23 43 00 00 24 43
00 00 1D 43 00 00 1B 43 00 00 1C 43 00 00 11 43 00 00 0F 43 00 00 08 43 00 00 00 43 00 00 F6 42
00 00 E2 42 00 00 DC 42 00 00 CC 42 00 00 BA 42 00 00 B4 42 00 00 9C 42 00 00 8C 42 00 00 7C 42
00 00 68 42 00 00 5C 42 00 00 3C 42 00 00 1C 42 00 00 00 42 00 00 D0 41 00 00 B8 41 00 00 60 41
00 00 50 41 00 00 40 40 00 00 80 C0 00 00 C0 C0 00 00 50 C1 00 00 60 C1 00 00 B0 C1 00 00 D8 C1
00 00 F0 C1 00 00 10 C2 00 00 1C C2 00 00 2C C2 00 00 38 C2 00 00 44 C2 00 00 68 C2 00 00 6C C2
00 00 80 C2 00 00 80 C2 00 00 84 C2 00 00 8E C2 00 00 90 C2 00 00 90 C2 00 00 94 C2 00 00 8C C2
00 00 88 C2 00 00 7C C2 00 00 80 C2 00 00 74 C2 00 00 78 C2 00 00 5C C2 00 00 54 C2 00 00 44 C2
00 00 28 C2 00 00 18 C2 00 00 00 C2 00 00 E8 C1 00 00 A0 C1 00 00 70 C1 00 00 30 C1 00 00 40 C0
00 00 00 40 00 00 10 41 00 00 88 41 00 00 B0 41 00 00 F0 41 00 00 18 42 00 00 38 42 00 00 50 42
00 00 64 42 00 00 80 42 00 00 90 42 00 00 A4 42 00 00 A6 42 00 00 BA 42 00 00 CA 42 00 00 CA 42
00 00 DA 42 00 00 E8 42 00 00 F8 42 00 00 FC 42 00 00 02 43 00 00 0A 43 00 00 0C 43 00 00 10 43
00 00 16 43 00 00 14 43 00 00 1B 43 00 00 1C 43 00 00 21 43 00 00 24 43 00 00 24 43 00 00 28 43
00 00 28 43 00 00 2E 43 00 00 2E 43 00 00 2D 43 00 00 30 43 00 00 2C 43 00 00 2C 43 00 00 27 43
00 00 27 43 00 00 25 43 00 00 23 43 00 00 20 43 00 00 1F 43 00 00 1A 43 00 00 16 43 00 00 17 43
00 00 10 43 00 00 0E 43 00 00 08 43 00 00 02 43 00 00 F8 42 00 00 EC 42 00 00 E2 42 00 00 D4 42
00 00 C2 42 00 00 B8 42 00 00 A8 42 00 00 9E 42 00 00 88 42 00 00 80 42 00 00 6C 42 00 00 44 42
00 00 2C 42 00 00 18 42 00 00 00 42 00 00 B8 41 00 00 88 41 00 00 30 41 00 00 10 41 00 00 80 C0
00 00 80 C0 00 00 30 C1 00 00 90 C1 00 00 C0 C1 00 00 E8 C1 00 00 F0 C1 00 00 1C C2 00 00 1C C2
00 00 34 C2 00 00 48 C2 00 00 58 C2 00 00 70 C2 00 00 74 C2 00 00 84 C2 00 00 88 C2 00 00 90 C2
00 00 8E C2 00 00 96 C2 00 00 98 C2 00 00 9C C2 00 00 96 C2 00 00 9A C2 00 00 96 C2 00 00 94 C2
00 00 96 C2 00 00 92 C2 00 00 8C C2 00 00 86 C2 00 00 84 C2 00 00 64 C2 00 00 5C C2 00 00 4C C2
00 00 40 C2 00 00 38 C2 00 00 1C C2 00 00 0C C2 00 00 F8 C1 00 00 C8 C1 00 00 80 C1 00 00 10 C1
00 00 40 C0 00 00 A0 40 00 00 20 41 00 00 90 41 00 00 D8 41 00 00 00 42 00 00 28 42 00 00 3C 42
00 00 50 42 00 00 70 42 00 00 74 42 00 00 92 42 00 00 98 42 00 00 9E 42 00 00 A8 42 00 00 B4 42
00 00 BE 42 00 00 D0 42 00 00 DC 42 00 00 E8 42 00 00 EC 42 00 00 F2 42 00 00 F8 42 00 00 06 43
00 00 06 43 00 00 0C 43 00 00 11 43 00 00 12 43 00 00 16 43 00 00 1A 43 00 00 1E 43 00 00 1F 43
00 00 25 43 00 00 22 43 00 00 27 43 00 00 28 43 00 00 2C 43 00 00 2A 43 00 00 29 43 00 00 2B 43
00 00 24 43 00 00 25 43 00 00 21 43 00 00 1E 43 00 00 20 43 00 00 1C 43 00 00 16 43 00 00 13 43
00 00 0F 43 00 00 09 43 00 00 08 43 00 00 02 43 00 00 FC 42 00 00 F0 42 00 00 D4 42 00 00 D0 42
00 00 C2 42 00 00 BA 42 00 00 A8 42 00 00 98 42 00 00 8C 42 00 00 70 42 00 00 54 42 00 00 38 42
00 00 0C 42 00 00 00 42 00 00 C0 41 00 00 88 41 00 00 50 41 00 00 C0 40 00 00 00 40 00 00 80 C0
00 00 40 C1 00 00 80 C1 00 00 88 C1 00 00 C0 C1 00 00 F8 C1 00 00 00 C2 00 00 24 C2 00 00 28 C2
00 00 3C C2 00 00 4C C2 00 00 68 C2 00 00 70 C2 00 00 78 C2 00 00 7C C2 00 00 84 C2 00 00 92 C2
00 00 98 C2 00 00 9E C2 00 00 96 C2 00 00 9E C2 00 00 94 C2 00 00 98 C2 00 00 9A C2 00 00 94 C2
00 00 92 C2 00 00 8A C2 00 00 8A C2 00 00 84 C2 00 00 7C C2 00 00 78 C2 00 00 5C C2 00 00 48 C2
00 00 3C C2 00 00 2C C2 00 00 0C C2 00 00 00 C2 00 00 B8 C1 00 00 90 C1 00 00 30 C1 00 00 80 BF
00 00 40 40 00 00 60 41 00 00 A8 41 00 00 F8 41 00 00 10 42 00 00 2C 42 00 00 5C 42 00 00 6C 42
00 00 82 42 00 00 8E 42 00 00 A2 42 00 00 AC 42 00 00 BE 42 00 00 C8 42 00 00 DC 42 00 00 E2 42
00 00 F0 42 00 00 FA 42 00 00 02 43 00 00 08 43 00 00 09 43 00 00 12 43 00 00 14 43 00 00 17 43
00 00 1E 43 00 00 1E 43 00 00 22 43 00 00 26 43 00 00 2A 43 00 00 2F 43 00 00 31 43 00 00 37 43
00 00 35 43 00 00 3B 43 00 00 3A 43 00 00 39 43 00 00 3C 43 00 00 38 43 00 00 39 43 00 00 33 43
00 00 33 43 00 00 2F 43 00 00 2C 43 00 00 2C 43 00 00 28 43 00 00 23 43 00 00 22 43 00 00 1F 43
00 00 1A 43 00 00 16 43 00 00 0F 43 00 00 0A 43 00 00 04 43 00 00 FC 42 00 00 EC 42 00 00 E2 42
00 00 D6 42 00 00 CA 42 00 00 BA 42 00 00 B4 42 00 00 A4 42 00 00 90 42 00 00 84 42 00 00 68 42
00 00 54 42 00 00 28 42 00 00 10 42 00 00 F8 41 00 00 A0 41 00 00 70 41 00 00 20 41 00 00 40 40
00 00 80 3F 00 00 30 C1 00 00 20 C1 00 00 60 C1 00 00 B0 C1 00 00 98 C1 00 00 E8 C1 00 00 F0 C1
00 00 04 C2 00 00 1C C2 00 00 24 C2 00 00 30 C2 00 00 40 C2 00 00 48 C2 00 00 5C C2 00 00 58 C2
00 00 64 C2 00 00 6C C2 00 00 60 C2 00 00 60 C2 00 00 60 C2 00 00 4C C2 00 00 48 C2 00 00 48 C2
00 00 34 C2 00 00 28 C2 00 00 20 C2 00 00 14 C2 00 00 08 C2 00 00 04 C2 00 00 C0 C1 00 00 C0 C1
00 00 70 C1 00 00 20 C1 00 00 00 C1 00 00 00 00 00 00 E0 40 00 00 40 41 00 00 A0 41 00 00 E8 41
00 00 0C 42 00 00 1C 42 00 00 3C 42 00 00 58 42 00 00 6C 42 00 00 82 42 00 00 8E 42 00 00 A2 42
00 00 A8 42 00 00 B8 42 00 00 C0 42 00 00 D0 42 00 00 D6 42 00 00 DA 42 00 00 E8 42 00 00 F0 42
00 00 01 43 00 00 01 43 00 00 0A 43 00 00 0E 43 00 00 0F 43 00 00 17 43 00 00 19 43 00 00 1E 43
00 00 22 43 00 00 24 43 00 00 29 43 00 00 2E 43 00 00 34 43 00 00 39 43 00 00 3B 43 00 00 3E 43
00 00 3F 43 00 00 3D 43 00 00 41 43 00 00 3F 43 00 00 3F 43 00 00 40 43 00 00 3C 43 00 00 3E 43
00 00 39 43 00 00 39 43 00 00 34 43 00 00 34 43 00 00 2D 43 00 00 2D 43 00 00 27 43 00 00 24 43
00 00 22 43 00 00 1A 43 00 00 18 43 00 00 10 43 00 00 0B 43 00 00 07 43 00 00 FE 42 00 00 F2 42
00 00 E6 42 00 00 D2 42 00 00 C4 42 00 00 B2 42 00 00 A4 42 00 00 9A 42 00 00 90 42 00 00 80 42
00 00 78 42 00 00 58 42 00 00 3C 42 00 00 10 42 00 00 10 42 00 00 F0 41 00 00 A8 41 00 00 60 41
00 00 00 41 00 00 40 40 00 00 80 BF 00 00 C0 C0 00 00 30 C1 00 00 70 C1 00 00 80 C1 00 00 C0 C1
00 00 E8 C1 00 00 00 C2 00 00 0C C2 00 00 14 C2 00 00 20 C2 00 00 2C C2 00 00 4C C2 00 00 48 C2
00 00 58 C2 00 00 58 C2 00 00 48 C2 00 00 5C C2 00 00 4C C2 00 00 50 C2 00 00 40 C2 00 00 3C C2
00 00 44 C2 00 00 34 C2 00 00 20 C2 00 00 14 C2 00 00 14 C2 00 00 F8 C1 00 00 D0 C1 00 00 A0 C1
00 00 70 43 00 00 74 43 00 00 81 43 00 00 7F 43 00 00 83 43 00 80 85 43 00 80 84 43 00 80 8A 43
00 80 8B 43 00 00 8E 43 00 00 90 43 00 00 94 43 00 80 95 43 00 00 95 43 00 80 9B 43 00 00 9A 43
00 80 9C 43 00 00 9D 43 00 80 9C 43 00 00 9E 43 00 80 9E 43 00 00 9E 43 00 00 9D 43 00 80 9A 43
00 80 9A 43 00 80 96 43 00 80 96 43 00 00 96 43 00 80 94 43 00 00 92 43 00 80 91 43 00 00 91 43
00 80 8A 43 00 00 8B 43 00 00 86 43 00 00 85 43 00 80 82 43 00 00 79 43 00 00 71 43 00 00 69 43
00 00 5F 43 00 00 57 43 00 00 4F 43 00 00 47 43 00 00 3F 43 00 00 34 43 00 00 2F 43 00 00 23 43
00 00 1B 43 00 00 14 43 00 00 08 43 00 00 00 43 00 00 F2 42 00 00 E8 42 00 00 D6 42 00 00 CC 42
00 00 C4 42 00 00 BA 42 00 00 AE 42 00 00 A0 42 00 00 96 42 00 00 8E 42 00 00 78 42 00 00 70 42
00 00 5C 42 00 00 54 42 00 00 40 42 00 00 28 42 00 00 30 42 00 00 08 42 00 00 E0 41 00 00 E8 41
00 00 D8 41 00 00 B8 41 00 00 B8 41 00 00 B8 41 00 00 A8 41 00 00 E0 41 00 00 E0 41 00 00 E8 41
00 00 D8 41 00 00 0C 42 00 00 14 42 00 00 2C 42 00 00 38 42 00 00 44 42 00 00 54 42 00 00 6C 42
00 00 82 42 00 00 94 42 00 00 98 42 00 00 9E 42 00 00 B4 42 00 00 C0 42 00 00 D0 42 00 00 E2 42
00 00 F6 42 00 00 05 43 00 00 0A 43 00 00 15 43 00 00 1B 43 00 00 29 43 00 00 30 43 00 00 33 43
00 00 42 43 00 00 46 43 00 00 4A 43 00 00 57 43 00 00 5A 43 00 00 63 43 00 00 68 43 00 00 6F 43
00 00 73 43 00 00 7A 43 00 00 83 43 00 80 83 43 00 00 87 43 00 00 88 43 00 80 8B 43 00 00 8C 43
00 00 8E 43 00 00 8F 43 00 00 92 43 00 80 94 43 00 00 96 43 00 80 98 43 00 00 9C 43 00 00 9C 43
00 00 9F 43 00 80 9D 43 00 80 9F 43 00 80 9E 43 00 80 9C 43 00 00 9E 43 00 80 9C 43 00 80 9B 43
00 80 98 43 00 80 98 43 00 00 97 43 00 80 92 43 00 00 91 43 00 80 8F 43 00 80 8B 43 00 80 8B 43
00 00 88 43 00 80 84 43 00 00 80 43 00 00 7B 43 00 00 75 43 00 00 69 43 00 00 63 43 00 00 5A 43
00 00 4D 43 00 00 4A 43 00 00 3A 43 00 00 3E 43 00 00 2D 43 00 00 22 43 00 00 1F 43 00 00 12 43
00 00 0E 43 00 00 07 43 00 00 FE 42 00 00 EE 42 00 00 DC 42 00 00 D2 42 00 00 C0 42 00 00 B2 42
00 00 A8 42 00 00 94 42 00 00 8C 42 00 00 80 42 00 00 70 42 00 00 64 42 00 00 4C 42 00 00 44 42
00 00 28 42 00 00 14 42 00 00 0C 42 00 00 D8 41 00 00 D0 41 00 00 D0 41 00 00 A8 41 00 00 98 41
00 00 80 41 00 00 A0 41 00 00 80 41 00 00 A8 41 00 00 A8 41 00 00 C0 41 00 00 D0 41 00 00 E8 41
00 00 0C 42 00 00 14 42 00 00 24 42 00 00 28 42 00 00 40 42 00 00 54 42 00 00 50 42 00 00 82 42
00 00 82 42 00 00 94 42 00 00 9C 42 00 00 AE 42 00 00 BA 42 00 00 C4 42 00 00 DC 42 00 00 E4 42
00 00 FC 42 00 00 07 43 00 00 0C 43 00 00 16 43 00 00 1B 43 00 00 25 43 00 00 2F 43 00 00 35 43
00 00 42 43 00 00 41 43 00 00 4F 43 00 00 4F 43 00 00 59 43 00 00 60 43 00 00 62 43 00 00 6B 43
00 00 6F 43 00 00 73 43 00 00 7C 43 00 80 80 43 00 80 82 43 00 00 86 43 00 80 88 43 00 80 88 43
00 00 8D 43 00 80 8C 43 00 80 8F 43 00 80 91 43 00 00 95 43 00 80 93 43 00 00 97 43 00 00 98 43
00 00 98 43 00 80 9A 43 00 00 98 43 00 80 98 43 00 00 96 43 00 80 97 43 00 80 97 43 00 80 95 43
00 80 93 43 00 80 92 43 00 00 91 43 00 00 8F 43 00 00 8B 43 00 00 8B 43 00 80 87 43 00 00 84 43
00 00 81 43 00 00 7C 43 00 00 77 43 00 00 70 43 00 00 68 43 00 00 61 43 00 00 5A 43 00 00 4E 43
00 00 46 43 00 00 3C 43 00 00 32 43 00 00 2E 43 00 00 21 43 00 00 18 43 00 00 0F 43 00 00 07 43
00 00 00 43 00 00 F6 42 00 00 DE 42 00 00 D2 42 00 00 C4 42 00 00 B8 42 00 00 AA 42 00 00 A0 42
00 00 9C 42 00 00 84 42 00 00 84 42 00 00 70 42 00 00 5C 42 00 00 54 42 00 00 48 42 00 00 38 42
00 00 20 42 00 00 24 42 00 00 F0 41 00 00 04 42 00 00 E0 41 00 00 C0 41 00 00 D0 41 00 00 B8 41
00 00 B0 41 00 00 B8 41 00 00 C0 41 00 00 D0 41 00 00 C0 41 00 00 E0 41 00 00 00 42 00 00 08 42
00 00 14 42 00 00 20 42 00 00 1C 42 00 00 34 42 00 00 48 42 00 00 64 42 00 00 74 42 00 00 74 42
00 00 8A 42 00 00 94 42 00 00 A0 42 00 00 AE 42 00 00 C0 42 00 00 CC 42 00 00 E0 42 00 00 F4 42
00 00 FA 42 00 00 07 43 00 00 0D 43 00 00 16 43 00 00 21 43 00 00 25 43 00 00 32 43 00 00 35 43
00 00 3E 43 00 00 46 43 00 00 4E 43 00 00 53 43 00 00 59 43 00 00 5D 43 00 00 66 43 00 00 6B 43
00 00 74 43 00 00 75 43 00 00 7B 43 00 00 7D 43 00 00 82 43 00 00 85 43 00 00 87 43 00 00 8A 43
00 00 8A 43 00 00 8F 43 00 00 90 43 00 80 91 43 00 00 94 43 00 00 93 43 00 00 96 43 00 80 92 43
00 00 94 43 00 80 94 43 00 00 94 43 00 80 92 43 00 80 92 43 00 80 90 43 00 00 91 43 00 80 8E 43
00 80 8F 43 00 00 8A 43 00 80 89 43 00 00 87 43 00 00 85 43 00 80 83 43 00 80 83 43 00 00 80 43
00 00 7B 43 00 00 6E 43 00 00 6D 43 00 00 63 43 00 00 5E 43 00 00 56 43 00 00 47 43 00 00 41 43
00 00 39 43 00 00 35 43 00 00 2A 43 00 00 20 43 00 00 16 43 00 00 13 43 00 00 09 43 00 00 FE 42
00 00 EE 42 00 00 E0 42 00 00 D4 42 00 00 C8 42 00 00 B4 42 00 00 B0 42 00 00 A2 42 00 00 98 42
00 00 86 42 00 00 86 42 00 00 6C 42 00 00 54 42 00 00 50 42 00 00 30 42 00 00 24 42 00 00 08 42
00 00 04 42 00 00 E0 41 00 00 C0 41 00 00 B0 41 00 00 C0 41 00 00 70 41 00 00 88 41 00 00 50 41
00 00 50 41 00 00 88 41 00 00 60 41 00 00 B0 41 00 00 B0 41 00 00 D0 41 00 00 F8 41 00 00 08 42
00 00 14 42 00 00 2C 42 00 00 3C 42 00 00 54 42 00 00 60 42 00 00 7C 42 00 00 84 42 00 00 98 42
00 00 A2 42 00 00 A8 42 00 00 C2 42 00 00 D0 42 00 00 DE 42 00 00 F2 42 00 00 FE 42 00 00 0C 43
00 00 11 43 00 00 1C 43 00 00 28 43 00 00 30 43 00 00 38 43 00 00 42 43 00 00 4C 43 00 00 4E 43
00 00 5B 43 00 00 5E 43 00 00 67 43 00 00 6E 43 00 00 71 43 00 00 7D 43 00 00 7E 43 00 80 81 43
00 00 83 43 00 80 85 43 00 00 88 43 00 80 89 43 00 00 8D 43 00 00 8F 43 00 00 91 43 00 80 94 43
00 00 95 43 00 00 9A 43 00 00 9B 43 00 80 9C 43 00 80 9F 43 00 00 A1 43 00 00 A0 43 00 80 A0 43
00 80 A0 43 00 00 A0 43 00 00 9E 43 00 00 9F 43 00 00 9E 43 00 80 9C 43 00 80 9B 43 00 00 9B 43
00 80 98 43 00 00 97 43 00 80 93 43 00 00 8A 42 00 00 98 42 00 00 AC 42 00 00 B6 42 00 00 CE 42
00 00 D6 42 00 00 EC 42 00 00 FA 42 00 00 03 43 00 00 0B 43 00 00 10 43 00 00 18 43 00 00 1B 43
00 00 24 43 00 00 2A 43 00 00 2C 43 00 00 32 43 00 00 38 43 00 00 3B 43 00 00 40 43 00 00 49 43
00 00 4D 43 00 00 51 43 00 00 54 43 00 00 58 43 00 00 5B 43 00 00 5D 43 00 00 62 43 00 00 64 43
00 00 62 43 00 00 67 43 00 00 6A 43 00 00 64 43 00 00 66 43 00 00 64 43 00 00 66 43 00 00 61 43
00 00 5D 43 00 00 58 43 00 00 58 43 00 00 4F 43 00 00 4C 43 00 00 4B 43 00 00 47 43 00 00 40 43
00 00 3B 43 00 00 39 43 00 00 31 43 00 00 2C 43 00 00 24 43 00 00 1D 43 00 00 17 43 00 00 08 43
00 00 01 43 00 00 F2 42 00 00 DA 42 00 00 CC 42 00 00 B6 42 00 00 A4 42 00 00 92 42 00 00 82 42
00 00 68 42 00 00 38 42 00 00 24 42 00 00 00 42 00 00 B8 41 00 00 98 41 00 00 50 41 00 00 C0 40
00 00 00 40 00 00 C0 C0 00 00 50 C1 00 00 88 C1 00 00 B8 C1 00 00 E0 C1 00 00 04 C2 00 00 20 C2
00 00 38 C2 00 00 58 C2 00 00 60 C2 00 00 74 C2 00 00 86 C2 00 00 8E C2 00 00 8E C2 00 00 9E C2
00 00 9A C2 00 00 A8 C2 00 00 A4 C2 00 00 A2 C2 00 00 A0 C2 00 00 A0 C2 00 00 9C C2 00 00 96 C2
00 00 90 C2 00 00 86 C2 00 00 78 C2 00 00 74 C2 00 00 58 C2 00 00 3C C2 00 00 38 C2 00 00 14 C2
00 00 08 C2 00 00 C8 C1 00 00 A0 C1 00 00 10 C1 00 00 40 C0 00 00 40 40 00 00 88 41 00 00 B0 41
00 00 F8 41 00 00 24 42 00 00 3C 42 00 00 6C 42 00 00 84 42 00 00 94 42 00 00 A8 42 00 00 B6 42
00 00 C8 42 00 00 D6 42 00 00 EA 42 00 00 F6 42 00 00 01 43 00 00 0A 43 00 00 10 43 00 00 1A 43
00 00 1D 43 00 00 25 43 00 00 2A 43 00 00 2B 43 00 00 31 43 00 00 32 43 00 00 36 43 00 00 3A 43
00 00 41 43 00 00 45 43 00 00 47 43 00 00 4E 43 00 00 51 43 00 00 54 43 00 00 53 43 00 00 54 43
00 00 54 43 00 00 55 43 00 00 55 43 00 00 51 43 00 00 51 43 00 00 4F 43 00 00 48 43 00 00 48 43
00 00 44 43 00 00 46 43 00 00 40 43 00 00 3C 43 00 00 35 43 00 00 33 43 00 00 2D 43 00 00 2A 43
00 00 24 43 00 00 1D 43 00 00 19 43 00 00 0D 43 00 00 05 43 00 00 FA 42 00 00 EE 42 00 00 DA 42
00 00 CA 42 00 00 B8 42 00 00 98 42 00 00 8C 42 00 00 78 42 00 00 5C 42 00 00 3C 42 00 00 1C 42
00 00 E0 41 00 00 C8 41 00 00 50 41 00 00 E0 40 00 00 00 00 00 00 40 C0 00 00 10 C1 00 00 88 C1
00 00 C0 C1 00 00 04 C2 00 00 04 C2 00 00 20 C2 00 00 34 C2 00 00 44 C2 00 00 5C C2 00 00 64 C2
00 00 82 C2 00 00 82 C2 00 00 8E C2 00 00 8E C2 00 00 98 C2 00 00 A2 C2 00 00 A4 C2 00 00 B2 C2
00 00 AA C2 00 00 B2 C2 00 00 B6 C2 00 00 B0 C2 00 00 A8 C2 00 00 A0 C2 00 00 A2 C2 00 00 98 C2
00 00 8E C2 00 00 8C C2 00 00 80 C2 00 00 70 C2 00 00 54 C2 00 00 3C C2 00 00 3C C2 00 00 20 C2
00 00 0C C2 00 00 D0 C1 00 00 98 C1 00 00 60 C1 00 00 A0 C0 00 00 80 3F 00 00 00 41 00 00 90 41
00 00 D0 41 00 00 14 42 00 00 34 42 00 00 68 42 00 00 70 42 00 00 8A 42 00 00 9E 42 00 00 A6 42
00 00 C2 42 00 00 C2 42 00 00 D6 42 00 00 E8 42 00 00 F0 42 00 00 FC 42 00 00 04 43 00 00 0A 43
00 00 11 43 00 00 1A 43 00 00 1C 43 00 00 22 43 00 00 27 43 00 00 28 43 00 00 31 43 00 00 33 43
00 00 3B 43 00 00 3F 43 00 00 43 43 00 00 48 43 00 00 4C 43 00 00 4B 43 00 00 53 43 00 00 53 43
00 00 58 43 00 00 57 43 00 00 56 43 00 00 57 43 00 00 57 43 00 00 54 43 00 00 52 43 00 00 53 43
00 00 50 43 00 00 4A 43 00 00 49 43 00 00 42 43 00 00 3E 43 00 00 37 43 00 00 36 43 00 00 2F 43
00 00 28 43 00 00 28 43 00 00 19 43 00 00 16 43 00 00 0C 43 00 00 03 43 00 00 F4 42 00 00 E2 42
00 00 D2 42 00 00 BC 42 00 00 A8 42 00 00 90 42 00 00 84 42 00 00 54 42 00 00 50 42 00 00 14 42
00 00 F0 41 00 00 B0 41 00 00 50 41 00 00 E0 40 00 00 00 00 00 00 80 C0 00 00 60 C1 00 00 90 C1
00 00 E0 C1 00 00 04 C2 00 00 F0 C1 00 00 28 C2 00 00 3C C2 00 00 58 C2 00 00 60 C2 00 00 70 C2
00 00 8C C2 00 00 8C C2 00 00 9A C2 00 00 9E C2 00 00 A4 C2 00 00 B0 C2 00 00 A8 C2 00 00 B2 C2
00 00 B0 C2 00 00 BA C2 00 00 BC C2 00 00 B4 C2 00 00 BA C2 00 00 B4 C2 00 00 AC C2 00 00 AA C2
00 00 9A C2 00 00 98 C2 00 00 88 C2 00 00 82 C2 00 00 6C C2 00 00 60 C2 00 00 58 C2 00 00 28 C2
00 00 1C C2 00 00 0C C2 00 00 C0 C1 00 00 B0 C1 00 00 C0 C0 00 00 00 00 00 00 10 41 00 00 90 41
00 00 E8 41 00 00 14 42 00 00 40 42 00 00 74 42 00 00 84 42 00 00 A2 42 00 00 AC 42 00 00 BC 42
00 00 D0 42 00 00 DC 42 00 00 EC 42 00 00 02 43 00 00 09 43 00 00 0D 43 00 00 13 43 00 00 1B 43
00 00 21 43 00 00 24 43 00 00 2D 43 00 00 34 43 00 00 37 43 00 00 38 43 00 00 40 43 00 00 44 43
00 00 46 43 00 00 4E 43 00 00 4E 43 00 00 56 43 00 00 5A 43 00 00 5A 43 00 00 5F 43 00 00 5F 43
00 00 5D 43 00 00 5D 43 00 00 5B 43 00 00 5E 43 00 00 58 43 00 00 54 43 00 00 54 43 00 00 50 43
00 00 4B 43 00 00 48 43 00 00 45 43 00 00 40 43 00 00 3A 43 00 00 36 43 00 00 33 43 00 00 2E 43
00 00 26 43 00 00 1D 43 00 00 1A 43 00 00 0C 43 00 00 07 43 00 00 F4 42 00 00 F0 42 00 00 DC 42
00 00 CC 42 00 00 BC 42 00 00 A8 42 00 00 9E 42 00 00 86 42 00 00 70 42 00 00 4C 42 00 00 2C 42
00 00 04 42 00 00 C8 41 00 00 90 41 00 00 10 41 00 00 80 3F 00 00 80 BF 00 00 00 C1 00 00 70 C1
00 00 A0 C1 00 00 B0 C1 00 00 D0 C1 00 00 08 C2 00 00 0C C2 00 00 18 C2 00 00 44 C2 00 00 50 C2
00 00 64 C2 00 00 68 C2 00 00 78 C2 00 00 8A C2 00 00 88 C2 00 00 92 C2 00 00 8E C2 00 00 96 C2
00 00 98 C2 00 00 8C C2 00 00 90 C2 00 00 84 C2 00 00 80 C2 00 00 6C C2 00 00 68 C2 00 00 4C C2
00 00 40 C2 00 00 34 C2 00 00 14 C2 00 00 00 C2 00 00 B8 C1 00 00 98 C1 00 00 88 C1 00 00 E0 C0
00 00 80 BF 00 00 C0 40 00 00 80 41 00 00 B0 41 00 00 E8 41 00 00 2C 42 00 00 30 42 00 00 64 42
00 00 82 42 00 00 92 42 00 00 A2 42 00 00 B4 42 00 00 C6 42 00 00 CE 42 00 00 E2 42 00 00 EA 42
00 00 FC 42 00 00 05 43 00 00 0B 43 00 00 15 43 00 00 16 43 00 00 1D 43 00 00 23 43 00 00 2C 43
00 00 2F 43 00 00 35 43 00 00 35 43 00 00 3B 43 00 00 43 43 00 00 46 43 00 00 4B 43 00 00 50 43
00 00 50 43 00 00 5A 43 00 00 5C 43 00 00 5F 43 00 00 66 43 00 00 65 43 00 00 6C 43 00 00 69 43
00 00 6B 43 00 00 6D 43 00 00 69 43 00 00 6A 43 00 00 6C 43 00 00 66 43 00 00 64 43 00 00 5C 43
00 00 5E 43 00 00 53 43 00 00 50 43 00 00 49 43 00 00 47 43 00 00 42 43 00 00 3D 43 00 00 3B 43
00 00 30 43 00 00 2B 43 00 00 24 43 00 00 18 43 00 00 13 43 00 00 0A 43 00 00 FE 42 00 00 EE 42
00 00 DC 42 00 00 CC 42 00 00 BC 42 00 00 AC 42 00 00 9C 42 00 00 86 42 00 00 68 42 00 00 4C 42
00 00 3C 42 00 00 08 42 00 00 F0 41 00 00 C8 41 00 00 70 41 00 00 10 41 00 00 40 40 00 00 00 C1
00 00 40 C1 00 00 70 C1 00 00 B0 C1 00 00 D0 C1 00 00 F0 C1 00 00 0C C2 00 00 20 C2 00 00 30 C2
00 00 3C C2 00 00 40 C2 00 00 54 C2 00 00 68 C2 00 00 6C C2 00 00 82 C2 00 00 80 C2 00 00 82 C2
00 00 7C C2 00 00 80 C2 00 00 8A C2 00 00 6C C2 00 00 6C C2 00 00 64 C2 00 00 58 C2 00 00 48 C2
00 00 38 C2 00 00 2C C2 00 00 10 C2 00 00 10 C2 00 00 F8 C1 00 00 B0 C1 00 00 A0 C1 00 00 80 C1
