00 80 93 43 00 80 8C 43 00 80 86 43 00 80 85 43 00 00 7B 43 00 00 74 43 00 00 63 43 00 00 5C 43
00 00 59 43 00 00 4B 43 00 00 42 43 00 00 3B 43 00 00 31 43 00 00 32 43 00 00 2E 43 00 00 28 43
00 00 28 43 00 00 2A 43 00 00 2C 43 00 00 34 43 00 00 39 43 00 00 3D 43 00 00 44 43 00 00 47 43
00 00 49 43 00 00 4D 43 00 00 4E 43 00 00 54 43 00 00 58 43 00 00 56 43 00 00 57 43 00 00 56 43
00 00 5A 43 00 00 5A 43 00 00 5E 43 00 00 5C 43 00 00 60 43 00 00 5D 43 00 00 59 43 00 00 58 43
00 00 56 43 00 00 51 43 00 00 52 43 00 00 50 43 00 00 4B 43 00 00 44 43 00 00 46 43 00 00 40 43
00 00 3C 43 00 00 3B 43 00 00 32 43 00 00 2D 43 00 00 2C 43 00 00 2C 43 00 00 2A 43 00 00 2B 43
00 00 31 43 00 00 35 43 00 00 37 43 00 00 36 43 00 00 3F 43 00 00 44 43 00 00 4F 43 00 00 52 43
00 00 57 43 00 00 60 43 00 00 60 43 00 00 61 43 00 00 67 43 00 00 69 43 00 00 6C 43 00 00 69 43
00 00 66 43 00 00 66 43 00 00 65 43 00 00 5E 43 00 00 57 43 00 00 52 43 00 00 4C 43 00 00 45 43
00 00 39 43 00 00 32 43 00 00 2F 43 00 00 1E 43 00 00 15 43 00 00 0D 43 00 00 03 43 00 00 E8 42
00 00 C2 42 00 00 B6 42 00 00 9C 42 00 00 78 42 00 00 60 42 00 00 48 42 00 00 30 42 00 00 28 42
00 00 14 42 00 00 F8 41 00 00 04 42 00 00 A0 41 00 00 B0 41 00 00 C8 41 00 00 A8 41 00 00 30 41
00 00 88 41 00 00 98 41 00 00 90 41 00 00 50 41 00 00 50 41 00 00 B0 41 00 00 A0 41 00 00 30 41
00 00 A8 41 00 00 B0 41 00 00 90 41 00 00 50 41 00 00 98 41 00 00 C8 41 00 00 30 41 00 00 88 41
00 00 A8 41 00 00 F8 41 00 00 60 41 00 00 60 41 00 00 88 41 00 00 B0 41 00 00 80 41 00 00 20 41
00 00 98 41 00 00 D8 41 00 00 10 42 00 00 18 42 00 00 4C 42 00 00 7C 42 00 00 AA 42 00 00 EE 42
00 00 12 43 00 00 29 43 00 00 47 43 00 00 69 43 00 00 89 43 00 80 A0 43 00 00 B2 43 00 80 B2 43
00 00 BC 43 00 00 CC 43 00 00 D4 43 00 80 D7 43 00 80 D0 43 00 80 D6 43 00 80 D1 43 00 80 D3 43
00 80 D0 43 00 00 CD 43 00 00 CA 43 00 00 C2 43 00 80 C1 43 00 00 BB 43 00 00 AE 43 00 80 97 43
00 80 8F 43 00 80 8E 43 00 00 6D 43 00 00 4F 43 00 00 31 43 00 00 1E 43 00 00 12 43 00 00 F0 42
00 00 DA 42 00 00 9E 42 00 00 86 42 00 00 82 42 00 00 7C 42 00 00 5C 42 00 00 30 42 00 00 28 42
00 00 3C 42 00 00 78 42 00 00 68 42 00 00 88 42 00 00 B2 42 00 00 CE 42 00 00 F8 42 00 00 06 43
00 00 1F 43 00 00 32 43 00 00 49 43 00 00 5A 43 00 00 68 43 00 00 72 43 00 00 82 43 00 00 8E 43
00 00 91 43 00 80 95 43 00 80 99 43 00 00 9B 43 00 80 A1 43 00 80 A6 43 00 00 A3 43 00 00 A4 43
00 80 A4 43 00 80 9E 43 00 00 9D 43 00 00 99 43 00 00 8F 43 00 00 8B 43 00 00 84 43 00 00 7A 43
00 00 72 43 00 00 67 43 00 00 5E 43 00 00 55 43 00 00 50 43 00 00 46 43 00 00 41 43 00 00 42 43
00 00 45 43 00 00 3F 43 00 00 3D 43 00 00 3C 43 00 00 41 43 00 00 3C 43 00 00 44 43 00 00 50 43
00 00 59 43 00 00 60 43 00 00 71 43 00 80 80 43 00 80 86 43 00 00 8B 43 00 00 91 43 00 80 95 43
00 80 9C 43 00 80 9E 43 00 80 A1 43 00 80 A6 43 00 80 A9 43 00 80 B0 43 00 80 B2 43 00 00 B4 43
00 80 B2 43 00 80 B5 43 00 00 B5 43 00 80 B7 43 00 00 AF 43 00 00 AE 43 00 00 AB 43 00 00 A8 43
00 00 A6 43 00 80 A0 43 00 00 9D 43 00 00 99 43 00 80 93 43 00 00 95 43 00 80 90 43 00 00 89 43
00 00 7E 43 00 00 79 43 00 00 68 43 00 00 5A 43 00 00 4D 43 00 00 46 43 00 00 3A 43 00 00 35 43
00 00 3B 43 00 00 33 43 00 00 2D 43 00 00 36 43 00 00 3D 43 00 00 3F 43 00 00 43 43 00 00 41 43
00 00 50 43 00 00 5A 43 00 00 5D 43 00 00 67 43 00 00 71 43 00 00 7C 43 00 80 83 43 00 00 8A 43
00 00 8F 43 00 80 93 43 00 80 94 43 00 00 98 43 00 80 9B 43 00 00 9C 43 00 80 99 43 00 80 9B 43
00 80 9A 43 00 80 95 43 00 80 92 43 00 80 8E 43 00 00 8E 43 00 00 89 43 00 80 83 43 00 80 82 43
00 00 82 43 00 00 77 43 00 00 6B 43 00 00 64 43 00 00 62 43 00 00 5D 43 00 00 5D 43 00 00 55 43
00 00 4A 43 00 00 49 43 00 00 48 43 00 00 4F 43 00 00 50 43 00 00 4B 43 00 00 52 43 00 00 5F 43
00 00 62 43 00 00 5F 43 00 00 69 43 00 00 75 43 00 00 79 43 00 00 77 43 00 00 7C 43 00 00 82 43
00 00 88 43 00 00 8D 43 00 00 90 43 00 80 92 43 00 00 98 43 00 80 9D 43 00 00 A2 43 00 00 A3 43
00 00 A1 43 00 80 9D 43 00 80 9B 43 00 00 9C 43 00 80 98 43 00 00 93 43 00 80 8B 43 00 00 8C 43
00 80 88 43 00 00 84 43 00 00 76 43 00 00 74 43 00 00 68 43 00 00 5C 43 00 00 49 43 00 00 40 43
00 00 34 43 00 00 29 43 00 00 26 43 00 00 23 43 00 00 1E 43 00 00 15 43 00 00 19 43 00 00 21 43
00 00 1C 43 00 00 1B 43 00 00 18 43 00 00 18 43 00 00 1C 43 00 00 20 43 00 00 26 43 00 00 25 43
00 00 31 43 00 00 44 43 00 00 48 43 00 00 4C 43 00 00 5F 43 00 00 69 43 00 00 72 43 00 00 7B 43
00 00 83 43 00 80 87 43 00 80 8A 43 00 80 8B 43 00 00 98 43 00 00 99 43 00 00 94 43 00 00 9A 43
00 80 A2 43 00 80 9E 43 00 80 98 43 00 80 9C 43 00 00 A3 43 00 80 A0 43 00 00 9B 43 00 80 9E 43
00 80 A8 43 00 80 AD 43 00 80 A7 43 00 00 A7 43 00 00 AB 43 00 80 A8 43 00 80 AB 43 00 80 AC 43
00 80 A5 43 00 00 A0 43 00 80 9F 43 00 00 A1 43 00 80 A6 43 00 00 9D 43 00 00 9A 43 00 00 A0 43
00 80 A4 43 00 80 95 43 00 00 9B 43 00 00 93 43 00 00 9A 43 00 80 99 43 00 80 8C 43 00 00 95 43
00 00 8A 43 00 80 8A 43 00 00 96 43 00 00 8E 43 00 80 8E 43 00 80 8B 43 00 00 8B 43 00 80 90 43
00 00 88 43 00 80 86 43 00 00 8A 43 00 80 85 43 00 80 8A 43 00 00 90 43 00 00 8C 43 00 80 94 43
00 00 95 43 00 80 94 43 00 00 9E 43 00 00 9B 43 00 80 9F 43 00 80 A4 43 00 80 A4 43 00 00 A4 43
00 80 A6 43 00 80 A9 43 00 80 AF 43 00 00 B2 43 00 80 AE 43 00 80 B3 43 00 80 B3 43 00 00 AF 43
00 80 B3 43 00 00 B2 43 00 80 B1 43 00 80 B3 43 00 80 B0 43 00 80 B0 43 00 80 B0 43 00 80 AC 43
00 80 AA 43 00 00 AB 43 00 80 A5 43 00 80 A1 43 00 00 A1 43 00 80 9A 43 00 80 98 43 00 00 95 43
00 80 8F 43 00 80 8D 43 00 00 8B 43 00 80 8A 43 00 00 85 43 00 80 83 43 00 80 83 43 00 00 81 43
00 00 83 43 00 00 7D 43 00 00 82 43 00 00 82 43 00 80 81 43 00 80 89 43 00 00 89 43 00 00 8C 43
00 80 8F 43 00 80 92 43 00 00 94 43 00 00 9A 43 00 00 9B 43 00 00 A2 43 00 00 A3 43 00 80 A6 43
00 00 AB 43 00 00 B1 43 00 80 B4 43 00 00 B3 43 00 80 B9 43 00 80 B8 43 00 00 BB 43 00 80 BD 43
00 00 B9 43 00 00 BA 43 00 80 BA 43 00 00 B5 43 00 00 B5 43 00 00 B2 43 00 80 B0 43 00 00 AD 43
00 00 A8 43 00 80 A6 43 00 00 A3 43 00 80 9F 43 00 00 9A 43 00 00 93 43 00 00 90 43 00 80 8B 43
00 00 84 43 00 00 7C 43 00 00 70 43 00 00 68 43 00 00 5D 43 00 00 50 43 00 00 47 43 00 00 3E 43
00 00 35 43 00 00 31 43 00 00 27 43 00 00 23 43 00 00 1F 43 00 00 19 43 00 00 1E 43 00 00 1A 43
00 00 1A 43 00 00 1E 43 00 00 24 43 00 00 2C 43 00 00 30 43 00 00 39 43 00 00 3D 43 00 00 49 43
00 00 4C 43 00 00 54 43 00 00 5A 43 00 00 5D 43 00 00 60 43 00 00 61 43 00 00 68 43 00 00 6C 43
00 00 6B 43 00 00 69 43 00 00 69 43 00 00 6E 43 00 00 6B 43 00 00 6F 43 00 00 6D 43 00 00 63 43
00 00 69 43 00 00 5C 43 00 00 5B 43 00 00 56 43 00 00 4D 43 00 00 46 43 00 00 45 43 00 00 3F 43
00 00 3D 43 00 00 3A 43 00 00 39 43 00 00 35 43 00 00 33 43 00 00 35 43 00 00 33 43 00 00 37 43
00 00 34 43 00 00 34 43 00 00 3C 43 00 00 40 43 00 00 47 43 00 00 4E 43 00 00 4C 43 00 00 53 43
00 00 5A 43 00 00 5D 43 00 00 67 43 00 00 65 43 00 00 68 43 00 00 63 43 00 00 66 43 00 00 63 43
00 00 62 43 00 00 62 43 00 00 5D 43 00 00 59 43 00 00 57 43 00 00 52 43 00 00 4E 43 00 00 44 43
00 00 40 43 00 00 39 43 00 00 2C 43 00 00 22 43 00 00 19 43 00 00 0D 43 00 00 FC 42 00 00 EC 42
00 00 CC 42 00 00 BC 42 00 00 B2 42 00 00 AE 42 00 00 8C 42 00 00 8C 42 00 00 82 42 00 00 84 42
00 00 60 42 00 00 44 42 00 00 50 42 00 00 2C 42 00 00 30 42 00 00 18 42 00 00 0C 42 00 00 10 42
00 00 F0 41 00 00 38 42 00 00 34 42 00 00 0C 42 00 00 14 42 00 00 28 42 00 00 38 42 00 00 18 42
00 00 18 42 00 00 1C 42 00 00 44 42 00 00 18 42 00 00 14 42 00 00 38 42 00 00 40 42 00 00 48 42
00 00 4C 42 00 00 78 42 00 00 3C 42 00 00 2C 42 00 00 28 42 00 00 34 42 00 00 18 42 00 00 80 41
00 00 D0 41 00 00 B0 41 00 00 98 41 00 00 40 41 00 00 70 41 00 00 D0 41 00 00 38 42 00 00 7C 42
00 00 D6 42 00 00 0E 43 00 00 13 43 00 00 40 43 00 00 66 43 00 80 84 43 00 80 92 43 00 00 9E 43
00 80 B0 43 00 00 B4 43 00 80 B7 43 00 80 BA 43 00 80 C4 43 00 80 C8 43 00 00 CD 43 00 80 D2 43
00 80 CE 43 00 80 D1 43 00 00 CA 43 00 00 D5 43 00 00 D1 43 00 80 C2 43 00 00 BA 43 00 00 B6 43
00 00 AA 43 00 80 9A 43 00 80 91 43 00 80 86 43 00 00 6F 43 00 00 5E 43 00 00 49 43 00 00 35 43
00 00 15 43 00 00 0A 43 00 00 EA 42 00 00 C6 42 00 00 A2 42 00 00 78 42 00 00 64 42 00 00 44 42
00 00 3C 42 00 00 14 42 00 00 48 42 00 00 70 42 00 00 84 42 00 00 B4 42 00 00 C4 42 00 00 D6 42
00 00 F2 42 00 00 14 43 00 00 21 43 00 00 2E 43 00 00 41 43 00 00 4C 43 00 00 57 43 00 00 62 43
00 00 79 43 00 80 84 43 00 80 88 43 00 80 8E 43 00 80 93 43 00 00 98 43 00 00 9A 43 00 00 9C 43
00 00 9B 43 00 80 9C 43 00 00 97 43 00 80 92 43 00 80 8E 43 00 00 89 43 00 80 82 43 00 00 7A 43
00 00 76 43 00 00 68 43 00 00 66 43 00 00 5D 43 00 00 4C 43 00 00 49 43 00 00 43 43 00 00 3D 43
00 00 36 43 00 00 31 43 00 00 2D 43 00 00 29 43 00 00 35 43 00 00 37 43 00 00 39 43 00 00 41 43
00 00 4E 43 00 00 52 43 00 00 5F 43 00 00 69 43 00 00 71 43 00 00 7A 43 00 00 79 43 00 80 85 43
00 00 89 43 00 00 90 43 00 80 95 43 00 00 9A 43 00 00 9D 43 00 00 A1 43 00 00 A5 43 00 00 A9 43
00 00 A9 43 00 00 A8 43 00 80 AB 43 00 80 A7 43 00 00 A7 43 00 80 A6 43 00 00 A2 43 00 80 9F 43
00 80 9B 43 00 00 99 43 00 00 94 43 00 00 93 43 00 80 91 43 00 00 89 43 00 00 84 43 00 00 7D 43
00 00 72 43 00 00 64 43 00 00 59 43 00 00 4D 43 00 00 3F 43 00 00 3B 43 00 00 31 43 00 00 28 43
00 00 27 43 00 00 27 43 00 00 25 43 00 00 20 43 00 00 24 43 00 00 29 43 00 00 33 43 00 00 3A 43
00 00 38 43 00 00 38 43 00 00 49 43 00 00 5D 43 00 00 6A 43 00 00 6F 43 00 00 79 43 00 80 81 43
00 00 8D 43 00 00 91 43 00 80 90 43 00 00 94 43 00 00 98 43 00 00 9A 43 00 00 98 43 00 80 93 43
00 00 92 43 00 80 8E 43 00 80 8F 43 00 00 8D 43 00 80 8B 43 00 00 84 43 00 80 82 43 00 80 84 43
00 00 7A 43 00 00 6B 43 00 00 5C 43 00 00 59 43 00 00 54 43 00 00 47 43 00 00 42 43 00 00 40 43
00 00 3C 43 00 00 3D 43 00 00 41 43 00 00 3E 43 00 00 42 43 00 00 43 43 00 00 4D 43 00 00 46 43
00 00 44 43 00 00 45 43 00 00 56 43 00 00 55 43 00 00 52 43 00 00 60 43 00 00 68 43 00 00 76 43
00 80 81 43 00 00 87 43 00 80 8B 43 00 80 8D 43 00 80 94 43 00 80 98 43 00 00 99 43 00 00 98 43
00 00 97 43 00 00 99 43 00 80 98 43 00 00 94 43 00 80 91 43 00 00 8D 43 00 00 87 43 00 80 84 43
00 00 82 43 00 00 74 43 00 00 61 43 00 00 55 43 00 00 52 43 00 00 45 43 00 00 32 43 00 00 2D 43
00 00 29 43 00 00 1F 43 00 00 1A 43 00 00 14 43 00 00 10 43 00 00 08 43 00 00 06 43 00 00 0A 43
00 00 0B 43 00 00 05 43 00 00 06 43 00 00 0D 43 00 00 0F 43 00 00 12 43 00 00 13 43 00 00 19 43
00 00 20 43 00 00 2E 43 00 00 35 43 00 00 44 43 00 00 49 43 00 00 57 43 00 00 63 43 00 00 6B 43
00 00 7C 43 00 80 85 43 00 00 89 43 00 00 8E 43 00 80 91 43 00 00 8B 43 00 00 91 43 00 00 94 43
00 80 97 43 00 80 92 43 00 80 90 43 00 00 91 43 00 80 98 43 00 80 98 43 00 80 96 43 00 00 9A 43
00 80 9C 43 00 80 99 43 00 00 9B 43 00 00 99 43 00 00 97 43 00 00 9A 43 00 00 98 43 00 80 96 43
00 80 93 43 00 80 91 43 00 80 92 43 00 80 98 43 00 80 93 43 00 80 8F 43 00 80 8F 43 00 00 90 43
00 80 8F 43 00 00 8E 43 00 80 86 43 00 80 8C 43 00 80 84 43 00 80 85 43 00 00 87 43 00 80 81 43
00 00 86 43 00 00 87 43 00 00 83 43 00 00 87 43 00 80 80 43 00 80 84 43 00 80 86 43 00 80 83 43
00 80 81 43 00 80 81 43 00 80 81 43 00 00 85 43 00 80 84 43 00 80 83 43 00 80 8A 43 00 80 85 43
00 80 87 43 00 80 8D 43 00 00 8D 43 00 80 8F 43 00 80 93 43 00 00 92 43 00 00 96 43 00 80 99 43
00 00 96 43 00 00 9C 43 00 80 9D 43 00 80 9E 43 00 00 A0 43 00 80 A0 43 00 00 A1 43 00 00 A4 43
00 80 A4 43 00 80 A6 43 00 00 A8 43 00 80 A5 43 00 80 A5 43 00 00 A7 43 00 80 A4 43 00 00 A6 43
00 80 A3 43 00 80 A0 43 00 00 9F 43 00 80 9D 43 00 00 9B 43 00 00 98 43 00 00 97 43 00 00 94 43
00 00 91 43 00 80 8C 43 00 00 89 43 00 00 84 43 00 00 83 43 00 00 7F 43 00 00 7C 43 00 00 77 43
00 00 71 43 00 00 71 43 00 00 70 43 00 00 70 43 00 00 77 43 00 00 7A 43 00 00 7A 43 00 00 80 43
00 80 83 43 00 80 85 43 00 00 88 43 00 80 86 43 00 80 8B 43 00 80 8C 43 00 80 90 43 00 00 95 43
00 00 97 43 00 80 99 43 00 80 9F 43 00 00 A2 43 00 00 A1 43 00 00 A5 43 00 00 A8 43 00 80 A9 43
00 00 AA 43 00 80 AA 43 00 80 AA 43 00 00 AD 43 00 00 AC 43 00 80 AC 43 00 80 AC 43 00 80 AC 43
00 80 AA 43 00 80 A7 43 00 80 A4 43 00 80 9F 43 00 00 9B 43 00 00 96 43 00 80 91 43 00 80 89 43
00 00 84 43 00 00 7C 43 00 00 72 43 00 00 6C 43 00 00 5F 43 00 00 56 43 00 00 4E 43 00 00 45 43
00 00 3E 43 00 00 35 43 00 00 2F 43 00 00 29 43 00 00 25 43 00 00 23 43 00 00 24 43 00 00 21 43
00 00 9D 43 00 00 98 43 00 80 90 43 00 00 8E 43 00 00 86 43 00 80 83 43 00 00 7E 43 00 00 6A 43
00 00 68 43 00 00 5C 43 00 00 4F 43 00 00 4A 43 00 00 3F 43 00 00 39 43 00 00 3D 43 00 00 33 43
00 00 30 43 00 00 30 43 00 00 2B 43 00 00 32 43 00 00 38 43 00 00 3B 43 00 00 42 43 00 00 46 43
00 00 4C 43 00 00 4A 43 00 00 4B 43 00 00 50 43 00 00 55 43 00 00 56 43 00 00 54 43 00 00 53 43
00 00 5C 43 00 00 5B 43 00 00 62 43 00 00 65 43 00 00 6B 43 00 00 6E 43 00 00 6E 43 00 00 73 43
00 00 74 43 00 00 72 43 00 00 6F 43 00 00 72 43 00 00 6F 43 00 00 68 43 00 00 67 43 00 00 60 43
00 00 63 43 00 00 5B 43 00 00 5A 43 00 00 54 43 00 00 50 43 00 00 4E 43 00 00 4B 43 00 00 47 43
00 00 4A 43 00 00 4B 43 00 00 50 43 00 00 52 43 00 00 57 43 00 00 55 43 00 00 5D 43 00 00 5E 43
00 00 61 43 00 00 66 43 00 00 67 43 00 00 5E 43 00 00 5C 43 00 00 5D 43 00 00 5C 43 00 00 59 43
00 00 52 43 00 00 4E 43 00 00 49 43 00 00 40 43 00 00 3B 43 00 00 31 43 00 00 32 43 00 00 33 43
00 00 2B 43 00 00 23 43 00 00 19 43 00 00 11 43 00 00 0B 43 00 00 FA 42 00 00 E6 42 00 00 D0 42
00 00 B6 42 00 00 9E 42 00 00 98 42 00 00 88 42 00 00 7C 42 00 00 70 42 00 00 6C 42 00 00 5C 42
00 00 44 42 00 00 0C 42 00 00 14 42 00 00 18 42 00 00 08 42 00 00 D8 41 00 00 F8 41 00 00 04 42
00 00 E8 41 00 00 B8 41 00 00 F8 41 00 00 08 42 00 00 D8 41 00 00 E0 41 00 00 B8 41 00 00 A8 41
00 00 70 41 00 00 80 40 00 00 E0 40 00 00 00 00 00 00 40 C1 00 00 C0 C0 00 00 00 00 00 00 80 C0
00 00 30 C1 00 00 20 C1 00 00 20 C1 00 00 C0 C0 00 00 40 C1 00 00 60 C1 00 00 A0 C0 00 00 00 40
00 00 E0 40 00 00 70 41 00 00 18 42 00 00 60 42 00 00 AC 42 00 00 FA 42 00 00 21 43 00 00 40 43
00 00 68 43 00 00 8D 43 00 00 A4 43 00 80 BC 43 00 00 D0 43 00 00 D8 43 00 80 E3 43 00 80 EF 43
00 00 F9 43 00 00 FC 43 00 00 F7 43 00 00 F8 43 00 00 F4 43 00 00 F2 43 00 00 F1 43 00 00 EA 43
00 80 E0 43 00 00 DC 43 00 00 D8 43 00 00 CC 43 00 00 BD 43 00 00 A6 43 00 80 9C 43 00 00 90 43
00 00 71 43 00 00 52 43 00 00 2C 43 00 00 17 43 00 00 FC 42 00 00 DA 42 00 00 B0 42 00 00 6C 42
00 00 40 42 00 00 14 42 00 00 00 42 00 00 80 41 00 00 C0 40 00 00 80 3F 00 00 40 41 00 00 00 42
00 00 10 42 00 00 74 42 00 00 AA 42 00 00 D6 42 00 00 03 43 00 00 1B 43 00 00 34 43 00 00 4D 43
00 00 5F 43 00 00 74 43 00 80 81 43 00 80 84 43 00 80 91 43 00 00 9D 43 00 80 A0 43 00 00 A9 43
00 00 AE 43 00 00 B0 43 00 80 BA 43 00 00 BB 43 00 00 B8 43 00 80 B8 43 00 00 B7 43 00 00 B1 43
00 80 AF 43 00 80 A9 43 00 00 A1 43 00 00 9D 43 00 00 97 43 00 00 91 43 00 00 8A 43 00 00 83 43
00 00 77 43 00 00 6B 43 00 00 60 43 00 00 54 43 00 00 4A 43 00 00 46 43 00 00 41 43 00 00 38 43
00 00 37 43 00 00 37 43 00 00 41 43 00 00 45 43 00 00 4D 43 00 00 54 43 00 00 58 43 00 00 6C 43
00 00 7A 43 00 80 83 43 00 00 8B 43 00 00 90 43 00 00 96 43 00 80 9C 43 00 80 A1 43 00 00 A3 43
00 80 A9 43 00 00 AC 43 00 80 AE 43 00 80 B5 43 00 00 B9 43 00 80 BA 43 00 80 BD 43 00 80 BC 43
00 00 BF 43 00 00 BD 43 00 80 B7 43 00 00 B7 43 00 80 B0 43 00 00 AF 43 00 80 AE 43 00 80 AB 43
00 80 A6 43 00 80 A2 43 00 80 A0 43 00 80 A0 43 00 00 9C 43 00 00 96 43 00 80 8F 43 00 00 8A 43
00 00 82 43 00 00 7A 43 00 00 6A 43 00 00 68 43 00 00 53 43 00 00 54 43 00 00 56 43 00 00 48 43
00 00 47 43 00 00 4D 43 00 00 54 43 00 00 55 43 00 00 51 43 00 00 55 43 00 00 62 43 00 00 67 43
00 00 6C 43 00 00 79 43 00 80 83 43 00 80 87 43 00 00 8D 43 00 00 90 43 00 00 96 43 00 00 9B 43
00 80 9D 43 00 80 9E 43 00 00 A2 43 00 80 9E 43 00 80 9B 43 00 80 9C 43 00 80 96 43 00 80 92 43
00 80 90 43 00 80 8F 43 00 80 8C 43 00 80 83 43 00 80 81 43 00 80 82 43 00 00 82 43 00 00 79 43
00 00 72 43 00 00 71 43 00 00 6C 43 00 00 68 43 00 00 64 43 00 00 5C 43 00 00 5A 43 00 00 57 43
00 00 5B 43 00 00 63 43 00 00 64 43 00 00 67 43 00 00 6E 43 00 00 78 43 00 00 79 43 00 00 7D 43
00 00 7E 43 00 80 85 43 00 00 87 43 00 80 86 43 00 00 8C 43 00 00 90 43 00 80 98 43 00 80 9F 43
00 80 A2 43 00 80 A6 43 00 00 AC 43 00 80 AD 43 00 80 B0 43 00 00 B1 43 00 00 AE 43 00 80 A9 43
00 80 A6 43 00 00 A4 43 00 00 A2 43 00 80 9C 43 00 80 96 43 00 00 97 43 00 80 94 43 00 00 90 43
00 00 8B 43 00 00 84 43 00 00 7B 43 00 00 6E 43 00 00 5F 43 00 00 58 43 00 00 4A 43 00 00 44 43
00 00 40 43 00 00 41 43 00 00 31 43 00 00 2D 43 00 00 2E 43 00 00 2D 43 00 00 2D 43 00 00 27 43
00 00 26 43 00 00 26 43 00 00 23 43 00 00 2A 43 00 00 30 43 00 00 2C 43 00 00 3B 43 00 00 4B 43
00 00 55 43 00 00 5B 43 00 00 66 43 00 00 79 43 00 00 80 43 00 00 85 43 00 80 8A 43 00 00 8A 43
00 80 90 43 00 00 96 43 00 80 9E 43 00 80 9E 43 00 00 9E 43 00 00 A5 43 00 00 AB 43 00 80 A7 43
00 00 A6 43 00 80 AC 43 00 80 AF 43 00 80 AE 43 00 00 AA 43 00 80 AE 43 00 00 B6 43 00 80 B6 43
00 80 B7 43 00 00 B5 43 00 80 B6 43 00 00 B5 43 00 80 B5 43 00 00 BE 43 00 00 B0 43 00 00 AE 43
00 00 AF 43 00 00 AF 43 00 00 B3 43 00 80 AB 43 00 00 AB 43 00 80 B2 43 00 00 AB 43 00 80 A8 43
00 80 A6 43 00 80 A0 43 00 80 A8 43 00 80 9E 43 00 80 9B 43 00 80 9A 43 00 80 92 43 00 00 98 43
00 80 9A 43 00 00 97 43 00 00 95 43 00 00 8E 43 00 80 92 43 00 00 91 43 00 00 8D 43 00 00 91 43
00 80 8E 43 00 00 90 43 00 00 97 43 00 80 96 43 00 00 9C 43 00 80 A2 43 00 80 A1 43 00 80 A2 43
00 00 A7 43 00 80 A5 43 00 80 A7 43 00 80 AA 43 00 00 A9 43 00 80 A9 43 00 80 AC 43 00 80 AC 43
00 00 B1 43 00 80 B2 43 00 80 B5 43 00 80 B9 43 00 00 B5 43 00 00 B8 43 00 00 BC 43 00 80 B9 43
00 00 BA 43 00 80 B9 43 00 00 B8 43 00 80 BB 43 00 00 B9 43 00 00 B5 43 00 00 B6 43 00 00 B2 43
00 00 AD 43 00 00 AA 43 00 80 A4 43 00 80 A1 43 00 80 9E 43 00 00 9A 43 00 80 95 43 00 80 92 43
00 80 94 43 00 00 93 43 00 00 90 43 00 80 90 43 00 00 8E 43 00 80 8E 43 00 00 8E 43 00 80 8C 43
00 00 8D 43 00 80 88 43 00 00 8C 43 00 80 90 43 00 00 8E 43 00 00 90 43 00 00 90 43 00 00 94 43
00 00 96 43 00 00 96 43 00 80 9A 43 00 00 9B 43 00 00 9E 43 00 80 A3 43 00 80 A6 43 00 80 A7 43
00 00 AD 43 00 00 B2 43 00 80 B3 43 00 80 B4 43 00 00 B8 43 00 80 B9 43 00 80 B9 43 00 00 B8 43
00 80 B5 43 00 00 B7 43 00 80 B5 43 00 00 B2 43 00 80 B1 43 00 80 AC 43 00 80 AA 43 00 80 AC 43
00 00 A7 43 00 00 A4 43 00 00 A2 43 00 00 9C 43 00 80 99 43 00 80 94 43 00 00 8F 43 00 80 8A 43
00 80 82 43 00 00 7D 43 00 00 73 43 00 00 63 43 00 00 5E 43 00 00 51 43 00 00 44 43 00 00 3D 43
00 00 2F 43 00 00 2E 43 00 00 23 43 00 00 18 43 00 00 1E 43 00 00 15 43 00 00 13 43 00 00 11 43
00 00 13 43 00 00 1A 43 00 00 1C 43 00 00 24 43 00 00 27 43 00 00 2E 43 00 00 37 43 00 00 3C 43
00 00 3E 43 00 00 44 43 00 00 49 43 00 00 50 43 00 00 51 43 00 00 55 43 00 00 58 43 00 00 5A 43
00 00 60 43 00 00 62 43 00 00 6A 43 00 00 69 43 00 00 6B 43 00 00 6C 43 00 00 6D 43 00 00 6E 43
00 00 6E 43 00 00 6A 43 00 00 64 43 00 00 5E 43 00 00 5D 43 00 00 58 43 00 00 53 43 00 00 4F 43
00 00 4B 43 00 00 45 43 00 00 42 43 00 00 3E 43 00 00 37 43 00 00 38 43 00 00 35 43 00 00 38 43
00 00 38 43 00 00 37 43 00 00 3E 43 00 00 3E 43 00 00 48 43 00 00 4A 43 00 00 49 43 00 00 4E 43
00 00 4E 43 00 00 50 43 00 00 4B 43 00 00 4A 43 00 00 48 43 00 00 44 43 00 00 42 43 00 00 40 43
00 00 3D 43 00 00 36 43 00 00 36 43 00 00 33 43 00 00 2F 43 00 00 2D 43 00 00 27 43 00 00 25 43
00 00 1A 43 00 00 12 43 00 00 0B 43 00 00 01 43 00 00 E6 42 00 00 D0 42 00 00 BE 42 00 00 AC 42
00 00 A0 42 00 00 90 42 00 00 74 42 00 00 6C 42 00 00 58 42 00 00 50 42 00 00 2C 42 00 00 20 42
00 00 18 42 00 00 04 42 00 00 F8 41 00 00 E8 41 00 00 D0 41 00 00 90 41 00 00 B0 41 00 00 E8 41
00 00 C0 41 00 00 A8 41 00 00 70 41 00 00 B8 41 00 00 40 41 00 00 00 C0 00 00 40 40 00 00 80 3F
00 00 80 C0 00 00 20 C1 00 00 40 C1 00 00 E0 C0 00 00 C0 C0 00 00 30 C1 00 00 A0 C0 00 00 40 C0
00 00 50 C1 00 00 30 C1 00 00 88 C1 00 00 40 C1 00 00 E8 C1 00 00 14 C2 00 00 18 C2 00 00 30 C2
00 00 14 C2 00 00 20 C2 00 00 E8 C1 00 00 80 C1 00 00 00 40 00 00 20 42 00 00 AA 42 00 00 F0 42
00 00 14 43 00 00 40 43 00 00 77 43 00 00 90 43 00 00 9C 43 00 00 AE 43 00 00 BC 43 00 80 BE 43
00 00 C6 43 00 80 CC 43 00 00 D4 43 00 80 D6 43 00 00 DD 43 00 80 DD 43 00 80 DC 43 00 00 D7 43
00 80 D3 43 00 00 D9 43 00 00 CB 43 00 80 BF 43 00 00 B4 43 00 00 A9 43 00 00 9B 43 00 00 8D 43
00 80 80 43 00 00 64 43 00 00 47 43 00 00 33 43 00 00 1A 43 00 00 FC 42 00 00 B6 42 00 00 94 42
00 00 34 42 00 00 60 41 00 00 00 C1 00 00 A8 C1 00 00 10 C2 00 00 08 C2 00 00 24 C2 00 00 24 C2
00 00 B8 C1 00 00 80 C1 00 00 00 41 00 00 F8 41 00 00 34 42 00 00 74 42 00 00 9A 42 00 00 CE 42
00 00 F8 42 00 00 0D 43 00 00 1C 43 00 00 2C 43 00 00 40 43 00 00 54 43 00 00 6E 43 00 00 78 43
00 80 83 43 00 80 8A 43 00 80 92 43 00 80 96 43 00 00 9A 43 00 80 9A 43 00 80 9C 43 00 80 9B 43
00 80 95 43 00 00 91 43 00 00 8E 43 00 00 88 43 00 00 7F 43 00 00 7B 43 00 00 6E 43 00 00 5E 43
00 00 58 43 00 00 44 43 00 00 38 43 00 00 2B 43 00 00 20 43 00 00 17 43 00 00 0E 43 00 00 09 43
00 00 FE 42 00 00 00 43 00 00 06 43 00 00 0F 43 00 00 17 43 00 00 1B 43 00 00 26 43 00 00 2D 43
00 00 38 43 00 00 46 43 00 00 4E 43 00 00 53 43 00 00 5D 43 00 00 6D 43 00 00 77 43 00 80 81 43
00 80 87 43 00 80 8D 43 00 00 94 43 00 80 97 43 00 80 9D 43 00 00 A0 43 00 80 9D 43 00 80 9F 43
00 80 9F 43 00 80 9C 43 00 00 9D 43 00 80 9B 43 00 80 99 43 00 00 99 43 00 00 97 43 00 00 94 43
00 00 8F 43 00 80 8E 43 00 80 8A 43 00 80 85 43 00 00 79 43 00 00 70 43 00 00 6A 43 00 00 55 43
00 00 4A 43 00 00 43 43 00 00 3A 43 00 00 2F 43 00 00 29 43 00 00 26 43 00 00 21 43 00 00 22 43
00 00 19 43 00 00 16 43 00 00 16 43 00 00 19 43 00 00 21 43 00 00 25 43 00 00 21 43 00 00 28 43
00 00 35 43 00 00 47 43 00 00 4F 43 00 00 5A 43 00 00 63 43 00 00 72 43 00 80 80 43 00 80 85 43
00 80 86 43 00 00 86 43 00 00 88 43 00 80 88 43 00 80 85 43 00 00 82 43 00 00 7D 43 00 00 78 43
00 00 7A 43 00 00 76 43 00 00 6D 43 00 00 60 43 00 00 5F 43 00 00 60 43 00 00 51 43 00 00 42 43
00 00 37 43 00 00 3C 43 00 00 2D 43 00 00 25 43 00 00 22 43 00 00 23 43 00 00 20 43 00 00 27 43
00 00 25 43 00 00 2C 43 00 00 2F 43 00 00 2F 43 00 00 33 43 00 00 2F 43 00 00 2F 43 00 00 35 43
00 00 40 43 00 00 3F 43 00 00 4A 43 00 00 4E 43 00 00 60 43 00 00 6D 43 00 00 79 43 00 00 83 43
00 00 87 43 00 80 89 43 00 00 8F 43 00 80 92 43 00 80 90 43 00 00 90 43 00 00 8E 43 00 00 8F 43
00 80 8E 43 00 80 8B 43 00 00 86 43 00 80 81 43 00 00 78 43 00 00 71 43 00 00 62 43 00 00 56 43
00 00 43 43 00 00 3C 43 00 00 33 43 00 00 21 43 00 00 12 43 00 00 0D 43 00 00 05 43 00 00 F8 42
00 00 F4 42 00 00 DE 42 00 00 DA 42 00 00 C6 42 00 00 C2 42 00 00 CA 42 00 00 BC 42 00 00 AE 42
00 00 BC 42 00 00 C6 42 00 00 CA 42 00 00 CC 42 00 00 D6 42 00 00 DA 42 00 00 F4 42 00 00 03 43
00 00 0C 43 00 00 16 43 00 00 1F 43 00 00 31 43 00 00 39 43 00 00 47 43 00 00 56 43 00 00 66 43
00 00 68 43 00 00 76 43 00 00 75 43 00 00 76 43 00 00 7B 43 00 80 82 43 00 00 86 43 00 00 81 43
00 00 82 43 00 80 84 43 00 80 88 43 00 80 8C 43 00 80 8D 43 00 00 8F 43 00 80 90 43 00 00 8C 43
00 00 90 43 00 00 8F 43 00 00 8C 43 00 00 8C 43 00 80 8D 43 00 00 89 43 00 00 8B 43 00 80 86 43
00 00 89 43 00 00 8E 43 00 80 89 43 00 00 86 43 00 80 88 43 00 80 83 43 00 00 89 43 00 00 82 43
00 00 7F 43 00 80 82 43 00 00 77 43 00 00 7F 43 00 00 74 43 00 00 70 43 00 00 71 43 00 00 6D 43
00 00 73 43 00 00 69 43 00 00 60 43 00 00 67 43 00 00 67 43 00 00 69 43 00 00 6B 43 00 00 6B 43
00 00 6B 43 00 00 72 43 00 00 6F 43 00 00 72 43 00 00 79 43 00 00 71 43 00 00 7A 43 00 00 80 43
00 00 7E 43 00 00 82 43 00 00 83 43 00 00 83 43 00 00 87 43 00 80 84 43 00 80 85 43 00 00 8A 43
00 00 89 43 00 00 8B 43 00 80 8C 43 00 00 8B 43 00 00 91 43 00 00 91 43 00 00 93 43 00 00 98 43
00 00 9A 43 00 80 99 43 00 80 9C 43 00 00 9C 43 00 80 9B 43 00 80 9B 43 00 00 99 43 00 80 95 43
00 80 95 43 00 00 93 43 00 80 90 43 00 80 8E 43 00 00 8F 43 00 80 8E 43 00 00 88 43 00 80 86 43
00 80 83 43 00 00 82 43 00 00 77 43 00 00 70 43 00 00 71 43 00 00 6D 43 00 00 6C 43 00 00 6F 43
00 00 69 43 00 00 70 43 00 00 6D 43 00 00 6B 43 00 00 68 43 00 00 66 43 00 00 67 43 00 00 63 43
00 00 6A 43 00 00 67 43 00 00 70 43 00 00 71 43 00 00 75 43 00 00 80 43 00 00 84 43 00 80 86 43
00 00 8B 43 00 80 8C 43 00 80 90 43 00 80 93 43 00 00 97 43 00 80 99 43 00 00 9B 43 00 80 9B 43
00 80 9C 43 00 80 9D 43 00 80 9B 43 00 80 9E 43 00 80 9D 43 00 00 9E 43 00 00 9E 43 00 00 9B 43
00 80 98 43 00 00 96 43 00 80 90 43 00 00 90 43 00 00 8B 43 00 00 87 43 00 80 81 43 00 00 75 43
00 00 6F 43 00 00 61 43 00 00 56 43 00 00 4D 43 00 00 44 43 00 00 3C 43 00 00 2E 43 00 00 26 43
00 00 1B 43 00 00 12 43 00 00 09 43 00 00 00 43 00 00 F2 42 00 00 EC 42 00 00 EE 42 00 00 E6 42
00 00 65 44 00 80 61 44 00 40 5F 44 00 40 5D 44 00 80 5A 44 00 00 5A 44 00 80 59 44 00 C0 58 44
00 80 58 44 00 40 59 44 00 40 58 44 00 40 57 44 00 00 58 44 00 C0 57 44 00 C0 58 44 00 C0 59 44
00 80 5A 44 00 40 5B 44 00 40 5D 44 00 C0 5D 44 00 80 5E 44 00 C0 5F 44 00 80 61 44 00 40 64 44
00 00 62 44 00 C0 62 44 00 00 63 44 00 40 62 44 00 40 63 44 00 00 62 44 00 00 63 44 00 00 63 44
00 80 62 44 00 00 62 44 00 40 61 44 00 C0 61 44 00 C0 5F 44 00 40 5F 44 00 C0 5E 44 00 80 5E 44
00 00 5D 44 00 40 5C 44 00 C0 5B 44 00 80 5B 44 00 C0 59 44 00 80 58 44 00 C0 58 44 00 C0 58 44
00 00 58 44 00 40 56 44 00 00 56 44 00 80 56 44 00 00 56 44 00 80 56 44 00 00 57 44 00 80 57 44
00 00 59 44 00 C0 59 44 00 40 5A 44 00 40 5B 44 00 40 5C 44 00 C0 5D 44 00 40 5F 44 00 80 5F 44
00 C0 61 44 00 C0 62 44 00 40 63 44 00 40 62 44 00 80 62 44 00 80 62 44 00 00 61 44 00 00 5F 44
00 80 5E 44 00 C0 5D 44 00 C0 5C 44 00 00 5B 44 00 80 58 44 00 40 57 44 00 00 55 44 00 80 51 44
00 80 4F 44 00 C0 4D 44 00 00 4C 44 00 40 48 44 00 80 44 44 00 C0 43 44 00 80 41 44 00 C0 3E 44
00 00 3D 44 00 00 3C 44 00 C0 3A 44 00 80 36 44 00 C0 34 44 00 80 32 44 00 C0 30 44 00 80 2D 44
00 80 2C 44 00 C0 2B 44 00 40 2A 44 00 00 29 44 00 80 28 44 00 40 29 44 00 00 2A 44 00 00 29 44
00 80 2B 44 00 80 2C 44 00 C0 2C 44 00 C0 2B 44 00 40 2D 44 00 80 2E 44 00 C0 2C 44 00 40 2D 44
00 80 2E 44 00 40 30 44 00 00 2C 44 00 80 2B 44 00 C0 29 44 00 80 29 44 00 40 29 44 00 80 27 44
00 80 28 44 00 00 2A 44 00 00 2C 44 00 C0 2D 44 00 00 32 44 00 80 36 44 00 C0 3B 44 00 00 47 44
00 80 4F 44 00 00 59 44 00 C0 62 44 00 00 6D 44 00 00 79 44 00 E0 83 44 00 40 8B 44 00 E0 8D 44
00 20 92 44 00 40 96 44 00 E0 98 44 00 60 9B 44 00 A0 9B 44 00 80 9D 44 00 00 9B 44 00 80 9B 44
00 A0 99 44 00 E0 97 44 00 60 97 44 00 60 94 44 00 A0 92 44 00 20 90 44 00 E0 8D 44 00 E0 87 44
00 60 83 44 00 60 81 44 00 00 76 44 00 40 6D 44 00 00 63 44 00 00 5A 44 00 C0 51 44 00 80 49 44
00 80 44 44 00 C0 3D 44 00 00 38 44 00 00 34 44 00 00 33 44 00 40 31 44 00 40 2E 44 00 00 2F 44
00 00 30 44 00 C0 33 44 00 00 36 44 00 40 39 44 00 40 3F 44 00 40 45 44 00 80 4A 44 00 40 51 44
00 C0 58 44 00 40 5F 44 00 40 68 44 00 C0 6D 44 00 C0 73 44 00 00 79 44 00 C0 7C 44 00 40 81 44
00 E0 82 44 00 20 85 44 00 40 86 44 00 A0 86 44 00 80 88 44 00 E0 88 44 00 20 89 44 00 00 89 44
00 20 89 44 00 60 88 44 00 00 88 44 00 60 87 44 00 00 86 44 00 40 84 44 00 60 82 44 00 60 80 44
00 C0 7C 44 00 C0 79 44 00 00 76 44 00 40 73 44 00 00 70 44 00 00 6D 44 00 00 6C 44 00 00 6B 44
00 C0 69 44 00 80 69 44 00 00 69 44 00 80 68 44 00 80 6A 44 00 C0 69 44 00 40 6B 44 00 80 6D 44
00 C0 6D 44 00 C0 6E 44 00 80 71 44 00 40 74 44 00 40 75 44 00 00 77 44 00 40 7A 44 00 40 7C 44
00 00 7E 44 00 C0 7F 44 00 40 81 44 00 C0 81 44 00 20 83 44 00 A0 84 44 00 80 85 44 00 20 86 44
00 E0 86 44 00 A0 87 44 00 80 87 44 00 00 88 44 00 C0 86 44 00 C0 86 44 00 20 86 44 00 E0 83 44
00 80 83 44 00 E0 82 44 00 E0 80 44 00 C0 7F 44 00 40 7D 44 00 40 7C 44 00 80 7B 44 00 00 7A 44
00 80 77 44 00 C0 76 44 00 80 75 44 00 C0 75 44 00 40 76 44 00 80 76 44 00 00 78 44 00 40 79 44
00 C0 7B 44 00 C0 7C 44 00 40 7D 44 00 80 7F 44 00 40 81 44 00 60 82 44 00 A0 82 44 00 E0 82 44
00 60 83 44 00 C0 83 44 00 A0 83 44 00 20 84 44 00 E0 83 44 00 80 83 44 00 00 84 44 00 80 83 44
00 A0 83 44 00 80 84 44 00 40 84 44 00 A0 84 44 00 A0 84 44 00 60 84 44 00 60 84 44 00 C0 83 44
00 00 83 44 00 40 82 44 00 00 81 44 00 20 80 44 00 00 80 44 00 40 7D 44 00 80 79 44 00 C0 79 44
00 40 7B 44 00 40 7A 44 00 00 78 44 00 C0 76 44 00 00 78 44 00 40 78 44 00 80 79 44 00 00 78 44
00 C0 77 44 00 C0 78 44 00 00 78 44 00 80 7B 44 00 40 7E 44 00 00 7E 44 00 60 80 44 00 C0 82 44
00 C0 83 44 00 40 84 44 00 80 85 44 00 80 86 44 00 C0 87 44 00 00 88 44 00 C0 87 44 00 60 88 44
00 60 89 44 00 C0 89 44 00 80 8A 44 00 E0 8A 44 00 00 8B 44 00 40 8B 44 00 20 8B 44 00 60 8B 44
00 C0 8A 44 00 60 89 44 00 60 88 44 00 A0 87 44 00 E0 86 44 00 C0 85 44 00 A0 84 44 00 60 83 44
00 60 82 44 00 00 82 44 00 20 81 44 00 20 81 44 00 80 7E 44 00 40 7E 44 00 40 7C 44 00 80 7A 44
00 80 77 44 00 C0 75 44 00 40 76 44 00 80 75 44 00 80 74 44 00 80 73 44 00 80 72 44 00 00 73 44
00 40 74 44 00 C0 73 44 00 40 74 44 00 00 75 44 00 C0 75 44 00 00 77 44 00 C0 79 44 00 00 79 44
00 40 7B 44 00 40 7F 44 00 60 80 44 00 A0 81 44 00 A0 82 44 00 E0 83 44 00 60 85 44 00 E0 85 44
00 A0 86 44 00 A0 87 44 00 C0 87 44 00 80 87 44 00 20 89 44 00 20 89 44 00 20 87 44 00 60 87 44
00 00 88 44 00 60 87 44 00 40 86 44 00 A0 85 44 00 20 87 44 00 80 87 44 00 40 86 44 00 60 87 44
00 20 89 44 00 E0 8B 44 00 A0 8B 44 00 80 8C 44 00 20 8E 44 00 00 8D 44 00 60 8F 44 00 40 91 44
00 80 90 44 00 40 91 44 00 A0 8F 44 00 20 91 44 00 80 92 44 00 60 91 44 00 00 92 44 00 20 92 44
00 E0 93 44 00 E0 91 44 00 C0 92 44 00 60 91 44 00 40 92 44 00 E0 92 44 00 A0 90 44 00 60 92 44
00 40 90 44 00 40 8F 44 00 C0 90 44 00 A0 8F 44 00 40 8F 44 00 E0 8D 44 00 20 8D 44 00 E0 8C 44
00 C0 8C 44 00 C0 8B 44 00 C0 8A 44 00 E0 8A 44 00 60 89 44 00 A0 89 44 00 C0 89 44 00 40 8A 44
00 E0 89 44 00 40 89 44 00 20 8A 44 00 00 8A 44 00 60 8A 44 00 A0 8B 44 00 C0 8B 44 00 20 8C 44
00 60 8C 44 00 60 8C 44 00 80 8D 44 00 C0 8E 44 00 C0 8E 44 00 40 90 44 00 C0 8F 44 00 E0 8F 44
00 40 91 44 00 E0 91 44 00 40 93 44 00 60 93 44 00 C0 93 44 00 00 95 44 00 60 95 44 00 00 96 44
00 60 96 44 00 00 97 44 00 20 97 44 00 C0 96 44 00 60 96 44 00 E0 95 44 00 E0 95 44 00 60 95 44
00 20 95 44 00 00 94 44 00 A0 93 44 00 00 93 44 00 20 92 44 00 A0 91 44 00 80 90 44 00 C0 8F 44
00 C0 8F 44 00 00 8F 44 00 C0 8E 44 00 20 8E 44 00 C0 8C 44 00 40 8D 44 00 40 8D 44 00 00 8D 44
00 60 8C 44 00 80 8B 44 00 60 8B 44 00 E0 8B 44 00 80 8B 44 00 A0 8B 44 00 00 8D 44 00 00 8D 44
00 60 8E 44 00 40 8F 44 00 40 90 44 00 E0 91 44 00 C0 92 44 00 C0 93 44 00 80 94 44 00 60 95 44
00 E0 95 44 00 C0 96 44 00 60 97 44 00 A0 97 44 00 A0 98 44 00 E0 98 44 00 A0 98 44 00 00 98 44
00 C0 97 44 00 00 97 44 00 20 96 44 00 C0 95 44 00 C0 93 44 00 80 93 44 00 20 92 44 00 A0 90 44
00 40 90 44 00 E0 8E 44 00 C0 8D 44 00 40 8C 44 00 A0 8B 44 00 C0 89 44 00 80 88 44 00 40 87 44
00 E0 85 44 00 40 85 44 00 00 84 44 00 60 83 44 00 C0 82 44 00 C0 81 44 00 C0 81 44 00 A0 81 44
00 00 81 44 00 E0 80 44 00 C0 80 44 00 A0 80 44 00 C0 81 44 00 60 82 44 00 80 82 44 00 E0 83 44
00 20 84 44 00 60 85 44 00 40 86 44 00 20 87 44 00 00 88 44 00 00 88 44 00 00 89 44 00 A0 89 44
00 80 89 44 00 20 8A 44 00 20 8A 44 00 C0 8A 44 00 C0 8A 44 00 00 8B 44 00 C0 8A 44 00 60 8A 44
00 60 8A 44 00 60 89 44 00 60 89 44 00 80 88 44 00 20 88 44 00 80 87 44 00 E0 86 44 00 40 86 44
00 20 85 44 00 C0 84 44 00 A0 83 44 00 00 83 44 00 A0 82 44 00 20 82 44 00 80 81 44 00 E0 80 44
00 80 80 44 00 20 80 44 00 A0 80 44 00 60 80 44 00 E0 80 44 00 C0 81 44 00 E0 81 44 00 C0 82 44
00 80 83 44 00 20 84 44 00 60 85 44 00 00 86 44 00 60 86 44 00 40 87 44 00 80 87 44 00 40 88 44
00 C0 88 44 00 C0 88 44 00 80 89 44 00 E0 88 44 00 80 89 44 00 60 89 44 00 E0 88 44 00 00 89 44
00 40 88 44 00 E0 87 44 00 40 87 44 00 00 86 44 00 80 85 44 00 00 84 44 00 C0 82 44 00 80 81 44
00 C0 7F 44 00 80 7D 44 00 40 7A 44 00 C0 78 44 00 C0 73 44 00 C0 72 44 00 80 6F 44 00 40 6E 44
00 80 6C 44 00 00 69 44 00 00 68 44 00 80 65 44 00 C0 63 44 00 80 61 44 00 00 61 44 00 80 5E 44
00 C0 5D 44 00 C0 5E 44 00 00 5F 44 00 C0 5E 44 00 00 5F 44 00 00 61 44 00 40 61 44 00 00 61 44
00 C0 62 44 00 00 62 44 00 00 66 44 00 80 64 44 00 00 63 44 00 80 64 44 00 40 63 44 00 80 63 44
00 80 63 44 00 00 65 44 00 00 62 44 00 40 60 44 00 80 5F 44 00 00 5F 44 00 C0 5C 44 00 40 59 44
00 80 57 44 00 40 57 44 00 00 56 44 00 C0 54 44 00 00 57 44 00 40 58 44 00 00 5D 44 00 40 61 44
00 40 6D 44 00 40 79 44 00 00 7F 44 00 E0 85 44 00 E0 8B 44 00 00 92 44 00 20 97 44 00 60 9C 44
00 60 A2 44 00 00 A5 44 00 40 A8 44 00 C0 A9 44 00 40 AC 44 00 00 AE 44 00 40 AF 44 00 20 B1 44
00 40 B0 44 00 80 B0 44 00 80 AE 44 00 40 AF 44 00 40 AF 44 00 00 AC 44 00 E0 A7 44 00 E0 A5 44
00 40 A2 44 00 00 9D 44 00 A0 99 44 00 00 95 44 00 A0 90 44 00 E0 8B 44 00 20 88 44 00 20 84 44
00 C0 7F 44 00 C0 79 44 00 00 73 44 00 C0 6E 44 00 00 68 44 00 80 62 44 00 40 61 44 00 40 5F 44
00 80 5E 44 00 C0 5D 44 00 C0 5F 44 00 00 62 44 00 80 65 44 00 C0 6C 44 00 40 71 44 00 40 77 44
00 80 7B 44 00 80 81 44 00 80 84 44 00 A0 87 44 00 C0 8A 44 00 40 8D 44 00 60 8F 44 00 00 92 44
00 20 94 44 00 60 97 44 00 E0 99 44 00 20 9B 44 00 E0 9C 44 00 C0 9E 44 00 E0 9F 44 00 60 A0 44
00 20 A1 44 00 00 A1 44 00 20 A0 44 00 00 9F 44 00 40 9E 44 00 80 9C 44 00 A0 9A 44 00 C0 98 44
00 60 97 44 00 60 95 44 00 80 93 44 00 C0 91 44 00 E0 8F 44 00 80 8E 44 00 40 8D 44 00 00 8C 44
00 40 8B 44 00 C0 89 44 00 20 89 44 00 40 88 44 00 00 88 44 00 80 88 44 00 20 88 44 00 20 89 44
00 A0 89 44 00 C0 89 44 00 C0 8A 44 00 C0 8A 44 00 20 8C 44 00 20 8D 44 00 80 8D 44 00 00 8F 44
00 00 90 44 00 C0 91 44 00 60 93 44 00 00 95 44 00 60 96 44 00 00 98 44 00 00 9A 44 00 00 9C 44
00 A0 9C 44 00 60 9D 44 00 80 9D 44 00 40 9D 44 00 80 9D 44 00 60 9D 44 00 E0 9D 44 00 80 9C 44
00 E0 9A 44 00 C0 99 44 00 40 98 44 00 00 97 44 00 A0 95 44 00 C0 94 44 00 20 93 44 00 E0 90 44
00 20 90 44 00 80 8F 44 00 80 8E 44 00 40 8D 44 00 20 8D 44 00 C0 8C 44 00 A0 8C 44 00 60 8C 44
00 40 8D 44 00 20 8E 44 00 E0 8E 44 00 A0 8E 44 00 20 8F 44 00 C0 90 44 00 E0 91 44 00 E0 92 44
00 00 93 44 00 00 93 44 00 E0 92 44 00 20 94 44 00 00 95 44 00 60 95 44 00 A0 95 44 00 00 96 44
00 00 98 44 00 40 98 44 00 20 98 44 00 80 99 44 00 80 99 44 00 00 9A 44 00 80 99 44 00 E0 98 44
00 40 98 44 00 80 98 44 00 00 98 44 00 60 97 44 00 60 97 44 00 E0 95 44 00 40 95 44 00 80 95 44
00 60 94 44 00 A0 92 44 00 80 91 44 00 C0 90 44 00 60 8F 44 00 C0 8E 44 00 E0 8D 44 00 A0 8D 44
00 C0 8C 44 00 40 8C 44 00 20 8C 44 00 80 8C 44 00 A0 8D 44 00 E0 8D 44 00 20 8F 44 00 80 8F 44
00 40 8F 44 00 E0 8F 44 00 20 91 44 00 00 93 44 00 80 93 44 00 80 94 44 00 E0 95 44 00 60 96 44
00 E0 97 44 00 C0 99 44 00 40 9A 44 00 80 9A 44 00 C0 9B 44 00 60 9C 44 00 00 9C 44 00 00 9D 44
00 00 9C 44 00 80 9C 44 00 80 9C 44 00 A0 9B 44 00 C0 9B 44 00 00 9B 44 00 C0 99 44 00 E0 98 44
00 C0 98 44 00 E0 97 44 00 E0 95 44 00 20 95 44 00 A0 94 44 00 E0 92 44 00 C0 91 44 00 20 90 44
00 C0 8F 44 00 00 8E 44 00 80 8C 44 00 80 8B 44 00 80 8A 44 00 60 89 44 00 C0 88 44 00 A0 88 44
00 40 88 44 00 40 88 44 00 00 88 44 00 C0 88 44 00 80 89 44 00 E0 89 44 00 20 8A 44 00 40 8B 44
00 40 8B 44 00 60 8D 44 00 80 8E 44 00 E0 8F 44 00 60 90 44 00 E0 91 44 00 A0 93 44 00 C0 94 44
00 E0 95 44 00 20 97 44 00 00 98 44 00 00 99 44 00 80 99 44 00 A0 98 44 00 20 99 44 00 E0 98 44
00 E0 99 44 00 A0 99 44 00 40 99 44 00 E0 98 44 00 E0 99 44 00 E0 9A 44 00 60 9A 44 00 C0 9B 44
00 00 9D 44 00 40 9C 44 00 60 9D 44 00 C0 9D 44 00 20 9D 44 00 C0 9E 44 00 60 9E 44 00 A0 9E 44
00 C0 9E 44 00 C0 9D 44 00 00 9E 44 00 00 9F 44 00 A0 9E 44 00 00 9F 44 00 C0 9E 44 00 60 9F 44
00 20 9F 44 00 80 9F 44 00 A0 9E 44 00 20 A0 44 00 60 9E 44 00 80 9E 44 00 80 9F 44 00 E0 9D 44
00 A0 9D 44 00 C0 9E 44 00 80 9E 44 00 80 9E 44 00 20 9E 44 00 60 9D 44 00 40 9E 44 00 20 9E 44
00 20 9D 44 00 40 9D 44 00 A0 9C 44 00 C0 9C 44 00 40 9C 44 00 20 9B 44 00 A0 9B 44 00 80 9A 44
00 C0 9A 44 00 A0 9A 44 00 40 9A 44 00 A0 9A 44 00 E0 9A 44 00 80 9A 44 00 C0 9A 44 00 20 9B 44
00 A0 9A 44 00 20 9B 44 00 00 9C 44 00 20 9C 44 00 40 9C 44 00 20 9C 44 00 60 9D 44 00 00 9E 44
00 80 9E 44 00 C0 9F 44 00 80 A0 44 00 20 A1 44 00 A0 A1 44 00 60 A2 44 00 A0 A2 44 00 20 A3 44
00 20 A4 44 00 40 A4 44 00 E0 A4 44 00 20 A5 44 00 C0 A4 44 00 80 A5 44 00 A0 A5 44 00 40 A5 44
00 00 A5 44 00 E0 A4 44 00 80 A4 44 00 20 A4 44 00 A0 A3 44 00 80 A2 44 00 60 A2 44 00 00 A2 44
00 80 A1 44 00 80 A0 44 00 20 A0 44 00 60 9F 44 00 00 9F 44 00 00 9E 44 00 20 9D 44 00 20 9D 44
00 20 9C 44 00 C0 9B 44 00 80 9B 44 00 40 9B 44 00 40 9B 44 00 20 9B 44 00 20 9B 44 00 20 9C 44
00 80 9C 44 00 A0 9C 44 00 A0 9D 44 00 00 9F 44 00 80 9F 44 00 A0 A0 44 00 00 A2 44 00 E0 A1 44
00 E0 A2 44 00 E0 A3 44 00 80 A4 44 00 20 A5 44 00 C0 A4 44 00 C0 A4 44 00 20 A5 44 00 E0 A4 44
00 60 A4 44 00 80 A4 44 00 40 A4 44 00 20 A3 44 00 60 A2 44 00 20 A2 44 00 E0 A0 44 00 00 A0 44
00 E0 9E 44 00 C0 9D 44 00 80 9D 44 00 00 9C 44 00 20 9B 44 00 60 9A 44 00 A0 99 44 00 00 99 44
00 A0 97 44 00 E0 96 44 00 60 96 44 00 C0 95 44 00 60 94 44 00 00 94 44 00 A0 93 44 00 60 93 44
00 E0 92 44 00 A0 92 44 00 20 93 44 00 60 93 44 00 80 93 44 00 20 94 44 00 E0 94 44 00 20 95 44
00 00 8F C3 00 80 92 C3 00 80 99 C3 00 80 9E C3 00 80 A4 C3 00 80 AA C3 00 80 AD C3 00 00 B2 C3
00 80 B8 C3 00 80 B8 C3 00 00 BE C3 00 80 C1 C3 00 00 C2 C3 00 80 C1 C3 00 00 C0 C3 00 00 C0 C3
00 00 BF C3 00 80 BE C3 00 00 BB C3 00 00 BB C3 00 80 B7 C3 00 00 B7 C3 00 80 B5 C3 00 80 B1 C3
00 00 AF C3 00 00 AC C3 00 80 AB C3 00 00 A8 C3 00 80 A6 C3 00 00 A6 C3 00 80 A6 C3 00 00 A8 C3
00 80 A7 C3 00 00 AC C3 00 80 AA C3 00 00 A8 C3 00 80 AC C3 00 80 AC C3 00 00 AE C3 00 00 B2 C3
00 00 B2 C3 00 80 B5 C3 00 80 B8 C3 00 80 BB C3 00 80 C0 C3 00 00 C2 C3 00 80 C4 C3 00 80 C8 C3
00 00 CB C3 00 00 CF C3 00 00 CF C3 00 00 D0 C3 00 80 D1 C3 00 00 D0 C3 00 80 CF C3 00 80 CF C3
00 00 CD C3 00 00 CB C3 00 80 C8 C3 00 80 C6 C3 00 80 C1 C3 00 80 BE C3 00 80 BB C3 00 00 B4 C3
00 00 B4 C3 00 00 B0 C3 00 00 AB C3 00 80 A8 C3 00 80 A7 C3 00 00 A3 C3 00 00 A3 C3 00 80 9F C3
00 80 A2 C3 00 00 A3 C3 00 80 A3 C3 00 80 A6 C3 00 00 A9 C3 00 00 B1 C3 00 00 B3 C3 00 80 B7 C3
00 00 BB C3 00 00 C3 C3 00 80 C9 C3 00 00 D1 C3 00 80 D6 C3 00 80 DE C3 00 00 E6 C3 00 00 EF C3
00 00 F7 C3 00 00 FF C3 00 00 03 C4 00 80 05 C4 00 C0 07 C4 00 C0 09 C4 00 80 0B C4 00 C0 0C C4
00 80 0E C4 00 40 11 C4 00 40 12 C4 00 00 14 C4 00 40 14 C4 00 40 16 C4 00 40 18 C4 00 00 16 C4
00 00 16 C4 00 80 16 C4 00 00 16 C4 00 40 13 C4 00 80 11 C4 00 00 12 C4 00 C0 0F C4 00 40 0F C4
00 00 0E C4 00 80 0E C4 00 C0 0D C4 00 00 0B C4 00 00 0E C4 00 C0 0C C4 00 40 0C C4 00 40 0B C4
00 80 0D C4 00 80 0D C4 00 40 0E C4 00 00 0F C4 00 00 0E C4 00 80 10 C4 00 00 10 C4 00 C0 0D C4
00 80 0C C4 00 C0 0A C4 00 80 07 C4 00 00 04 C4 00 80 FD C3 00 80 E8 C3 00 80 D5 C3 00 00 C6 C3
00 00 B2 C3 00 00 A0 C3 00 00 88 C3 00 00 62 C3 00 00 34 C3 00 00 20 C3 00 00 09 C3 00 00 E4 C2
00 00 C8 C2 00 00 A6 C2 00 00 C2 C2 00 00 B6 C2 00 00 DC C2 00 00 DA C2 00 00 DA C2 00 00 FA C2
00 00 F6 C2 00 00 12 C3 00 00 14 C3 00 00 16 C3 00 00 30 C3 00 00 58 C3 00 00 75 C3 00 00 82 C3
00 00 99 C3 00 00 AA C3 00 80 BE C3 00 00 D1 C3 00 80 D9 C3 00 80 E6 C3 00 80 EC C3 00 00 F9 C3
00 40 00 C4 00 40 02 C4 00 40 01 C4 00 40 02 C4 00 40 04 C4 00 40 05 C4 00 C0 05 C4 00 00 02 C4
00 80 00 C4 00 00 FB C3 00 00 F0 C3 00 80 E6 C3 00 80 DA C3 00 80 D0 C3 00 00 C5 C3 00 00 B8 C3
00 80 AC C3 00 80 A3 C3 00 00 9C C3 00 80 95 C3 00 80 90 C3 00 00 87 C3 00 00 83 C3 00 00 78 C3
00 00 70 C3 00 00 67 C3 00 00 5A C3 00 00 52 C3 00 00 4D C3 00 00 4C C3 00 00 52 C3 00 00 59 C3
00 00 60 C3 00 00 6B C3 00 00 7D C3 00 00 85 C3 00 80 8D C3 00 00 96 C3 00 80 9C C3 00 00 A3 C3
00 80 A8 C3 00 00 AB C3 00 00 AD C3 00 80 B2 C3 00 80 B3 C3 00 80 B2 C3 00 00 B3 C3 00 00 B1 C3
00 80 B1 C3 00 80 B4 C3 00 00 B3 C3 00 00 B5 C3 00 00 B5 C3 00 80 B1 C3 00 80 B0 C3 00 00 AE C3
00 00 A6 C3 00 00 A1 C3 00 00 9C C3 00 00 95 C3 00 80 8E C3 00 00 89 C3 00 80 81 C3 00 00 7A C3
00 00 6D C3 00 00 6A C3 00 00 5B C3 00 00 52 C3 00 00 4B C3 00 00 3F C3 00 00 38 C3 00 00 34 C3
00 00 36 C3 00 00 34 C3 00 00 3D C3 00 00 48 C3 00 00 51 C3 00 00 62 C3 00 00 6B C3 00 00 76 C3
00 80 82 C3 00 80 88 C3 00 80 8F C3 00 00 91 C3 00 00 94 C3 00 80 94 C3 00 80 99 C3 00 00 9B C3
00 00 9B C3 00 80 9C C3 00 80 9D C3 00 00 9E C3 00 00 A0 C3 00 80 A2 C3 00 80 A5 C3 00 80 A7 C3
00 00 AB C3 00 00 AE C3 00 00 AF C3 00 80 AF C3 00 80 AD C3 00 80 B0 C3 00 00 AC C3 00 80 A9 C3
00 80 A6 C3 00 80 A2 C3 00 80 9B C3 00 00 98 C3 00 80 94 C3 00 80 93 C3 00 80 90 C3 00 00 8D C3
00 80 8A C3 00 00 89 C3 00 00 89 C3 00 00 87 C3 00 00 85 C3 00 80 82 C3 00 00 7F C3 00 80 81 C3
00 00 85 C3 00 00 85 C3 00 80 86 C3 00 80 8B C3 00 80 94 C3 00 00 98 C3 00 80 98 C3 00 00 9A C3
00 80 9D C3 00 80 9E C3 00 80 9D C3 00 00 9C C3 00 00 9A C3 00 80 9E C3 00 80 9F C3 00 80 A2 C3
00 80 A7 C3 00 00 A6 C3 00 00 A5 C3 00 00 AE C3 00 00 AC C3 00 80 A5 C3 00 80 A4 C3 00 80 A0 C3
00 80 9B C3 00 80 99 C3 00 80 92 C3 00 80 8E C3 00 80 8E C3 00 80 8D C3 00 80 8B C3 00 80 88 C3
00 00 88 C3 00 80 87 C3 00 00 88 C3 00 80 86 C3 00 00 85 C3 00 00 82 C3 00 80 80 C3 00 00 82 C3
00 80 83 C3 00 80 84 C3 00 80 81 C3 00 80 84 C3 00 80 89 C3 00 00 8C C3 00 00 8C C3 00 80 8E C3
00 00 95 C3 00 80 97 C3 00 80 9C C3 00 00 A0 C3 00 80 A4 C3 00 00 AA C3 00 80 B1 C3 00 80 B6 C3
00 00 B8 C3 00 80 B9 C3 00 00 BC C3 00 00 C3 C3 00 80 C4 C3 00 00 C3 C3 00 80 C4 C3 00 00 C3 C3
00 00 C5 C3 00 00 C3 C3 00 80 C3 C3 00 80 BE C3 00 80 BA C3 00 00 B9 C3 00 80 B3 C3 00 00 AD C3
00 00 A9 C3 00 00 A7 C3 00 80 A3 C3 00 80 9F C3 00 80 9B C3 00 80 9B C3 00 80 9A C3 00 00 96 C3
00 80 95 C3 00 80 94 C3 00 00 8E C3 00 00 8C C3 00 00 8D C3 00 00 89 C3 00 80 83 C3 00 80 80 C3
00 80 82 C3 00 80 83 C3 00 00 7B C3 00 00 7A C3 00 00 82 C3 00 00 80 C3 00 00 6C C3 00 00 5F C3
00 00 5A C3 00 00 5B C3 00 00 4C C3 00 00 54 C3 00 00 41 C3 00 00 3A C3 00 00 47 C3 00 00 45 C3
00 00 55 C3 00 00 4D C3 00 00 43 C3 00 00 54 C3 00 00 50 C3 00 00 53 C3 00 00 49 C3 00 00 4F C3
00 00 4F C3 00 00 5A C3 00 00 55 C3 00 00 4F C3 00 00 63 C3 00 00 5D C3 00 00 70 C3 00 00 7E C3
00 00 73 C3 00 00 7C C3 00 00 81 C3 00 00 84 C3 00 00 89 C3 00 00 89 C3 00 00 87 C3 00 00 8B C3
00 00 8A C3 00 00 8B C3 00 00 8D C3 00 00 86 C3 00 80 89 C3 00 80 86 C3 00 00 88 C3 00 00 89 C3
00 00 84 C3 00 80 83 C3 00 80 83 C3 00 00 78 C3 00 00 78 C3 00 00 6C C3 00 00 67 C3 00 00 64 C3
00 00 59 C3 00 00 51 C3 00 00 50 C3 00 00 49 C3 00 00 45 C3 00 00 47 C3 00 00 3C C3 00 00 3A C3
00 00 2B C3 00 00 2A C3 00 00 2D C3 00 00 23 C3 00 00 26 C3 00 00 2D C3 00 00 2A C3 00 00 30 C3
00 00 35 C3 00 00 42 C3 00 00 4F C3 00 00 56 C3 00 00 5B C3 00 00 5E C3 00 00 68 C3 00 00 6E C3
00 00 72 C3 00 00 7B C3 00 00 7F C3 00 00 83 C3 00 80 86 C3 00 00 8B C3 00 80 8C C3 00 00 90 C3
00 80 91 C3 00 80 92 C3 00 00 97 C3 00 00 96 C3 00 80 93 C3 00 00 94 C3 00 80 8F C3 00 80 8F C3
00 80 8B C3 00 80 86 C3 00 00 83 C3 00 00 78 C3 00 00 74 C3 00 00 6C C3 00 00 59 C3 00 00 51 C3
00 00 47 C3 00 00 3D C3 00 00 34 C3 00 00 2B C3 00 00 2A C3 00 00 1F C3 00 00 1D C3 00 00 1E C3
00 00 21 C3 00 00 26 C3 00 00 23 C3 00 00 2A C3 00 00 34 C3 00 00 3D C3 00 00 41 C3 00 00 49 C3
00 00 58 C3 00 00 5F C3 00 00 69 C3 00 00 76 C3 00 00 7E C3 00 80 85 C3 00 00 8C C3 00 80 8F C3
00 80 97 C3 00 80 9E C3 00 80 A3 C3 00 80 A9 C3 00 00 AE C3 00 80 B3 C3 00 00 BA C3 00 80 C1 C3
00 00 C3 C3 00 80 C8 C3 00 80 C8 C3 00 80 CD C3 00 80 C9 C3 00 00 C5 C3 00 80 C5 C3 00 80 C3 C3
00 00 C0 C3 00 80 C0 C3 00 80 BB C3 00 00 B9 C3 00 80 B4 C3 00 80 B1 C3 00 00 B1 C3 00 00 AA C3
00 80 A7 C3 00 80 A1 C3 00 80 A1 C3 00 00 9F C3 00 80 9D C3 00 00 9C C3 00 80 9B C3 00 00 9A C3
00 80 9C C3 00 00 9D C3 00 80 9B C3 00 80 9E C3 00 00 9F C3 00 00 A4 C3 00 80 A5 C3 00 80 A9 C3
00 80 AA C3 00 00 AE C3 00 80 B3 C3 00 80 B8 C3 00 00 BC C3 00 80 BF C3 00 00 C2 C3 00 80 C5 C3
00 80 C9 C3 00 00 CD C3 00 80 CE C3 00 00 CD C3 00 80 CF C3 00 00 CF C3 00 00 CC C3 00 00 CC C3
00 80 C6 C3 00 80 C2 C3 00 00 C2 C3 00 80 BC C3 00 80 B7 C3 00 80 B5 C3 00 00 B1 C3 00 00 AE C3
00 00 AB C3 00 80 A8 C3 00 00 A7 C3 00 80 A3 C3 00 80 A0 C3 00 00 9E C3 00 00 9E C3 00 80 9C C3
00 00 9A C3 00 00 9D C3 00 00 9D C3 00 80 A2 C3 00 80 A4 C3 00 80 A6 C3 00 80 AA C3 00 80 AC C3
00 80 B2 C3 00 80 BB C3 00 00 C2 C3 00 80 CA C3 00 80 D2 C3 00 00 DA C3 00 00 E3 C3 00 00 E9 C3
00 80 F0 C3 00 00 F6 C3 00 80 FD C3 00 80 01 C4 00 C0 03 C4 00 00 06 C4 00 80 07 C4 00 80 09 C4
00 00 0A C4 00 40 0B C4 00 40 0C C4 00 40 0D C4 00 C0 0D C4 00 C0 0D C4 00 C0 0E C4 00 80 0D C4
00 00 0C C4 00 40 0C C4 00 00 0C C4 00 80 08 C4 00 40 09 C4 00 C0 09 C4 00 40 08 C4 00 00 09 C4
00 C0 05 C4 00 C0 07 C4 00 80 07 C4 00 00 05 C4 00 00 07 C4 00 00 05 C4 00 C0 04 C4 00 C0 02 C4
00 C0 04 C4 00 40 06 C4 00 C0 07 C4 00 00 08 C4 00 C0 0A C4 00 C0 0E C4 00 C0 0E C4 00 C0 10 C4
00 00 11 C4 00 C0 12 C4 00 40 12 C4 00 40 0F C4 00 00 0A C4 00 00 06 C4 00 80 F4 C3 00 00 DC C3
00 00 D2 C3 00 80 B9 C3 00 00 A5 C3 00 80 8D C3 00 00 77 C3 00 00 5C C3 00 00 3A C3 00 00 2E C3
00 00 1C C3 00 00 18 C3 00 00 09 C3 00 00 00 C3 00 00 EC C2 00 00 D4 C2 00 00 D4 C2 00 00 CE C2
00 00 E0 C2 00 00 CE C2 00 00 CC C2 00 00 02 C3 00 00 18 C3 00 00 2B C3 00 00 4C C3 00 00 68 C3
00 80 82 C3 00 00 93 C3 00 00 A2 C3 00 00 AF C3 00 00 B9 C3 00 00 C6 C3 00 00 D3 C3 00 80 DB C3
00 00 E7 C3 00 80 F0 C3 00 80 F9 C3 00 40 01 C4 00 C0 03 C4 00 00 06 C4 00 C0 06 C4 00 C0 07 C4
00 C0 04 C4 00 00 04 C4 00 80 FF C3 00 00 F4 C3 00 00 EB C3 00 00 E3 C3 00 00 DB C3 00 00 CF C3
00 00 C5 C3 00 00 BE C3 00 80 B3 C3 00 00 AF C3 00 00 A9 C3 00 80 9F C3 00 80 95 C3 00 80 8B C3
00 80 84 C3 00 00 7D C3 00 00 71 C3 00 00 64 C3 00 00 5E C3 00 00 5A C3 00 00 56 C3 00 00 60 C3
00 00 67 C3 00 00 75 C3 00 80 81 C3 00 80 8A C3 00 00 94 C3 00 00 99 C3 00 80 A0 C3 00 80 A3 C3
00 80 A6 C3 00 80 A8 C3 00 00 AE C3 00 80 B1 C3 00 80 B3 C3 00 80 B6 C3 00 80 BA C3 00 00 BD C3
00 80 C2 C3 00 00 C5 C3 00 00 C5 C3 00 00 C3 C3 00 80 C1 C3 00 80 C0 C3 00 00 BB C3 00 80 B8 C3
00 00 B2 C3 00 00 AD C3 00 00 A6 C3 00 80 A1 C3 00 80 A1 C3 00 00 9B C3 00 80 94 C3 00 00 8F C3
00 00 87 C3 00 00 7F C3 00 00 75 C3 00 00 67 C3 00 00 56 C3 00 00 4D C3 00 00 44 C3 00 00 44 C3
00 00 45 C3 00 00 46 C3 00 00 50 C3 00 00 56 C3 00 00 5F C3 00 00 6C C3 00 00 7C C3 00 00 85 C3
00 80 8B C3 00 00 92 C3 00 00 95 C3 00 80 9B C3 00 80 A1 C3 00 00 A3 C3 00 80 A4 C3 00 80 A6 C3
00 00 A9 C3 00 80 A9 C3 00 00 A9 C3 00 00 AD C3 00 80 AE C3 00 80 B2 C3 00 00 B3 C3 00 00 B4 C3
00 80 B8 C3 00 00 BB C3 00 80 BB C3 00 80 BC C3 00 80 B7 C3 00 00 B2 C3 00 80 B3 C3 00 80 B2 C3
00 00 B0 C3 00 00 AA C3 00 00 A5 C3 00 00 A5 C3 00 00 A0 C3 00 00 9E C3 00 00 96 C3 00 00 90 C3
00 00 8C C3 00 80 86 C3 00 00 82 C3 00 00 79 C3 00 00 70 C3 00 00 74 C3 00 00 78 C3 00 00 79 C3
00 00 7F C3 00 00 82 C3 00 80 87 C3 00 00 91 C3 00 80 94 C3 00 00 93 C3 00 80 97 C3 00 80 9D C3
00 00 A1 C3 00 00 A5 C3 00 00 A5 C3 00 00 A6 C3 00 00 AA C3 00 80 AD C3 00 80 B2 C3 00 00 B5 C3
00 00 B8 C3 00 00 BA C3 00 00 BA C3 00 80 BA C3 00 00 B9 C3 00 80 B9 C3 00 80 B6 C3 00 80 B4 C3
00 80 AD C3 00 80 A9 C3 00 00 A8 C3 00 80 A2 C3 00 80 9D C3 00 00 9B C3 00 00 97 C3 00 00 96 C3
00 80 93 C3 00 80 91 C3 00 00 8F C3 00 80 8A C3 00 80 87 C3 00 00 86 C3 00 00 87 C3 00 80 83 C3
00 00 81 C3 00 00 82 C3 00 80 82 C3 00 80 82 C3 00 80 8B C3 00 00 8D C3 00 80 92 C3 00 00 99 C3
00 80 9F C3 00 00 A6 C3 00 00 A9 C3 00 00 AE C3 00 00 B1 C3 00 80 B8 C3 00 80 BA C3 00 80 BF C3
00 80 C3 C3 00 80 C7 C3 00 00 CB C3 00 80 D4 C3 00 80 D7 C3 00 80 DA C3 00 00 DA C3 00 00 DD C3
00 80 DA C3 00 80 D6 C3 00 00 D1 C3 00 80 CD C3 00 00 CB C3 00 00 C7 C3 00 80 C3 C3 00 80 BD C3
00 00 BB C3 00 80 B7 C3 00 00 B4 C3 00 80 AF C3 00 80 AC C3 00 80 A9 C3 00 00 A5 C3 00 00 9E C3
00 80 99 C3 00 80 95 C3 00 80 91 C3 00 00 90 C3 00 80 8C C3 00 00 8F C3 00 00 8B C3 00 00 8C C3
00 00 8D C3 00 80 8F C3 00 00 88 C3 00 80 85 C3 00 80 86 C3 00 00 7E C3 00 00 75 C3 00 00 76 C3
00 00 6F C3 00 00 72 C3 00 00 78 C3 00 00 6F C3 00 00 74 C3 00 00 78 C3 00 00 79 C3 00 00 82 C3
00 80 80 C3 00 00 78 C3 00 00 7C C3 00 00 7B C3 00 00 7E C3 00 00 7C C3 00 00 79 C3 00 00 7B C3
00 80 81 C3 00 00 79 C3 00 80 81 C3 00 00 81 C3 00 00 80 C3 00 80 86 C3 00 80 88 C3 00 00 88 C3
00 00 89 C3 00 80 88 C3 00 80 8B C3 00 80 8E C3 00 00 8C C3 00 00 8A C3 00 80 8D C3 00 00 8B C3
00 80 8D C3 00 80 8F C3 00 80 8D C3 00 00 92 C3 00 80 8B C3 00 00 93 C3 00 80 94 C3 00 80 8F C3
00 80 91 C3 00 00 8F C3 00 80 8A C3 00 00 8B C3 00 80 86 C3 00 00 84 C3 00 00 85 C3 00 80 81 C3
00 00 81 C3 00 80 81 C3 00 00 7C C3 00 00 7C C3 00 00 76 C3 00 00 71 C3 00 00 68 C3 00 00 5A C3
00 00 59 C3 00 00 5B C3 00 00 4F C3 00 00 4F C3 00 00 4B C3 00 00 50 C3 00 00 4F C3 00 00 56 C3
00 00 5C C3 00 00 5D C3 00 00 61 C3 00 00 62 C3 00 00 64 C3 00 00 6D C3 00 00 6A C3 00 00 6B C3
00 00 71 C3 00 00 75 C3 00 00 7A C3 00 00 84 C3 00 80 87 C3 00 80 88 C3 00 80 8E C3 00 00 92 C3
00 80 94 C3 00 80 97 C3 00 00 99 C3 00 80 9B C3 00 80 9B C3 00 80 9B C3 00 80 98 C3 00 80 98 C3
00 80 96 C3 00 00 91 C3 00 00 8E C3 00 00 8B C3 00 00 89 C3 00 80 80 C3 00 00 7D C3 00 00 77 C3
00 00 70 C3 00 00 66 C3 00 00 62 C3 00 00 59 C3 00 00 55 C3 00 00 53 C3 00 00 4B C3 00 00 4C C3
00 00 49 C3 00 00 4B C3 00 00 4C C3 00 00 4C C3 00 00 51 C3 00 00 54 C3 00 00 57 C3 00 00 61 C3
00 00 68 C3 00 00 70 C3 00 00 76 C3 00 00 78 C3 00 80 81 C3 00 00 83 C3 00 80 88 C3 00 80 90 C3
00 80 97 C3 00 80 9D C3 00 00 A4 C3 00 80 AA C3 00 80 AE C3 00 00 B5 C3 00 80 B8 C3 00 00 BD C3
00 00 BD C3 00 80 BD C3 00 80 BF C3 00 00 C0 C3 00 00 BE C3 00 80 BE C3 00 80 BD C3 00 00 BE C3
00 80 A8 43 00 00 A6 43 00 80 A0 43 00 80 9B 43 00 80 97 43 00 00 94 43 00 00 90 43 00 00 8B 43
00 80 87 43 00 80 85 43 00 80 82 43 00 00 7F 43 00 00 77 43 00 00 76 43 00 00 78 43 00 00 75 43
00 00 75 43 00 00 76 43 00 00 74 43 00 00 74 43 00 00 7A 43 00 00 7D 43 00 00 7F 43 00 00 80 43
00 80 81 43 00 80 81 43 00 00 82 43 00 00 81 43 00 00 7F 43 00 80 82 43 00 80 80 43 00 00 7F 43
00 00 81 43 00 00 83 43 00 00 86 43 00 80 87 43 00 00 89 43 00 00 8A 43 00 00 8C 43 00 00 8D 43
00 80 8B 43 00 80 8B 43 00 80 8B 43 00 80 8A 43 00 80 88 43 00 80 86 43 00 80 86 43 00 80 83 43
00 00 84 43 00 80 83 43 00 80 81 43 00 00 82 43 00 00 82 43 00 80 82 43 00 00 82 43 00 80 82 43
00 80 81 43 00 80 80 43 00 00 83 43 00 00 83 43 00 80 84 43 00 00 87 43 00 80 86 43 00 80 88 43
00 00 88 43 00 00 88 43 00 00 88 43 00 00 84 43 00 80 83 43 00 00 7F 43 00 00 73 43 00 00 6D 43
00 00 5E 43 00 00 5E 43 00 00 58 43 00 00 5B 43 00 00 52 43 00 00 4B 43 00 00 44 43 00 00 40 43
00 00 3A 43 00 00 2E 43 00 00 25 43 00 00 1D 43 00 00 14 43 00 00 09 43 00 00 04 43 00 00 02 43
00 00 F0 42 00 00 EC 42 00 00 E4 42 00 00 EA 42 00 00 CE 42 00 00 BC 42 00 00 C4 42 00 00 AA 42
00 00 A0 42 00 00 96 42 00 00 94 42 00 00 92 42 00 00 7C 42 00 00 88 42 00 00 94 42 00 00 8E 42
00 00 88 42 00 00 8C 42 00 00 8E 42 00 00 8C 42 00 00 82 42 00 00 64 42 00 00 6C 42 00 00 34 42
00 00 1C 42 00 00 18 42 00 00 18 42 00 00 C8 41 00 00 70 41 00 00 50 41 00 00 E0 40 00 00 A0 40
00 00 00 00 00 00 40 40 00 00 40 41 00 00 88 41 00 00 C0 41 00 00 20 42 00 00 74 42 00 00 AE 42
00 00 F8 42 00 00 24 43 00 00 46 43 00 00 6D 43 00 80 8B 43 00 80 A5 43 00 00 C0 43 00 00 DA 43
00 80 E8 43 00 80 F3 43 00 00 03 44 00 40 0A 44 00 40 0D 44 00 C0 0D 44 00 40 0E 44 00 00 0F 44
00 40 0E 44 00 00 0E 44 00 C0 0B 44 00 C0 08 44 00 00 05 44 00 80 03 44 00 40 00 44 00 00 F0 43
00 80 DB 43 00 80 C6 43 00 80 BE 43 00 00 A7 43 00 00 92 43 00 00 77 43 00 00 52 43 00 00 38 43
00 00 1A 43 00 00 0E 43 00 00 D8 42 00 00 AE 42 00 00 92 42 00 00 78 42 00 00 4C 42 00 00 E8 41
00 00 A0 41 00 00 B8 41 00 00 E0 41 00 00 08 42 00 00 40 42 00 00 96 42 00 00 C4 42 00 00 03 43
00 00 1F 43 00 00 3D 43 00 00 62 43 00 00 7B 43 00 80 88 43 00 00 92 43 00 80 9A 43 00 80 A2 43
00 80 AF 43 00 00 B9 43 00 80 BE 43 00 00 C7 43 00 80 C8 43 00 80 CF 43 00 80 D6 43 00 80 D5 43
00 80 D3 43 00 80 D3 43 00 80 CF 43 00 80 CC 43 00 80 C8 43 00 00 C2 43 00 00 BC 43 00 80 B7 43
00 80 B2 43 00 00 AD 43 00 00 A7 43 00 80 A1 43 00 80 9B 43 00 80 95 43 00 80 91 43 00 00 8A 43
00 00 84 43 00 00 82 43 00 00 7D 43 00 00 75 43 00 00 6F 43 00 00 71 43 00 00 6D 43 00 00 71 43
00 00 7A 43 00 00 7A 43 00 00 81 43 00 00 87 43 00 00 8E 43 00 00 94 43 00 80 99 43 00 80 A0 43
00 80 A5 43 00 80 AC 43 00 00 AF 43 00 80 B4 43 00 00 B7 43 00 00 BA 43 00 00 C0 43 00 00 C1 43
00 00 C2 43 00 80 C3 43 00 80 C3 43 00 80 C3 43 00 80 C3 43 00 80 C0 43 00 80 BB 43 00 80 B6 43
00 80 B3 43 00 00 AE 43 00 80 AC 43 00 80 A9 43 00 00 A4 43 00 80 A0 43 00 00 A1 43 00 00 A0 43
00 80 A0 43 00 80 9E 43 00 00 A0 43 00 80 A1 43 00 00 A2 43 00 80 A3 43 00 00 A6 43 00 80 A6 43
00 00 A8 43 00 80 A9 43 00 00 A8 43 00 00 A8 43 00 00 A6 43 00 80 A8 43 00 80 A6 43 00 00 A5 43
00 80 A1 43 00 80 A4 43 00 00 A6 43 00 00 A8 43 00 00 AA 43 00 80 AB 43 00 00 AE 43 00 80 AE 43
00 00 AE 43 00 80 AF 43 00 00 B0 43 00 00 B0 43 00 00 B0 43 00 80 AE 43 00 80 AD 43 00 80 AC 43
00 00 AC 43 00 00 A9 43 00 00 A7 43 00 00 9E 43 00 00 9B 43 00 00 97 43 00 00 90 43 00 00 87 43
00 00 82 43 00 00 83 43 00 80 82 43 00 00 7A 43 00 00 78 43 00 00 81 43 00 80 81 43 00 80 86 43
00 80 86 43 00 00 86 43 00 00 88 43 00 80 8A 43 00 00 8F 43 00 00 91 43 00 80 91 43 00 00 96 43
00 80 9C 43 00 00 A2 43 00 80 A0 43 00 80 A5 43 00 00 AD 43 00 00 B0 43 00 00 B1 43 00 80 B2 43
00 00 B5 43 00 00 B8 43 00 80 BC 43 00 00 BF 43 00 00 C0 43 00 00 C4 43 00 80 C4 43 00 00 C7 43
00 00 C8 43 00 80 C5 43 00 00 C2 43 00 80 BE 43 00 00 BD 43 00 80 BA 43 00 00 B7 43 00 80 AF 43
00 00 AE 43 00 00 AB 43 00 00 A9 43 00 00 A4 43 00 80 9F 43 00 00 9B 43 00 80 96 43 00 00 8E 43
00 80 8A 43 00 80 87 43 00 00 80 43 00 00 80 43 00 00 83 43 00 00 7F 43 00 00 76 43 00 00 77 43
00 00 78 43 00 00 76 43 00 00 72 43 00 00 6E 43 00 00 6E 43 00 00 6E 43 00 00 72 43 00 00 7D 43
00 00 7D 43 00 00 80 43 00 80 87 43 00 80 8E 43 00 80 90 43 00 80 92 43 00 00 96 43 00 80 99 43
00 00 9C 43 00 00 9E 43 00 80 9F 43 00 00 A1 43 00 00 A3 43 00 00 A8 43 00 00 AB 43 00 00 A9 43
00 80 AA 43 00 00 B4 43 00 80 B4 43 00 00 B0 43 00 00 B2 43 00 00 B5 43 00 00 B6 43 00 80 B6 43
00 00 B9 43 00 00 C1 43 00 00 C8 43 00 00 CD 43 00 00 CD 43 00 00 D0 43 00 00 D3 43 00 80 D2 43
00 00 D9 43 00 80 D7 43 00 80 CB 43 00 00 D0 43 00 00 CE 43 00 00 D6 43 00 80 D3 43 00 00 CC 43
00 00 D5 43 00 00 DA 43 00 80 D2 43 00 00 D5 43 00 80 CD 43 00 80 D1 43 00 00 D0 43 00 00 C9 43
00 80 C9 43 00 00 BE 43 00 00 BC 43 00 80 BF 43 00 00 B9 43 00 00 B7 43 00 80 AD 43 00 80 AE 43
00 80 AD 43 00 00 A7 43 00 80 A5 43 00 80 A2 43 00 80 A1 43 00 00 A4 43 00 80 A4 43 00 00 A6 43
00 80 AB 43 00 00 AA 43 00 00 AD 43 00 00 B3 43 00 80 B3 43 00 80 B6 43 00 00 B9 43 00 00 BC 43
00 00 BC 43 00 80 BE 43 00 80 C0 43 00 00 C4 43 00 80 C7 43 00 00 C9 43 00 80 CA 43 00 80 CB 43
00 00 C9 43 00 80 D0 43 00 00 D1 43 00 00 D4 43 00 80 D7 43 00 00 D5 43 00 80 D8 43 00 80 DA 43
00 00 DA 43 00 80 DB 43 00 00 DB 43 00 80 D3 43 00 80 D2 43 00 80 CE 43 00 80 C8 43 00 80 C7 43
00 00 C5 43 00 80 C2 43 00 00 BE 43 00 00 BD 43 00 00 BB 43 00 80 B9 43 00 00 B7 43 00 80 B1 43
00 00 B0 43 00 00 AE 43 00 80 AB 43 00 80 AB 43 00 80 A9 43 00 00 A7 43 00 80 A9 43 00 00 AA 43
00 80 AB 43 00 00 AA 43 00 80 AA 43 00 00 AB 43 00 80 A9 43 00 00 AC 43 00 00 AD 43 00 00 AE 43
00 80 B1 43 00 80 B2 43 00 00 B9 43 00 00 BC 43 00 80 BE 43 00 80 C4 43 00 00 C5 43 00 80 CA 43
00 00 CE 43 00 00 CD 43 00 80 CE 43 00 00 CF 43 00 00 CE 43 00 00 D1 43 00 00 D0 43 00 00 CD 43
00 80 CB 43 00 80 C9 43 00 00 C8 43 00 80 C6 43 00 00 C2 43 00 80 BE 43 00 00 BC 43 00 00 B8 43
00 80 B5 43 00 80 B2 43 00 80 AF 43 00 80 AD 43 00 80 AA 43 00 80 A6 43 00 80 A3 43 00 00 9E 43
00 80 9A 43 00 80 94 43 00 00 8F 43 00 80 8A 43 00 80 84 43 00 00 80 43 00 00 79 43 00 00 6E 43
00 00 73 43 00 00 6C 43 00 00 63 43 00 00 62 43 00 00 5C 43 00 00 61 43 00 00 61 43 00 00 5E 43
00 00 65 43 00 00 64 43 00 00 66 43 00 00 73 43 00 00 75 43 00 00 7C 43 00 00 7C 43 00 00 80 43
00 00 82 43 00 00 82 43 00 80 81 43 00 80 82 43 00 80 83 43 00 00 86 43 00 80 88 43 00 00 89 43
00 00 8B 43 00 00 8C 43 00 80 8D 43 00 80 8E 43 00 00 8E 43 00 00 8E 43 00 80 8F 43 00 80 8B 43
00 80 8A 43 00 00 88 43 00 00 87 43 00 80 86 43 00 00 85 43 00 80 84 43 00 00 85 43 00 00 81 43
00 00 7C 43 00 00 7A 43 00 00 79 43 00 00 75 43 00 00 76 43 00 00 74 43 00 00 73 43 00 00 77 43
00 00 77 43 00 00 7E 43 00 00 7F 43 00 00 81 43 00 00 83 43 00 80 82 43 00 00 84 43 00 00 84 43
00 00 83 43 00 00 83 43 00 80 83 43 00 80 81 43 00 00 7F 43 00 00 7B 43 00 00 78 43 00 00 71 43
00 00 68 43 00 00 66 43 00 00 62 43 00 00 5F 43 00 00 58 43 00 00 51 43 00 00 4E 43 00 00 41 43
00 00 3A 43 00 00 31 43 00 00 2A 43 00 00 21 43 00 00 1A 43 00 00 0C 43 00 00 05 43 00 00 01 43
00 00 F8 42 00 00 F4 42 00 00 DE 42 00 00 D6 42 00 00 D0 42 00 00 CA 42 00 00 C6 42 00 00 BC 42
00 00 B8 42 00 00 B2 42 00 00 C6 42 00 00 C0 42 00 00 BA 42 00 00 B2 42 00 00 BC 42 00 00 CA 42
00 00 B4 42 00 00 B4 42 00 00 B2 42 00 00 A8 42 00 00 A0 42 00 00 8E 42 00 00 82 42 00 00 7C 42
00 00 7C 42 00 00 60 42 00 00 70 42 00 00 30 42 00 00 28 42 00 00 18 42 00 00 08 42 00 00 E0 41
00 00 C0 40 00 00 20 41 00 00 80 3F 00 00 00 40 00 00 40 40 00 00 80 40 00 00 90 41 00 00 0C 42
00 00 84 42 00 00 D8 42 00 00 1D 43 00 00 39 43 00 00 5D 43 00 00 8A 43 00 00 A2 43 00 80 B5 43
00 80 C5 43 00 00 DB 43 00 00 E7 43 00 80 EE 43 00 80 F8 43 00 80 01 44 00 C0 05 44 00 40 09 44
00 C0 0C 44 00 00 0D 44 00 00 0D 44 00 80 0A 44 00 40 0C 44 00 00 0A 44 00 00 03 44 00 00 F6 43
00 80 E9 43 00 80 DB 43 00 00 C8 43 00 00 B9 43 00 00 A9 43 00 80 98 43 00 80 8A 43 00 00 7C 43
00 00 60 43 00 00 38 43 00 00 1F 43 00 00 08 43 00 00 CE 42 00 00 98 42 00 00 48 42 00 00 0C 42
00 00 C8 41 00 00 60 41 00 00 10 41 00 00 90 41 00 00 F8 41 00 00 3C 42 00 00 9A 42 00 00 C0 42
00 00 EE 42 00 00 03 43 00 00 20 43 00 00 39 43 00 00 4F 43 00 00 64 43 00 00 78 43 00 80 87 43
00 00 90 43 00 80 9D 43 00 80 A8 43 00 80 B0 43 00 00 BA 43 00 00 C3 43 00 80 C6 43 00 80 CB 43
00 00 CD 43 00 00 CC 43 00 00 CE 43 00 80 C9 43 00 00 C6 43 00 80 C2 43 00 00 BE 43 00 00 B7 43
00 00 B2 43 00 00 AE 43 00 00 A5 43 00 00 A0 43 00 00 9B 43 00 80 8F 43 00 80 89 43 00 80 82 43
00 00 77 43 00 00 68 43 00 00 5E 43 00 00 55 43 00 00 48 43 00 00 48 43 00 00 49 43 00 00 4E 43
00 00 51 43 00 00 55 43 00 00 5F 43 00 00 67 43 00 00 72 43 00 00 7D 43 00 80 81 43 00 00 85 43
00 00 8A 43 00 80 8F 43 00 80 95 43 00 00 9B 43 00 80 A2 43 00 80 A7 43 00 80 AC 43 00 80 B4 43
00 80 BA 43 00 80 BC 43 00 80 BE 43 00 80 BE 43 00 00 BF 43 00 80 BB 43 00 00 BA 43 00 00 B7 43
00 00 B0 43 00 80 AA 43 00 00 A6 43 00 80 9F 43 00 80 9E 43 00 80 9A 43 00 00 97 43 00 80 94 43
00 00 90 43 00 00 91 43 00 00 90 43 00 80 8F 43 00 80 8D 43 00 80 8F 43 00 00 8E 43 00 80 8D 43
00 80 8B 43 00 80 8D 43 00 00 8E 43 00 80 8A 43 00 00 88 43 00 80 87 43 00 00 89 43 00 80 8B 43
00 00 90 43 00 80 8C 43 00 80 8B 43 00 80 8C 43 00 80 92 43 00 80 98 43 00 00 98 43 00 80 96 43
00 80 99 43 00 00 A0 43 00 00 A6 43 00 00 A5 43 00 80 A7 43 00 00 A9 43 00 80 AD 43 00 00 AE 43
00 80 AC 43 00 00 A8 43 00 80 A2 43 00 00 A1 43 00 00 9C 43 00 00 95 43 00 00 8B 43 00 80 87 43
00 00 84 43 00 00 82 43 00 00 71 43 00 00 6C 43 00 00 6B 43 00 00 6C 43 00 00 67 43 00 00 69 43
00 00 6E 43 00 00 6C 43 00 00 6D 43 00 00 6F 43 00 00 74 43 00 00 7D 43 00 00 7B 43 00 00 81 43
00 00 84 43 00 80 84 43 00 80 88 43 00 00 90 43 00 00 93 43 00 00 97 43 00 00 9B 43 00 80 9E 43
00 80 A3 43 00 00 A9 43 00 80 AB 43 00 80 AF 43 00 80 AF 43 00 00 B5 43 00 00 B8 43 00 00 B9 43
00 80 B9 43 00 00 BB 43 00 80 BB 43 00 00 BC 43 00 80 B9 43 00 00 B8 43 00 00 B2 43 00 80 AD 43
00 80 A9 43 00 80 A3 43 00 00 9D 43 00 00 94 43 00 80 8D 43 00 80 8A 43 00 80 84 43 00 00 7A 43
00 00 77 43 00 00 6C 43 00 00 69 43 00 00 5E 43 00 00 58 43 00 00 51 43 00 00 43 43 00 00 35 43
00 00 37 43 00 00 37 43 00 00 2E 43 00 00 30 43 00 00 37 43 00 00 3A 43 00 00 3F 43 00 00 46 43
00 00 4C 43 00 00 53 43 00 00 5B 43 00 00 65 43 00 00 68 43 00 00 6C 43 00 00 74 43 00 00 80 43
00 00 83 43 00 00 89 43 00 00 8E 43 00 80 92 43 00 80 97 43 00 00 9B 43 00 00 99 43 00 00 9B 43
00 00 9E 43 00 00 9F 43 00 80 9E 43 00 00 9C 43 00 00 9E 43 00 80 A1 43 00 00 A8 43 00 00 AA 43
00 80 AC 43 00 00 B2 43 00 00 B5 43 00 00 B2 43 00 00 B5 43 00 00 B2 43 00 80 B0 43 00 80 B5 43
00 00 B2 43 00 80 B0 43 00 80 AD 43 00 00 AD 43 00 00 B3 43 00 00 B3 43 00 80 B1 43 00 80 AF 43
00 00 B2 43 00 00 B2 43 00 00 B2 43 00 80 AE 43 00 80 B2 43 00 00 B0 43 00 00 AF 43 00 00 AE 43
00 00 A8 43 00 00 AA 43 00 00 A9 43 00 00 A8 43 00 00 A7 43 00 00 9E 43 00 00 9F 43 00 80 9C 43
00 80 9B 43 00 00 99 43 00 80 95 43 00 00 95 43 00 80 96 43 00 80 96 43 00 80 93 43 00 00 97 43
00 00 96 43 00 80 95 43 00 00 9A 43 00 00 9B 43 00 00 9A 43 00 00 9F 43 00 00 9E 43 00 00 A2 43
00 00 A3 43 00 00 A1 43 00 80 A3 43 00 00 A3 43 00 80 A3 43 00 80 A3 43 00 80 A5 43 00 80 A6 43
00 00 AB 43 00 80 AD 43 00 80 B0 43 00 80 B5 43 00 00 B6 43 00 80 B9 43 00 00 BD 43 00 80 BD 43
00 00 C0 43 00 00 C0 43 00 80 BF 43 00 80 BD 43 00 80 BD 43 00 80 BD 43 00 80 BB 43 00 80 BA 43
00 80 BA 43 00 00 B9 43 00 80 B7 43 00 80 B3 43 00 80 AF 43 00 80 AD 43 00 00 A9 43 00 00 A9 43
00 00 A6 43 00 00 A2 43 00 00 A2 43 00 80 A0 43 00 80 9F 43 00 80 A2 43 00 00 9E 43 00 00 9D 43
00 00 9C 43 00 80 99 43 00 80 96 43 00 80 97 43 00 00 98 43 00 80 94 43 00 80 96 43 00 80 97 43
00 80 97 43 00 00 9B 43 00 00 9D 43 00 80 A1 43 00 00 A5 43 00 00 A6 43 00 00 AB 43 00 80 AF 43
00 80 B1 43 00 00 B5 43 00 80 B6 43 00 00 B9 43 00 00 BC 43 00 00 BC 43 00 80 BB 43 00 00 B9 43
00 80 B7 43 00 80 B6 43 00 80 B4 43 00 00 B3 43 00 80 B2 43 00 00 B0 43 00 00 AF 43 00 80 AE 43
00 00 AC 43 00 80 AA 43 00 80 A7 43 00 80 A3 43 00 00 A2 43 00 00 9E 43 00 80 97 43 00 00 94 43
00 80 8F 43 00 80 8B 43 00 80 85 43 00 80 82 43 00 80 80 43 00 00 73 43 00 00 6E 43 00 00 68 43
00 00 5B 43 00 00 58 43 00 00 4E 43 00 00 4A 43 00 00 48 43 00 00 47 43 00 00 4B 43 00 00 4D 43
00 80 88 43 00 00 82 43 00 00 80 43 00 00 78 43 00 00 74 43 00 00 71 43 00 00 66 43 00 00 61 43
00 00 5C 43 00 00 5D 43 00 00 5B 43 00 00 5A 43 00 00 56 43 00 00 5C 43 00 00 5C 43 00 00 5D 43
00 00 5F 43 00 00 65 43 00 00 68 43 00 00 72 43 00 00 72 43 00 00 6F 43 00 00 71 43 00 00 73 43
00 00 6F 43 00 00 71 43 00 00 73 43 00 00 72 43 00 00 70 43 00 00 6F 43 00 00 75 43 00 00 6D 43
00 00 6F 43 00 00 6C 43 00 00 69 43 00 00 67 43 00 00 65 43 00 00 62 43 00 00 63 43 00 00 61 43
00 00 63 43 00 00 63 43 00 00 5F 43 00 00 64 43 00 00 62 43 00 00 5C 43 00 00 5C 43 00 00 59 43
00 00 54 43 00 00 54 43 00 00 52 43 00 00 4D 43 00 00 51 43 00 00 4F 43 00 00 4F 43 00 00 54 43
00 00 59 43 00 00 5F 43 00 00 5A 43 00 00 60 43 00 00 65 43 00 00 69 43 00 00 69 43 00 00 6B 43
00 00 6B 43 00 00 69 43 00 00 64 43 00 00 5A 43 00 00 4B 43 00 00 47 43 00 00 44 43 00 00 3D 43
00 00 33 43 00 00 2E 43 00 00 20 43 00 00 1B 43 00 00 0F 43 00 00 03 43 00 00 EE 42 00 00 DA 42
00 00 B8 42 00 00 A6 42 00 00 96 42 00 00 8E 42 00 00 82 42 00 00 78 42 00 00 70 42 00 00 54 42
00 00 28 42 00 00 00 42 00 00 C0 41 00 00 50 41 00 00 E0 C0 00 00 80 C1 00 00 98 C1 00 00 C0 C1
00 00 04 C2 00 00 28 C2 00 00 04 C2 00 00 F8 C1 00 00 08 C2 00 00 08 C2 00 00 00 C2 00 00 E0 C1
00 00 00 C2 00 00 28 C2 00 00 14 C2 00 00 3C C2 00 00 40 C2 00 00 44 C2 00 00 44 C2 00 00 74 C2
00 00 94 C2 00 00 9E C2 00 00 A4 C2 00 00 A8 C2 00 00 C4 C2 00 00 C4 C2 00 00 B8 C2 00 00 A6 C2
00 00 90 C2 00 00 58 C2 00 00 E8 C1 00 00 80 BF 00 00 4C 42 00 00 CA 42 00 00 11 43 00 00 41 43
00 00 7E 43 00 80 9C 43 00 80 BF 43 00 80 E1 43 00 00 F3 43 00 00 01 44 00 80 0C 44 00 00 15 44
00 80 1A 44 00 C0 1B 44 00 80 1E 44 00 C0 1D 44 00 00 1F 44 00 80 21 44 00 40 1F 44 00 C0 1C 44
00 C0 18 44 00 C0 16 44 00 80 11 44 00 C0 07 44 00 00 F4 43 00 00 D7 43 00 80 CB 43 00 00 B0 43
00 80 90 43 00 00 67 43 00 00 38 43 00 00 18 43 00 00 DE 42 00 00 AE 42 00 00 44 42 00 00 88 41
00 00 40 C0 00 00 88 C1 00 00 14 C2 00 00 5C C2 00 00 8A C2 00 00 A0 C2 00 00 78 C2 00 00 60 C2
00 00 38 C2 00 00 C0 C0 00 00 C0 41 00 00 80 42 00 00 C4 42 00 00 05 43 00 00 2D 43 00 00 52 43
00 00 77 43 00 80 88 43 00 00 94 43 00 80 9F 43 00 80 B0 43 00 00 BB 43 00 80 C6 43 00 80 CE 43
00 00 D5 43 00 00 E2 43 00 00 EA 43 00 80 E8 43 00 00 E7 43 00 80 E7 43 00 00 E2 43 00 00 DA 43
00 00 D5 43 00 00 CB 43 00 00 C1 43 00 80 BB 43 00 00 B1 43 00 80 A9 43 00 80 A5 43 00 00 9F 43
00 00 98 43 00 80 95 43 00 80 8B 43 00 00 85 43 00 00 83 43 00 00 80 43 00 00 73 43 00 00 68 43
00 00 5D 43 00 00 5D 43 00 00 58 43 00 00 57 43 00 00 5E 43 00 00 65 43 00 00 6D 43 00 00 7A 43
00 80 84 43 00 00 8C 43 00 80 90 43 00 80 96 43 00 80 99 43 00 80 A1 43 00 00 A7 43 00 00 A9 43
00 80 AF 43 00 80 B0 43 00 00 BB 43 00 80 BC 43 00 00 C2 43 00 00 C4 43 00 80 C6 43 00 80 C5 43
00 80 C7 43 00 80 C2 43 00 80 B9 43 00 80 B4 43 00 80 AB 43 00 80 A6 43 00 80 A0 43 00 00 9A 43
00 00 95 43 00 80 8F 43 00 80 90 43 00 00 8F 43 00 00 8C 43 00 00 8A 43 00 80 87 43 00 00 87 43
00 80 84 43 00 00 84 43 00 80 86 43 00 00 88 43 00 80 88 43 00 00 8F 43 00 80 93 43 00 00 96 43
00 80 9F 43 00 00 A8 43 00 80 AF 43 00 00 B6 43 00 80 BA 43 00 00 C1 43 00 00 C4 43 00 80 C6 43
00 80 C7 43 00 80 C8 43 00 00 C9 43 00 80 C6 43 00 00 C2 43 00 80 BF 43 00 00 C0 43 00 80 BD 43
00 80 BC 43 00 80 B9 43 00 80 B8 43 00 00 B3 43 00 80 B1 43 00 80 AB 43 00 80 A4 43 00 80 9D 43
00 00 96 43 00 00 91 43 00 80 86 43 00 00 79 43 00 00 6F 43 00 00 75 43 00 00 75 43 00 00 64 43
00 00 5F 43 00 00 64 43 00 00 66 43 00 00 6B 43 00 00 63 43 00 00 5E 43 00 00 61 43 00 00 65 43
00 00 6D 43 00 00 7C 43 00 80 81 43 00 00 89 43 00 80 9B 43 00 00 A5 43 00 00 AD 43 00 80 B4 43
00 80 BC 43 00 80 C4 43 00 80 C6 43 00 80 C9 43 00 00 C9 43 00 00 CC 43 00 00 D5 43 00 80 D6 43
00 80 D7 43 00 00 D6 43 00 00 DC 43 00 00 DD 43 00 80 DF 43 00 80 DC 43 00 80 D4 43 00 80 D0 43
00 80 CC 43 00 80 C6 43 00 00 BF 43 00 80 B3 43 00 00 AF 43 00 00 AD 43 00 00 A9 43 00 80 9E 43
00 80 9A 43 00 80 96 43 00 80 92 43 00 00 8A 43 00 00 84 43 00 00 7F 43 00 00 6C 43 00 00 6C 43
00 00 6C 43 00 00 63 43 00 00 59 43 00 00 5D 43 00 00 5D 43 00 00 60 43 00 00 63 43 00 00 61 43
00 00 61 43 00 00 6A 43 00 00 73 43 00 00 7B 43 00 00 7B 43 00 80 83 43 00 80 8C 43 00 80 92 43
00 00 95 43 00 00 97 43 00 00 9F 43 00 80 A4 43 00 80 A8 43 00 80 AB 43 00 80 AF 43 00 80 B2 43
00 80 B3 43 00 00 B9 43 00 80 B9 43 00 00 B6 43 00 80 B5 43 00 80 BA 43 00 00 BA 43 00 80 B1 43
00 80 B0 43 00 80 B2 43 00 80 B4 43 00 00 B1 43 00 80 AF 43 00 00 B8 43 00 00 C3 43 00 00 C8 43
00 80 C5 43 00 00 CB 43 00 00 CD 43 00 00 D6 43 00 00 E0 43 00 00 DC 43 00 80 D7 43 00 80 DA 43
00 00 DB 43 00 00 E3 43 00 00 E0 43 00 00 DF 43 00 00 E4 43 00 80 EB 43 00 80 E7 43 00 80 E5 43
00 80 DF 43 00 80 E2 43 00 00 E5 43 00 80 DE 43 00 00 DF 43 00 80 D4 43 00 00 D4 43 00 80 DC 43
00 80 D6 43 00 00 D3 43 00 00 CE 43 00 80 C9 43 00 80 CB 43 00 00 C6 43 00 80 BD 43 00 00 BF 43
00 80 B8 43 00 80 B5 43 00 00 B8 43 00 80 B0 43 00 80 B6 43 00 00 B6 43 00 00 B3 43 00 80 B9 43
00 80 B5 43 00 00 B6 43 00 00 BD 43 00 80 BE 43 00 80 BF 43 00 80 C1 43 00 00 C2 43 00 00 C9 43
00 00 CE 43 00 80 CE 43 00 80 D2 43 00 80 D6 43 00 80 D4 43 00 00 DC 43 00 80 DE 43 00 80 E0 43
00 00 E4 43 00 00 E8 43 00 80 EB 43 00 00 ED 43 00 80 ED 43 00 00 F0 43 00 80 F3 43 00 00 F2 43
00 80 ED 43 00 80 F0 43 00 00 EE 43 00 80 E9 43 00 80 EB 43 00 80 E7 43 00 00 E6 43 00 00 E5 43
00 80 E4 43 00 80 DE 43 00 00 DC 43 00 80 D6 43 00 80 D1 43 00 00 D1 43 00 00 CB 43 00 80 C9 43
00 00 C8 43 00 00 C1 43 00 80 C2 43 00 80 C1 43 00 00 BF 43 00 00 C0 43 00 00 BE 43 00 00 BC 43
00 00 BA 43 00 00 BB 43 00 80 BD 43 00 00 BA 43 00 80 B9 43 00 00 BE 43 00 80 C3 43 00 80 C7 43
00 80 C9 43 00 00 D0 43 00 80 D1 43 00 00 D8 43 00 80 DF 43 00 00 DF 43 00 80 E2 43 00 80 E4 43
00 00 E4 43 00 00 EA 43 00 80 EA 43 00 80 EC 43 00 80 EB 43 00 80 E9 43 00 80 E9 43 00 80 E7 43
00 00 E3 43 00 80 DF 43 00 00 DC 43 00 80 D6 43 00 00 D1 43 00 80 CC 43 00 80 C8 43 00 80 C2 43
00 80 BC 43 00 00 B9 43 00 80 B2 43 00 00 AC 43 00 80 A8 43 00 00 A1 43 00 00 9F 43 00 00 9A 43
00 80 95 43 00 80 94 43 00 00 8E 43 00 80 8C 43 00 80 8B 43 00 80 86 43 00 80 83 43 00 00 7F 43
00 00 7E 43 00 00 7B 43 00 00 7F 43 00 00 7D 43 00 00 80 43 00 80 82 43 00 00 87 43 00 80 8C 43
00 80 8E 43 00 00 91 43 00 00 93 43 00 80 94 43 00 80 95 43 00 00 98 43 00 80 97 43 00 00 99 43
00 00 9C 43 00 80 9C 43 00 00 A0 43 00 00 9E 43 00 00 9F 43 00 80 A2 43 00 80 9D 43 00 80 9E 43
00 00 9D 43 00 80 98 43 00 80 95 43 00 00 96 43 00 00 93 43 00 00 92 43 00 80 8D 43 00 00 90 43
00 00 8D 43 00 00 8B 43 00 00 8B 43 00 80 85 43 00 00 84 43 00 80 82 43 00 80 81 43 00 00 7E 43
00 80 80 43 00 00 7E 43 00 00 7E 43 00 00 7D 43 00 00 7D 43 00 00 7E 43 00 00 81 43 00 00 85 43
00 80 85 43 00 00 89 43 00 80 8D 43 00 00 8D 43 00 00 91 43 00 80 93 43 00 80 94 43 00 80 94 43
00 00 94 43 00 80 94 43 00 00 92 43 00 80 90 43 00 80 8D 43 00 80 89 43 00 00 88 43 00 80 85 43
00 00 7C 43 00 00 78 43 00 00 6D 43 00 00 60 43 00 00 5A 43 00 00 46 43 00 00 3E 43 00 00 37 43
00 00 2D 43 00 00 1E 43 00 00 16 43 00 00 0F 43 00 00 08 43 00 00 04 43 00 00 EE 42 00 00 D8 42
00 00 C2 42 00 00 BC 42 00 00 AC 42 00 00 98 42 00 00 8A 42 00 00 64 42 00 00 84 42 00 00 84 42
00 00 78 42 00 00 7C 42 00 00 86 42 00 00 8C 42 00 00 7C 42 00 00 86 42 00 00 8A 42 00 00 92 42
00 00 86 42 00 00 64 42 00 00 74 42 00 00 68 42 00 00 64 42 00 00 4C 42 00 00 54 42 00 00 34 42
00 00 08 42 00 00 D0 41 00 00 70 41 00 00 00 41 00 00 B0 C1 00 00 E8 C1 00 00 00 C2 00 00 10 C2
00 00 10 C2 00 00 0C C2 00 00 C0 C1 00 00 80 3F 00 00 F8 41 00 00 AE 42 00 00 15 43 00 00 37 43
00 00 6D 43 00 00 94 43 00 00 B2 43 00 00 CD 43 00 80 E1 43 00 80 FC 43 00 00 06 44 00 40 0B 44
00 40 13 44 00 80 19 44 00 80 1F 44 00 C0 25 44 00 40 2D 44 00 00 2E 44 00 40 30 44 00 00 2F 44
00 40 30 44 00 80 30 44 00 C0 27 44 00 00 1D 44 00 00 15 44 00 80 0D 44 00 00 00 44 00 00 EB 43
00 00 D6 43 00 00 C0 43 00 80 AB 43 00 80 99 43 00 00 87 43 00 00 5F 43 00 00 3D 43 00 00 19 43
00 00 E0 42 00 00 92 42 00 00 00 42 00 00 60 41 00 00 00 00 00 00 E0 C0 00 00 90 C1 00 00 A0 C0
00 00 30 41 00 00 E8 41 00 00 64 42 00 00 A2 42 00 00 DE 42 00 00 FC 42 00 00 25 43 00 00 44 43
00 00 59 43 00 00 81 43 00 00 90 43 00 80 9B 43 00 00 AB 43 00 00 BA 43 00 00 CD 43 00 80 DB 43
00 80 E6 43 00 80 EF 43 00 00 F8 43 00 00 FF 43 00 00 02 44 00 C0 01 44 00 00 00 44 00 80 FC 43
00 80 F6 43 00 00 F4 43 00 80 ED 43 00 00 E6 43 00 00 DF 43 00 80 DA 43 00 00 D2 43 00 00 CD 43
00 00 C9 43 00 80 BD 43 00 80 B5 43 00 80 AD 43 00 80 A6 43 00 00 9B 43 00 00 93 43 00 00 8A 43
00 00 84 43 00 00 84 43 00 80 84 43 00 00 80 43 00 00 83 43 00 80 88 43 00 80 88 43 00 00 8B 43
00 80 92 43 00 00 98 43 00 00 9A 43 00 00 9B 43 00 80 A1 43 00 00 A7 43 00 80 AF 43 00 80 B7 43
00 80 BF 43 00 00 C8 43 00 80 CF 43 00 80 D9 43 00 00 E0 43 00 00 E5 43 00 80 E6 43 00 00 E5 43
00 00 E7 43 00 00 E2 43 00 80 E3 43 00 80 DD 43 00 00 D9 43 00 00 D4 43 00 00 CD 43 00 00 C9 43
00 00 C6 43 00 80 C3 43 00 00 BD 43 00 80 B8 43 00 00 B0 43 00 00 AC 43 00 80 A6 43 00 00 A1 43
00 80 9E 43 00 00 9C 43 00 80 97 43 00 00 95 43 00 00 94 43 00 80 96 43 00 80 9C 43 00 80 A1 43
00 00 A4 43 00 80 A7 43 00 00 AE 43 00 80 B8 43 00 80 C0 43 00 80 C2 43 00 80 C1 43 00 80 C4 43
00 80 CA 43 00 80 CF 43 00 00 D0 43 00 80 CD 43 00 80 D2 43 00 00 D8 43 00 80 DC 43 00 80 DB 43
00 00 DB 43 00 00 DD 43 00 00 E0 43 00 80 DD 43 00 80 D5 43 00 00 CF 43 00 00 CC 43 00 00 C9 43
00 00 C4 43 00 80 BD 43 00 80 B5 43 00 80 B1 43 00 00 B5 43 00 00 B2 43 00 80 A8 43 00 00 9F 43
00 80 9D 43 00 00 9A 43 00 00 90 43 00 80 8C 43 00 00 8A 43 00 80 84 43 00 00 86 43 00 80 86 43
00 00 84 43 00 00 8D 43 00 00 93 43 00 80 9A 43 00 80 9F 43 00 80 A2 43 00 80 A7 43 00 80 B1 43
00 80 B9 43 00 80 BB 43 00 80 C3 43 00 80 CA 43 00 00 D0 43 00 00 D6 43 00 00 DD 43 00 00 E2 43
00 00 E2 43 00 00 E8 43 00 00 ED 43 00 80 EF 43 00 00 EE 43 00 80 EE 43 00 00 F1 43 00 00 EF 43
00 00 ED 43 00 80 E9 43 00 00 E5 43 00 80 E0 43 00 80 D9 43 00 80 D5 43 00 80 D1 43 00 80 C8 43
00 80 C0 43 00 80 BD 43 00 80 B8 43 00 80 AE 43 00 00 A9 43 00 80 A3 43 00 80 9B 43 00 00 95 43
00 80 90 43 00 80 89 43 00 00 82 43 00 00 7A 43 00 00 74 43 00 00 6F 43 00 00 6D 43 00 00 6F 43
00 00 79 43 00 00 81 43 00 80 84 43 00 80 85 43 00 00 87 43 00 00 8B 43 00 00 91 43 00 80 92 43
00 80 98 43 00 00 9C 43 00 80 A2 43 00 00 AC 43 00 80 B0 43 00 00 BA 43 00 00 BF 43 00 00 C8 43
00 00 CC 43 00 00 D0 43 00 80 D0 43 00 80 CC 43 00 00 D0 43 00 00 D2 43 00 00 CE 43 00 00 CB 43
00 80 CA 43 00 00 D0 43 00 80 D6 43 00 00 D8 43 00 80 DB 43 00 00 DF 43 00 00 E2 43 00 00 E1 43
00 80 E2 43 00 00 DE 43 00 80 E0 43 00 00 E4 43 00 80 E4 43 00 00 DF 43 00 00 DC 43 00 80 E0 43
00 80 EA 43 00 00 EA 43 00 00 E8 43 00 80 E5 43 00 00 EA 43 00 00 EA 43 00 80 E9 43 00 80 E0 43
00 00 E5 43 00 00 E7 43 00 80 E5 43 00 00 E8 43 00 80 DF 43 00 80 E2 43 00 00 E7 43 00 00 E8 43
00 80 E7 43 00 00 E0 43 00 00 DF 43 00 80 E5 43 00 00 E0 43 00 80 DE 43 00 80 DB 43 00 80 D6 43
00 80 D8 43 00 00 D7 43 00 80 D1 43 00 80 D4 43 00 80 CE 43 00 80 CE 43 00 80 D1 43 00 80 CD 43
00 80 CF 43 00 00 D1 43 00 80 D0 43 00 00 D1 43 00 80 D3 43 00 00 D1 43 00 80 D3 43 00 80 D4 43
00 00 D6 43 00 00 D6 43 00 00 D8 43 00 80 DA 43 00 00 DD 43 00 00 E0 43 00 00 E6 43 00 80 E9 43
00 80 EE 43 00 80 F0 43 00 80 F4 43 00 80 F3 43 00 00 F4 43 00 80 FA 43 00 00 FA 43 00 80 F9 43
00 80 FB 43 00 80 FD 43 00 00 FF 43 00 C0 01 44 00 40 02 44 00 40 02 44 00 40 02 44 00 C0 01 44
00 00 00 44 00 80 FF 43 00 80 F9 43 00 00 F6 43 00 80 F4 43 00 00 EF 43 00 80 ED 43 00 80 E8 43
00 80 E6 43 00 80 E5 43 00 00 E2 43 00 80 DC 43 00 00 DE 43 00 80 DA 43 00 80 D7 43 00 80 D7 43
00 80 D3 43 00 80 D3 43 00 00 D2 43 00 00 CF 43 00 00 D0 43 00 80 D3 43 00 80 D3 43 00 00 D6 43
00 80 DB 43 00 00 DC 43 00 00 E2 43 00 00 E7 43 00 80 E9 43 00 00 ED 43 00 00 F1 43 00 00 F1 43
00 80 F3 43 00 00 F7 43 00 00 F7 43 00 80 F8 43 00 80 F8 43 00 80 F9 43 00 80 FA 43 00 00 FA 43
00 80 FA 43 00 80 F3 43 00 00 F2 43 00 80 F0 43 00 80 EC 43 00 80 E6 43 00 80 E2 43 00 00 DC 43
00 00 D7 43 00 80 D5 43 00 00 D1 43 00 80 CC 43 00 00 CB 43 00 00 C7 43 00 00 C5 43 00 80 C3 43
00 00 BE 43 00 80 B9 43 00 80 B4 43 00 00 B0 43 00 80 AC 43 00 80 A6 43 00 80 A6 43 00 80 A2 43
00 80 A4 43 00 80 A3 43 00 00 A5 43 00 00 A4 43 00 00 A8 43 00 80 A9 43 00 80 A9 43 00 00 AB 43
00 00 22 43 00 00 28 43 00 00 2A 43 00 00 30 43 00 00 36 43 00 00 3B 43 00 00 41 43 00 00 46 43
00 00 49 43 00 00 50 43 00 00 53 43 00 00 57 43 00 00 5A 43 00 00 61 43 00 00 67 43 00 00 65 43
00 00 66 43 00 00 6B 43 00 00 70 43 00 00 6C 43 00 00 6E 43 00 00 6D 43 00 00 6D 43 00 00 68 43
00 00 60 43 00 00 5E 43 00 00 57 43 00 00 52 43 00 00 4F 43 00 00 4B 43 00 00 44 43 00 00 42 43
00 00 3F 43 00 00 3F 43 00 00 38 43 00 00 37 43 00 00 35 43 00 00 31 43 00 00 33 43 00 00 2C 43
00 00 2D 43 00 00 2C 43 00 00 30 43 00 00 37 43 00 00 38 43 00 00 3E 43 00 00 42 43 00 00 42 43
00 00 47 43 00 00 4B 43 00 00 4B 43 00 00 4D 43 00 00 51 43 00 00 55 43 00 00 53 43 00 00 55 43
00 00 57 43 00 00 59 43 00 00 57 43 00 00 59 43 00 00 4D 43 00 00 4B 43 00 00 47 43 00 00 3A 43
00 00 39 43 00 00 2D 43 00 00 25 43 00 00 1B 43 00 00 15 43 00 00 0C 43 00 00 FE 42 00 00 F6 42
00 00 EA 42 00 00 D4 42 00 00 C4 42 00 00 BC 42 00 00 A0 42 00 00 9C 42 00 00 88 42 00 00 68 42
00 00 50 42 00 00 30 42 00 00 3C 42 00 00 38 42 00 00 0C 42 00 00 00 42 00 00 08 42 00 00 18 42
00 00 20 42 00 00 04 42 00 00 F0 41 00 00 04 42 00 00 30 42 00 00 24 42 00 00 1C 42 00 00 A8 41
00 00 E0 41 00 00 10 42 00 00 1C 42 00 00 E0 41 00 00 E0 41 00 00 D0 41 00 00 0C 42 00 00 1C 42
00 00 18 42 00 00 14 42 00 00 E0 41 00 00 34 42 00 00 20 42 00 00 1C 42 00 00 A8 41 00 00 A0 41
00 00 B8 41 00 00 C8 41 00 00 80 41 00 00 70 41 00 00 80 41 00 00 B8 41 00 00 00 42 00 00 24 42
00 00 88 42 00 00 CC 42 00 00 14 43 00 00 2A 43 00 00 4B 43 00 00 7A 43 00 80 96 43 00 00 A4 43
00 00 B2 43 00 80 BF 43 00 80 C3 43 00 00 C0 43 00 80 C9 43 00 80 CA 43 00 80 C7 43 00 80 C2 43
00 00 C7 43 00 80 D8 43 00 80 CD 43 00 80 C8 43 00 00 CD 43 00 00 D3 43 00 80 C4 43 00 00 B4 43
00 00 B0 43 00 00 A9 43 00 00 8E 43 00 00 79 43 00 00 6B 43 00 00 55 43 00 00 2F 43 00 00 24 43
00 00 24 43 00 00 06 43 00 00 DE 42 00 00 BA 42 00 00 AC 42 00 00 82 42 00 00 40 42 00 00 00 42
00 00 00 42 00 00 B8 41 00 00 88 41 00 00 F0 41 00 00 60 42 00 00 94 42 00 00 BC 42 00 00 EA 42
00 00 02 43 00 00 0B 43 00 00 25 43 00 00 37 43 00 00 3B 43 00 00 41 43 00 00 50 43 00 00 67 43
00 00 73 43 00 00 83 43 00 00 8B 43 00 00 95 43 00 00 9A 43 00 00 A3 43 00 00 A7 43 00 00 A7 43
00 80 A4 43 00 80 A3 43 00 00 A2 43 00 80 9C 43 00 80 94 43 00 80 94 43 00 80 91 43 00 80 86 43
00 00 83 43 00 00 7B 43 00 00 73 43 00 00 6A 43 00 00 64 43 00 00 55 43 00 00 4B 43 00 00 43 43
00 00 45 43 00 00 42 43 00 00 38 43 00 00 33 43 00 00 36 43 00 00 2F 43 00 00 34 43 00 00 37 43
00 00 40 43 00 00 47 43 00 00 5A 43 00 00 51 43 00 00 67 43 00 00 7B 43 00 00 7D 43 00 80 85 43
00 00 8E 43 00 80 89 43 00 00 91 43 00 80 95 43 00 00 97 43 00 80 A1 43 00 00 A2 43 00 00 B0 43
00 00 B7 43 00 00 B5 43 00 00 B2 43 00 80 B1 43 00 80 AC 43 00 80 AB 43 00 80 AE 43 00 80 AB 43
00 00 A3 43 00 00 9F 43 00 00 99 43 00 00 9B 43 00 80 9A 43 00 00 96 43 00 00 9A 43 00 80 94 43
00 80 94 43 00 80 8B 43 00 00 7A 43 00 00 70 43 00 00 61 43 00 00 55 43 00 00 4A 43 00 00 40 43
00 00 3B 43 00 00 38 43 00 00 3B 43 00 00 3B 43 00 00 44 43 00 00 4F 43 00 00 49 43 00 00 48 43
00 00 4D 43 00 00 4E 43 00 00 57 43 00 00 68 43 00 00 6F 43 00 00 76 43 00 00 7E 43 00 00 86 43
00 80 8E 43 00 00 97 43 00 00 97 43 00 80 98 43 00 80 9D 43 00 80 9A 43 00 80 95 43 00 80 98 43
00 00 95 43 00 80 95 43 00 80 92 43 00 80 8B 43 00 00 86 43 00 00 86 43 00 80 86 43 00 80 89 43
00 80 85 43 00 00 81 43 00 00 7F 43 00 00 7B 43 00 00 63 43 00 00 57 43 00 00 57 43 00 00 50 43
00 00 52 43 00 00 45 43 00 00 42 43 00 00 47 43 00 00 51 43 00 00 59 43 00 00 5F 43 00 00 5F 43
00 00 5E 43 00 00 5F 43 00 00 65 43 00 00 63 43 00 00 67 43 00 00 6F 43 00 00 6F 43 00 00 77 43
00 80 80 43 00 80 8B 43 00 00 93 43 00 00 98 43 00 00 9F 43 00 00 A0 43 00 80 A2 43 00 00 A3 43
00 80 9C 43 00 80 9A 43 00 00 9B 43 00 80 96 43 00 80 95 43 00 00 91 43 00 80 8F 43 00 80 89 43
00 80 87 43 00 00 84 43 00 00 7F 43 00 00 7B 43 00 00 63 43 00 00 5C 43 00 00 4A 43 00 00 32 43
00 00 23 43 00 00 1B 43 00 00 1E 43 00 00 18 43 00 00 0E 43 00 00 13 43 00 00 1D 43 00 00 16 43
00 00 16 43 00 00 19 43 00 00 1B 43 00 00 1A 43 00 00 1C 43 00 00 17 43 00 00 1F 43 00 00 27 43
00 00 2D 43 00 00 35 43 00 00 46 43 00 00 4D 43 00 00 5C 43 00 00 6C 43 00 00 73 43 00 80 80 43
00 80 83 43 00 80 8A 43 00 00 92 43 00 80 8D 43 00 00 8E 43 00 00 95 43 00 80 97 43 00 80 9A 43
00 80 96 43 00 80 9C 43 00 80 9A 43 00 00 9C 43 00 80 9B 43 00 80 9C 43 00 80 A3 43 00 80 A0 43
00 80 A5 43 00 00 A7 43 00 80 A2 43 00 80 A0 43 00 80 A4 43 00 00 A5 43 00 00 A2 43 00 00 9D 43
00 00 9D 43 00 80 9A 43 00 80 9F 43 00 00 98 43 00 80 9E 43 00 00 93 43 00 00 98 43 00 00 95 43
00 80 94 43 00 00 8B 43 00 80 8D 43 00 80 87 43 00 00 8C 43 00 00 83 43 00 80 85 43 00 00 87 43
00 80 85 43 00 80 84 43 00 00 8C 43 00 80 83 43 00 80 89 43 00 00 8A 43 00 00 85 43 00 80 8A 43
00 00 83 43 00 00 87 43 00 80 8B 43 00 80 84 43 00 00 8E 43 00 80 91 43 00 80 8D 43 00 80 93 43
00 00 96 43 00 00 95 43 00 00 9D 43 00 00 9A 43 00 00 9C 43 00 80 A1 43 00 00 9B 43 00 00 9F 43
00 00 A7 43 00 00 A3 43 00 80 A4 43 00 00 A8 43 00 80 AA 43 00 80 AA 43 00 00 A8 43 00 80 A7 43
00 00 AE 43 00 80 A9 43 00 00 A7 43 00 00 A7 43 00 80 A5 43 00 80 A0 43 00 00 A2 43 00 80 9E 43
00 80 9E 43 00 00 9C 43 00 80 99 43 00 80 98 43 00 80 96 43 00 80 90 43 00 80 90 43 00 80 8D 43
00 80 8A 43 00 00 85 43 00 00 84 43 00 80 80 43 00 80 80 43 00 00 80 43 00 00 7B 43 00 00 7F 43
00 00 7E 43 00 00 7E 43 00 00 80 43 00 80 80 43 00 00 80 43 00 00 84 43 00 00 88 43 00 00 8A 43
00 00 8C 43 00 00 90 43 00 80 93 43 00 80 97 43 00 80 98 43 00 00 9D 43 00 80 9E 43 00 80 9F 43
00 00 A3 43 00 80 A6 43 00 80 A6 43 00 80 A9 43 00 00 AB 43 00 00 AD 43 00 00 AF 43 00 80 AF 43
00 00 B0 43 00 80 B0 43 00 00 B1 43 00 80 AE 43 00 00 B2 43 00 80 B1 43 00 00 AE 43 00 80 AF 43
00 00 AC 43 00 00 A6 43 00 80 A2 43 00 80 9D 43 00 80 98 43 00 00 92 43 00 00 8E 43 00 80 88 43
00 80 81 43 00 00 79 43 00 00 6F 43 00 00 66 43 00 00 5C 43 00 00 56 43 00 00 46 43 00 00 3A 43
00 00 33 43 00 00 2F 43 00 00 20 43 00 00 1A 43 00 00 19 43 00 00 12 43 00 00 14 43 00 00 15 43
00 00 16 43 00 00 19 43 00 00 1F 43 00 00 22 43 00 00 2A 43 00 00 2F 43 00 00 31 43 00 00 39 43
00 00 42 43 00 00 49 43 00 00 4E 43 00 00 54 43 00 00 56 43 00 00 5A 43 00 00 60 43 00 00 61 43
00 00 64 43 00 00 64 43 00 00 66 43 00 00 69 43 00 00 66 43 00 00 62 43 00 00 5F 43 00 00 5E 43
00 00 5C 43 00 00 54 43 00 00 54 43 00 00 4C 43 00 00 49 43 00 00 45 43 00 00 3F 43 00 00 40 43
00 00 38 43 00 00 33 43 00 00 38 43 00 00 30 43 00 00 2F 43 00 00 2A 43 00 00 2A 43 00 00 2D 43
00 00 2E 43 00 00 30 43 00 00 2F 43 00 00 30 43 00 00 39 43 00 00 3A 43 00 00 43 43 00 00 4A 43
00 00 4B 43 00 00 53 43 00 00 56 43 00 00 5A 43 00 00 5A 43 00 00 5E 43 00 00 62 43 00 00 5E 43
00 00 5D 43 00 00 5D 43 00 00 5B 43 00 00 55 43 00 00 57 43 00 00 54 43 00 00 4E 43 00 00 4F 43
00 00 43 43 00 00 39 43 00 00 33 43 00 00 2C 43 00 00 22 43 00 00 16 43 00 00 0B 43 00 00 06 43
00 00 FE 42 00 00 E4 42 00 00 D2 42 00 00 C6 42 00 00 B2 42 00 00 98 42 00 00 92 42 00 00 6C 42
00 00 4C 42 00 00 30 42 00 00 30 42 00 00 20 42 00 00 C0 41 00 00 D0 41 00 00 D0 41 00 00 D8 41
00 00 B8 41 00 00 30 41 00 00 98 41 00 00 40 41 00 00 E0 40 00 00 20 41 00 00 40 41 00 00 40 40
00 00 80 3F 00 00 30 41 00 00 70 41 00 00 50 41 00 00 30 41 00 00 80 41 00 00 00 42 00 00 E8 41
00 00 14 42 00 00 2C 42 00 00 44 42 00 00 38 42 00 00 3C 42 00 00 86 42 00 00 6C 42 00 00 44 42
00 00 24 42 00 00 30 42 00 00 2C 42 00 00 34 42 00 00 18 42 00 00 44 42 00 00 58 42 00 00 4C 42
00 00 80 42 00 00 AA 42 00 00 E6 42 00 00 0C 43 00 00 23 43 00 00 38 43 00 00 57 43 00 00 72 43
00 80 8D 43 00 00 99 43 00 80 9A 43 00 80 9D 43 00 80 AC 43 00 80 B1 43 00 00 AE 43 00 80 B0 43
00 80 B4 43 00 80 B1 43 00 80 B7 43 00 80 B2 43 00 80 B8 43 00 80 B0 43 00 00 B3 43 00 00 B2 43
00 00 A3 43 00 00 9F 43 00 00 8D 43 00 00 90 43 00 80 83 43 00 00 5F 43 00 00 4A 43 00 00 3C 43
00 00 27 43 00 00 13 43 00 00 10 43 00 00 F6 42 00 00 C8 42 00 00 BE 42 00 00 B4 42 00 00 A0 42
00 00 82 42 00 00 60 42 00 00 84 42 00 00 48 42 00 00 68 42 00 00 74 42 00 00 90 42 00 00 AE 42
00 00 C4 42 00 00 D0 42 00 00 06 43 00 00 0B 43 00 00 22 43 00 00 33 43 00 00 40 43 00 00 43 43
00 00 50 43 00 00 67 43 00 00 7A 43 00 00 83 43 00 00 86 43 00 80 90 43 00 00 8C 43 00 00 93 43
00 00 9D 43 00 00 96 43 00 00 95 43 00 00 96 43 00 00 90 43 00 80 90 43 00 00 8B 43 00 00 8A 43
00 00 86 43 00 00 7C 43 00 00 6F 43 00 00 71 43 00 00 6C 43 00 00 5B 43 00 00 58 43 00 00 56 43
00 00 54 43 00 00 4D 43 00 00 40 43 00 00 3C 43 00 00 43 43 00 00 3A 43 00 00 3B 43 00 00 42 43
00 00 3C 43 00 00 40 43 00 00 44 43 00 00 4D 43 00 00 58 43 00 00 57 43 00 00 67 43 00 00 6E 43
00 00 81 43 00 80 82 43 00 00 89 43 00 00 90 43 00 80 93 43 00 80 90 43 00 80 95 43 00 00 9B 43
00 80 9A 43 00 00 A1 43 00 00 A4 43 00 00 A3 43 00 80 A0 43 00 80 A0 43 00 00 A1 43 00 80 9A 43
00 00 97 43 00 80 95 43 00 80 90 43 00 80 8F 43 00 00 8B 43 00 00 85 43 00 80 86 43 00 00 82 43
00 00 7D 43 00 00 7C 43 00 00 73 43 00 00 6F 43 00 00 63 43 00 00 53 43 00 00 48 43 00 00 3B 43
00 00 3C 43 00 00 33 43 00 00 34 43 00 00 2D 43 00 00 2A 43 00 00 36 43 00 00 41 43 00 00 3F 43
00 00 47 43 00 00 4E 43 00 00 4D 43 00 00 59 43 00 00 68 43 00 00 69 43 00 00 6D 43 00 00 76 43
00 00 83 43 00 00 87 43 00 80 89 43 00 00 8D 43 00 00 8E 43 00 00 91 43 00 00 94 43 00 00 8F 43
00 80 8E 43 00 80 8D 43 00 80 8B 43 00 00 8B 43 00 80 85 43 00 80 84 43 00 00 7F 43 00 00 7A 43
00 00 78 43 00 00 71 43 00 00 71 43 00 00 6C 43 00 00 64 43 00 00 52 43 00 00 4D 43 00 00 47 43
00 00 42 43 00 00 40 43 00 00 39 43 00 00 39 43 00 00 38 43 00 00 37 43 00 00 45 43 00 00 4B 43
00 00 50 43 00 00 4F 43 00 00 58 43 00 00 5C 43 00 00 5E 43 00 00 66 43 00 00 6E 43 00 00 74 43
00 00 71 43 00 00 75 43 00 00 81 43 00 00 86 43 00 80 8D 43 00 00 8E 43 00 80 8F 43 00 80 98 43
00 00 98 43 00 80 95 43 00 00 92 43 00 00 90 43 00 80 8E 43 00 00 8E 43 00 00 8B 43 00 80 84 43
00 80 80 43 00 00 79 43 00 00 7F 43 00 00 79 43 00 00 5F 43 00 00 57 43 00 00 51 43 00 00 42 43
00 00 35 43 00 00 29 43 00 00 20 43 00 00 18 43 00 00 19 43 00 00 13 43 00 00 0D 43 00 00 0D 43
00 00 10 43 00 00 1A 43 00 00 20 43 00 00 0F 43 00 00 0F 43 00 00 1A 43 00 00 1E 43 00 00 24 43
00 00 22 43 00 00 30 43 00 00 33 43 00 00 3F 43 00 00 44 43 00 00 4B 43 00 00 9B 43 00 00 9C 43
00 00 97 43 00 80 91 43 00 80 8C 43 00 80 86 43 00 80 81 43 00 00 6A 43 00 00 60 43 00 00 58 43
00 00 44 43 00 00 37 43 00 00 2B 43 00 00 2A 43 00 00 1F 43 00 00 14 43 00 00 19 43 00 00 1B 43
00 00 11 43 00 00 16 43 00 00 1C 43 00 00 1A 43 00 00 1B 43 00 00 19 43 00 00 2A 43 00 00 23 43
00 00 21 43 00 00 2F 43 00 00 37 43 00 00 44 43 00 00 44 43 00 00 55 43 00 00 68 43 00 00 6B 43
00 00 78 43 00 80 85 43 00 00 8C 43 00 00 8A 43 00 00 8F 43 00 80 91 43 00 80 92 43 00 00 93 43
00 00 98 43 00 00 9C 43 00 00 9D 43 00 00 A1 43 00 80 9E 43 00 80 A1 43 00 00 A5 43 00 00 A6 43
00 00 A8 43 00 00 A6 43 00 80 A4 43 00 00 A5 43 00 80 A3 43 00 80 A8 43 00 00 A2 43 00 80 A4 43
00 00 A3 43 00 00 A6 43 00 00 A1 43 00 00 A1 43 00 00 A2 43 00 80 A0 43 00 00 9F 43 00 00 9F 43
00 00 9D 43 00 00 A2 43 00 00 9A 43 00 80 9A 43 00 00 9A 43 00 00 96 43 00 80 9B 43 00 80 90 43
00 00 98 43 00 00 92 43 00 80 94 43 00 80 90 43 00 80 93 43 00 00 8A 43 00 80 91 43 00 80 8E 43
00 80 8C 43 00 80 8D 43 00 00 8A 43 00 80 89 43 00 00 95 43 00 00 86 43 00 80 93 43 00 80 8E 43
00 80 8C 43 00 00 95 43 00 80 92 43 00 80 96 43 00 80 9C 43 00 00 98 43 00 80 9C 43 00 80 9E 43
00 80 99 43 00 80 9F 43 00 00 A4 43 00 80 A1 43 00 80 A2 43 00 80 A5 43 00 80 A6 43 00 00 A8 43
00 80 A7 43 00 80 A8 43 00 80 AD 43 00 80 A9 43 00 00 AA 43 00 00 AF 43 00 80 A9 43 00 00 A7 43
00 00 A9 43 00 80 A6 43 00 00 A5 43 00 00 A5 43 00 80 A2 43 00 00 A3 43 00 00 9F 43 00 80 9B 43
00 80 96 43 00 00 97 43 00 80 93 43 00 00 8D 43 00 00 8E 43 00 80 87 43 00 00 85 43 00 80 88 43
00 00 85 43 00 00 88 43 00 80 84 43 00 80 84 43 00 80 87 43 00 80 89 43 00 00 88 43 00 80 87 43
00 80 89 43 00 00 8B 43 00 00 92 43 00 80 91 43 00 00 94 43 00 00 98 43 00 00 99 43 00 80 9F 43
00 80 A1 43 00 80 A4 43 00 80 A4 43 00 80 A9 43 00 80 AA 43 00 00 AE 43 00 00 B0 43 00 80 B0 43
00 00 B3 43 00 00 B4 43 00 80 B3 43 00 80 B4 43 00 80 B3 43 00 80 B4 43 00 00 B2 43 00 80 B0 43
00 80 AE 43 00 80 AB 43 00 80 A8 43 00 00 A7 43 00 00 A4 43 00 00 9B 43 00 80 9B 43 00 00 95 43
00 00 F0 42 00 00 F8 42 00 00 FA 42 00 00 07 43 00 00 12 43 00 00 15 43 00 00 18 43 00 00 1C 43
00 00 1E 43 00 00 20 43 00 00 26 43 00 00 2A 43 00 00 33 43 00 00 35 43 00 00 3D 43 00 00 46 43
00 00 4C 43 00 00 4F 43 00 00 53 43 00 00 54 43 00 00 55 43 00 00 54 43 00 00 56 43 00 00 57 43
00 00 55 43 00 00 54 43 00 00 52 43 00 00 4F 43 00 00 4C 43 00 00 46 43 00 00 45 43 00 00 39 43
00 00 33 43 00 00 2A 43 00 00 21 43 00 00 20 43 00 00 18 43 00 00 13 43 00 00 16 43 00 00 15 43
00 00 19 43 00 00 1B 43 00 00 1B 43 00 00 1E 43 00 00 21 43 00 00 25 43 00 00 26 43 00 00 24 43
00 00 27 43 00 00 20 43 00 00 25 43 00 00 27 43 00 00 27 43 00 00 29 43 00 00 27 43 00 00 23 43
00 00 24 43 00 00 21 43 00 00 1E 43 00 00 19 43 00 00 16 43 00 00 13 43 00 00 0D 43 00 00 08 43
00 00 08 43 00 00 FE 42 00 00 F2 42 00 00 E4 42 00 00 D8 42 00 00 C8 42 00 00 B6 42 00 00 A6 42
00 00 90 42 00 00 86 42 00 00 68 42 00 00 60 42 00 00 4C 42 00 00 18 42 00 00 00 42 00 00 00 42
00 00 D0 41 00 00 88 41 00 00 60 41 00 00 50 41 00 00 E0 40 00 00 50 41 00 00 00 41 00 00 30 41
00 00 E0 40 00 00 10 41 00 00 60 41 00 00 10 41 00 00 80 40 00 00 70 C1 00 00 20 C1 00 00 90 C1
00 00 88 C1 00 00 B8 C1 00 00 00 C2 00 00 0C C2 00 00 D8 C1 00 00 E0 C1 00 00 B0 C1 00 00 04 C2
00 00 F0 C1 00 00 A0 C1 00 00 C8 C1 00 00 B0 C1 00 00 24 C2 00 00 18 C2 00 00 3C C2 00 00 2C C2
00 00 40 C2 00 00 3C C2 00 00 28 C2 00 00 F8 C1 00 00 98 C1 00 00 40 40 00 00 10 42 00 00 A8 42
00 00 03 43 00 00 30 43 00 00 5C 43 00 80 8C 43 00 00 A8 43 00 00 B6 43 00 80 C7 43 00 80 D6 43
00 80 D5 43 00 00 D7 43 00 80 DC 43 00 00 DE 43 00 80 D7 43 00 00 D0 43 00 80 DC 43 00 00 DE 43
00 80 D7 43 00 00 D6 43 00 80 D8 43 00 00 D5 43 00 00 C3 43 00 80 B3 43 00 00 A7 43 00 80 94 43
00 00 79 43 00 00 5A 43 00 00 43 43 00 00 21 43 00 00 FC 42 00 00 EE 42 00 00 CA 42 00 00 82 42
00 00 14 42 00 00 A8 41 00 00 00 00 00 00 D0 C1 00 00 50 C2 00 00 60 C2 00 00 78 C2 00 00 78 C2
00 00 4C C2 00 00 F0 C1 00 00 40 40 00 00 C8 41 00 00 60 42 00 00 A6 42 00 00 BE 42 00 00 DE 42
00 00 0F 43 00 00 24 43 00 00 29 43 00 00 35 43 00 00 4A 43 00 00 60 43 00 00 72 43 00 80 85 43
00 80 90 43 00 00 98 43 00 00 9F 43 00 80 A6 43 00 80 A8 43 00 00 AA 43 00 00 A8 43 00 80 A8 43
00 00 A4 43 00 80 9F 43 00 00 9A 43 00 00 99 43 00 00 92 43 00 80 85 43 00 00 80 43 00 00 70 43
00 00 62 43 00 00 52 43 00 00 41 43 00 00 2F 43 00 00 27 43 00 00 1B 43 00 00 15 43 00 00 15 43
00 00 05 43 00 00 07 43 00 00 04 43 00 00 0B 43 00 00 0B 43 00 00 18 43 00 00 17 43 00 00 24 43
00 00 33 43 00 00 37 43 00 00 47 43 00 00 60 43 00 00 61 43 00 00 64 43 00 00 7D 43 00 00 6D 43
00 00 82 43 00 00 88 43 00 80 8C 43 00 00 99 43 00 80 9D 43 00 00 9C 43 00 80 A4 43 00 80 A4 43
00 00 A5 43 00 00 AD 43 00 80 AB 43 00 80 A7 43 00 80 A0 43 00 00 9B 43 00 00 99 43 00 80 93 43
00 80 97 43 00 00 92 43 00 00 93 43 00 80 93 43 00 00 94 43 00 00 8A 43 00 80 82 43 00 00 89 43
00 00 6B 43 00 00 6C 43 00 00 55 43 00 00 37 43 00 00 3D 43 00 00 29 43 00 00 35 43 00 00 2B 43
00 00 35 43 00 00 2E 43 00 00 25 43 00 00 38 43 00 00 30 43 00 00 31 43 00 00 38 43 00 00 37 43
00 00 4F 43 00 00 47 43 00 00 4D 43 00 00 58 43 00 00 70 43 00 00 81 43 00 00 87 43 00 00 8E 43
00 00 88 43 00 80 90 43 00 00 8D 43 00 00 88 43 00 80 8E 43 00 00 86 43 00 80 81 43 00 00 77 43
00 00 65 43 00 00 6B 43 00 00 62 43 00 00 59 43 00 00 5F 43 00 00 59 43 00 00 55 43 00 00 50 43
00 00 48 43 00 00 3D 43 00 00 32 43 00 00 2B 43 00 00 28 43 00 00 2D 43 00 00 29 43 00 00 26 43
00 00 33 43 00 00 32 43 00 00 39 43 00 00 3C 43 00 00 3F 43 00 00 40 43 00 00 3C 43 00 00 3F 43
00 00 46 43 00 00 4E 43 00 00 4D 43 00 00 57 43 00 00 5C 43 00 00 70 43 00 00 82 43 00 00 88 43
00 80 8B 43 00 80 93 43 00 80 96 43 00 80 97 43 00 80 98 43 00 80 94 43 00 80 91 43 00 00 8D 43
00 80 89 43 00 80 8C 43 00 00 85 43 00 00 82 43 00 00 80 43 00 00 78 43 00 00 74 43 00 00 61 43
00 00 62 43 00 00 42 43 00 00 3B 43 00 00 2D 43 00 00 0F 43 00 00 09 43 00 00 01 43 00 00 FE 42
00 00 FC 42 00 00 F8 42 00 00 F0 42 00 00 F2 42 00 00 F0 42 00 00 DC 42 00 00 DC 42 00 00 DC 42
00 00 D0 42 00 00 CE 42 00 00 C2 42 00 00 C4 42 00 00 E4 42 00 00 F2 42 00 00 0A 43 00 00 1C 43
00 00 20 43 00 00 29 43 00 00 34 43 00 00 45 43 00 00 50 43 00 00 56 43 00 00 5E 43 00 00 6B 43
00 00 74 43 00 00 71 43 00 00 73 43 00 00 81 43 00 00 86 43 00 00 88 43 00 00 8A 43 00 00 8C 43
00 00 8E 43 00 80 8E 43 00 80 90 43 00 00 92 43 00 80 95 43 00 00 95 43 00 00 97 43 00 00 99 43
00 80 93 43 00 00 95 43 00 00 96 43 00 80 98 43 00 00 94 43 00 00 95 43 00 00 8F 43 00 00 91 43
00 80 8F 43 00 80 8A 43 00 80 8C 43 00 00 86 43 00 00 88 43 00 00 88 43 00 80 84 43 00 80 82 43
00 00 83 43 00 00 79 43 00 00 7B 43 00 00 73 43 00 00 73 43 00 00 6C 43 00 00 6D 43 00 00 6D 43
00 00 71 43 00 00 66 43 00 00 6F 43 00 00 69 43 00 00 6B 43 00 00 68 43 00 00 64 43 00 00 6F 43
00 00 67 43 00 00 6F 43 00 00 7D 43 00 00 81 43 00 80 83 43 00 80 87 43 00 80 86 43 00 00 89 43
00 00 8C 43 00 80 8C 43 00 80 8F 43 00 00 8E 43 00 00 8A 43 00 80 8D 43 00 80 8F 43 00 00 8E 43
00 80 92 43 00 00 93 43 00 00 94 43 00 00 97 43 00 80 94 43 00 00 96 43 00 80 93 43 00 00 95 43
00 00 95 43 00 00 96 43 00 80 90 43 00 80 91 43 00 80 91 43 00 80 90 43 00 80 91 43 00 00 8E 43
00 80 8B 43 00 00 8A 43 00 00 86 43 00 00 82 43 00 00 7F 43 00 00 76 43 00 00 6F 43 00 00 70 43
00 00 6E 43 00 00 6A 43 00 00 6B 43 00 00 66 43 00 00 66 43 00 00 6A 43 00 00 69 43 00 00 6A 43
00 00 6C 43 00 00 65 43 00 00 68 43 00 00 6F 43 00 00 6C 43 00 00 72 43 00 00 72 43 00 00 73 43
00 00 78 43 00 00 7E 43 00 00 7C 43 00 00 83 43 00 80 82 43 00 80 85 43 00 00 8A 43 00 80 8B 43
00 80 8D 43 00 00 92 43 00 80 91 43 00 00 97 43 00 80 99 43 00 00 9B 43 00 80 9B 43 00 00 A0 43
00 80 9C 43 00 00 9F 43 00 00 A0 43 00 80 9C 43 00 80 9C 43 00 80 99 43 00 80 99 43 00 80 95 43
00 00 91 43 00 00 90 43 00 00 8D 43 00 00 88 43 00 80 86 43 00 80 80 43 00 00 71 43 00 00 6D 43
00 00 5B 43 00 00 56 43 00 00 4C 43 00 00 3F 43 00 00 31 43 00 00 21 43 00 00 19 43 00 00 09 43
00 00 FC 42 00 00 F2 42 00 00 E0 42 00 00 D0 42 00 00 CC 42 00 00 C6 42 00 00 C4 42 00 00 BE 42
00 00 CA 42 00 00 CA 42 00 00 D0 42 00 00 D2 42 00 00 DE 42 00 00 E8 42 00 00 FA 42 00 00 04 43
00 00 0B 43 00 00 13 43 00 00 15 43 00 00 1B 43 00 00 20 43 00 00 28 43 00 00 2C 43 00 00 2D 43
00 00 35 43 00 00 37 43 00 00 3E 43 00 00 3F 43 00 00 43 43 00 00 45 43 00 00 42 43 00 00 48 43
00 00 43 43 00 00 3F 43 00 00 3E 43 00 00 3B 43 00 00 37 43 00 00 34 43 00 00 2D 43 00 00 2C 43
00 00 23 43 00 00 1C 43 00 00 19 43 00 00 10 43 00 00 0B 43 00 00 0B 43 00 00 03 43 00 00 05 43
00 00 05 43 00 00 02 43 00 00 04 43 00 00 09 43 00 00 0D 43 00 00 10 43 00 00 13 43 00 00 15 43
00 00 17 43 00 00 17 43 00 00 1A 43 00 00 18 43 00 00 19 43 00 00 15 43 00 00 14 43 00 00 17 43
00 00 11 43 00 00 13 43 00 00 10 43 00 00 0F 43 00 00 0F 43 00 00 0C 43 00 00 0C 43 00 00 04 43
00 00 00 43 00 00 FE 42 00 00 EE 42 00 00 DC 42 00 00 C4 42 00 00 BC 42 00 00 B2 42 00 00 98 42
00 00 8E 42 00 00 6C 42 00 00 50 42 00 00 2C 42 00 00 0C 42 00 00 C8 41 00 00 60 41 00 00 E0 40
00 00 00 41 00 00 A0 C0 00 00 50 C1 00 00 70 C1 00 00 60 C1 00 00 60 C1 00 00 88 C1 00 00 C8 C1
00 00 C8 C1 00 00 04 C2 00 00 20 C2 00 00 20 C2 00 00 20 C2 00 00 5C C2 00 00 70 C2 00 00 60 C2
00 00 5C C2 00 00 7C C2 00 00 8E C2 00 00 68 C2 00 00 58 C2 00 00 60 C2 00 00 48 C2 00 00 48 C2
00 00 3C C2 00 00 40 C2 00 00 24 C2 00 00 B8 C1 00 00 F8 C1 00 00 20 C2 00 00 20 C2 00 00 0C C2
00 00 18 C2 00 00 18 C2 00 00 1C C2 00 00 04 C2 00 00 04 C2 00 00 A0 C1 00 00 00 00 00 00 F8 41
00 00 86 42 00 00 CE 42 00 00 0F 43 00 00 2C 43 00 00 56 43 00 00 7D 43 00 80 91 43 00 00 A1 43
00 00 A0 43 00 80 A6 43 00 80 B1 43 00 00 B3 43 00 00 B1 43 00 80 B0 43 00 00 B0 43 00 80 AC 43
00 80 AD 43 00 80 AE 43 00 00 AC 43 00 80 A5 43 00 80 A6 43 00 00 9B 43 00 80 90 43 00 80 83 43
00 00 6F 43 00 00 68 43 00 00 42 43 00 00 1A 43 00 00 06 43 00 00 DC 42 00 00 B0 42 00 00 84 42
00 00 38 42 00 00 D0 41 00 00 80 3F 00 00 50 C1 00 00 A0 C1 00 00 E0 C1 00 00 50 C2 00 00 40 C2
00 00 50 C2 00 00 24 C2 00 00 14 C2 00 00 60 C1 00 00 C0 40 00 00 C8 41 00 00 28 42 00 00 44 42
00 00 9A 42 00 00 BC 42 00 00 E0 42 00 00 0A 43 00 00 09 43 00 00 18 43 00 00 27 43 00 00 3D 43
00 00 4D 43 00 00 5F 43 00 00 71 43 00 80 80 43 00 80 83 43 00 80 81 43 00 00 92 43 00 80 8F 43
00 00 85 43 00 00 8D 43 00 80 86 43 00 80 80 43 00 00 77 43 00 00 6D 43 00 00 60 43 00 00 56 43
00 00 4A 43 00 00 3C 43 00 00 32 43 00 00 1C 43 00 00 10 43 00 00 15 43 00 00 FE 42 00 00 FA 42
00 00 EE 42 00 00 CE 42 00 00 E0 42 00 00 E8 42 00 00 DC 42 00 00 00 43 00 00 EC 42 00 00 02 43
00 00 00 43 00 00 11 43 00 00 13 43 00 00 17 43 00 00 32 43 00 00 30 43 00 00 37 43 00 00 43 43
00 00 51 43 00 00 58 43 00 00 68 43 00 00 69 43 00 00 67 43 00 00 75 43 00 00 7D 43 00 00 7F 43
00 80 85 43 00 80 87 43 00 80 86 43 00 80 86 43 00 80 85 43 00 00 7C 43 00 00 77 43 00 00 77 43
00 00 67 43 00 00 64 43 00 00 5D 43 00 00 56 43 00 00 53 43 00 00 47 43 00 00 46 43 00 00 3C 43
00 00 3D 43 00 00 36 43 00 00 27 43 00 00 21 43 00 00 13 43 00 00 0C 43 00 00 0B 43 00 00 04 43
00 00 04 43 00 00 F8 42 00 00 EE 42 00 00 03 43 00 00 07 43 00 00 0D 43 00 00 14 43 00 00 17 43
00 00 1B 43 00 00 21 43 00 00 29 43 00 00 33 43 00 00 37 43 00 00 45 43 00 00 54 43 00 00 5A 43
00 00 5D 43 00 00 60 43 00 00 6B 43 00 00 64 43 00 00 66 43 00 00 62 43 00 00 56 43 00 00 50 43
00 00 40 43 00 00 3B 43 00 00 31 43 00 00 2C 43 00 00 26 43 00 00 23 43 00 00 1F 43 00 00 19 43
00 00 19 43 00 00 0E 43 00 00 10 43 00 00 07 43 00 00 FC 42 00 00 03 43 00 00 FC 42 00 00 F8 42
00 00 FC 42 00 00 04 43 00 00 0B 43 00 00 04 43 00 00 09 43 00 00 0F 43 00 00 0F 43 00 00 1A 43
00 00 1D 43 00 00 1D 43 00 00 26 43 00 00 24 43 00 00 2F 43 00 00 36 43 00 00 3F 43 00 00 4E 43
00 00 5E 43 00 00 67 43 00 00 6E 43 00 00 72 43 00 00 74 43 00 00 7A 43 00 00 7D 43 00 00 7A 43
00 00 72 43 00 00 65 43 00 00 63 43 00 00 5D 43 00 00 59 43 00 00 52 43 00 00 46 43 00 00 44 43
00 00 42 43 00 00 2F 43 00 00 1A 43 00 00 15 43 00 00 0D 43 00 00 F8 42 00 00 DE 42 00 00 C4 42
00 00 BA 42 00 00 AC 42 00 00 B2 42 00 00 A0 42 00 00 98 42 00 00 9C 42 00 00 9C 42 00 00 A0 42
00 00 96 42 00 00 84 42 00 00 78 42 00 00 A0 42 00 00 9E 42 00 00 A0 42 00 00 A8 42 00 00 B8 42
00 00 D6 42 00 00 F4 42 00 00 06 43 00 00 10 43 00 00 1B 43 00 00 1F 43 00 00 A4 43 00 80 9B 43
00 00 97 43 00 00 90 43 00 00 89 43 00 80 82 43 00 00 7A 43 00 00 6E 43 00 00 5D 43 00 00 52 43
00 00 4D 43 00 00 46 43 00 00 3B 43 00 00 31 43 00 00 2F 43 00 00 2D 43 00 00 26 43 00 00 27 43
00 00 27 43 00 00 28 43 00 00 24 43 00 00 2A 43 00 00 33 43 00 00 2C 43 00 00 34 43 00 00 3A 43
00 00 3E 43 00 00 4A 43 00 00 58 43 00 00 63 43 00 00 6F 43 00 00 73 43 00 80 81 43 00 80 8A 43
00 80 8E 43 00 80 8C 43 00 00 93 43 00 00 96 43 00 80 96 43 00 80 98 43 00 00 9F 43 00 00 A1 43
00 80 A6 43 00 80 A8 43 00 00 AA 43 00 80 AD 43 00 80 B0 43 00 00 B4 43 00 00 B4 43 00 00 B2 43
00 80 B0 43 00 80 B5 43 00 80 B2 43 00 00 B6 43 00 00 B3 43 00 00 AF 43 00 00 B2 43 00 00 B2 43
00 80 AE 43 00 00 B0 43 00 00 AE 43 00 80 AD 43 00 00 AF 43 00 80 AE 43 00 00 AC 43 00 00 B1 43
00 00 A8 43 00 80 AD 43 00 00 AB 43 00 00 AB 43 00 80 A6 43 00 80 A5 43 00 00 A3 43 00 80 A0 43
00 00 9C 43 00 00 9E 43 00 00 97 43 00 80 96 43 00 80 9B 43 00 00 96 43 00 00 96 43 00 00 95 43
00 80 90 43 00 80 99 43 00 00 96 43 00 00 98 43 00 80 9E 43 00 00 98 43 00 00 9E 43 00 80 9F 43
00 00 9F 43 00 80 A4 43 00 80 A4 43 00 00 A1 43 00 80 A5 43 00 80 A3 43 00 00 A2 43 00 00 A6 43
00 80 A6 43 00 00 A9 43 00 80 A9 43 00 80 A9 43 00 00 AD 43 00 80 B1 43 00 00 AC 43 00 80 B1 43
00 80 B4 43 00 80 B2 43 00 80 B5 43 00 80 B7 43 00 00 B3 43 00 80 B6 43 00 80 B7 43 00 00 B5 43
00 00 B6 43 00 80 B2 43 00 80 AF 43 00 00 B1 43 00 80 AA 43 00 80 A9 43 00 80 A2 43 00 00 A4 43
00 80 9F 43 00 00 A0 43 00 80 9E 43 00 00 9C 43 00 80 9B 43 00 00 99 43 00 80 98 43 00 00 9B 43
00 00 97 43 00 80 93 43 00 80 97 43 00 00 96 43 00 00 95 43 00 00 96 43 00 00 97 43 00 00 97 43
00 80 99 43 00 80 97 43 00 00 9C 43 00 00 9C 43 00 80 9D 43 00 80 A1 43 00 00 A2 43 00 00 A4 43
00 80 A5 43 00 00 A7 43 00 80 AB 43 00 00 AD 43 00 00 B1 43 00 00 B4 43 00 80 B6 43 00 80 B8 43
00 80 B7 43 00 00 BA 43 00 80 B7 43 00 00 B7 43 00 00 B7 43 00 80 B6 43 00 00 B5 43 00 80 B3 43
00 80 B1 43 00 80 B0 43 00 80 AD 43 00 80 AE 43 00 00 AA 43 00 80 A7 43 00 80 A4 43 00 80 9F 43
00 E0 95 44 00 00 96 44 00 20 96 44 00 20 96 44 00 20 97 44 00 80 97 44 00 20 98 44 00 60 98 44
00 E0 98 44 00 60 99 44 00 E0 99 44 00 40 9A 44 00 00 9A 44 00 60 9A 44 00 60 9A 44 00 80 9A 44
00 20 9A 44 00 C0 99 44 00 80 99 44 00 C0 98 44 00 E0 98 44 00 E0 98 44 00 E0 97 44 00 80 97 44
00 A0 96 44 00 80 96 44 00 C0 95 44 00 00 95 44 00 A0 94 44 00 00 94 44 00 80 93 44 00 20 93 44
00 E0 92 44 00 C0 92 44 00 60 92 44 00 60 92 44 00 40 92 44 00 60 92 44 00 80 92 44 00 60 92 44
00 20 93 44 00 60 93 44 00 40 94 44 00 80 94 44 00 C0 94 44 00 E0 95 44 00 60 96 44 00 C0 96 44
00 E0 97 44 00 00 98 44 00 00 98 44 00 40 98 44 00 00 98 44 00 40 98 44 00 E0 97 44 00 80 97 44
00 80 97 44 00 20 96 44 00 80 96 44 00 C0 95 44 00 20 95 44 00 20 94 44 00 A0 92 44 00 40 92 44
00 A0 90 44 00 60 8F 44 00 20 8E 44 00 E0 8C 44 00 C0 8B 44 00 80 8A 44 00 80 89 44 00 E0 87 44
00 80 86 44 00 80 85 44 00 60 84 44 00 A0 83 44 00 40 82 44 00 C0 81 44 00 C0 80 44 00 A0 80 44
00 80 80 44 00 00 80 44 00 00 80 44 00 80 7F 44 00 80 80 44 00 60 81 44 00 00 81 44 00 60 80 44
00 20 81 44 00 E0 80 44 00 E0 81 44 00 C0 80 44 00 60 81 44 00 40 80 44 00 60 80 44 00 A0 80 44
00 80 80 44 00 E0 80 44 00 C0 7D 44 00 60 80 44 00 80 7E 44 00 80 7E 44 00 40 7B 44 00 40 78 44
00 80 77 44 00 80 78 44 00 80 74 44 00 00 76 44 00 40 76 44 00 00 77 44 00 80 79 44 00 00 7D 44
00 C0 81 44 00 A0 86 44 00 E0 8D 44 00 C0 93 44 00 A0 98 44 00 20 A1 44 00 A0 A8 44 00 20 AF 44
00 60 B5 44 00 E0 BA 44 00 80 BE 44 00 00 BF 44 00 C0 C1 44 00 A0 C2 44 00 E0 C2 44 00 E0 C1 44
00 A0 C1 44 00 40 C3 44 00 80 C2 44 00 C0 C0 44 00 C0 BF 44 00 A0 BF 44 00 40 BC 44 00 20 B8 44
00 E0 B4 44 00 E0 B1 44 00 E0 AA 44 00 C0 A4 44 00 00 A1 44 00 60 9C 44 00 40 96 44 00 60 92 44
00 E0 90 44 00 80 8D 44 00 60 89 44 00 00 86 44 00 80 84 44 00 20 82 44 00 80 7E 44 00 80 7C 44
00 00 7B 44 00 00 7A 44 00 00 7A 44 00 00 7C 44 00 00 81 44 00 E0 83 44 00 60 87 44 00 E0 8A 44
00 E0 8D 44 00 E0 8F 44 00 20 94 44 00 00 98 44 00 60 9A 44 00 00 9D 44 00 60 9F 44 00 20 A1 44
00 20 A4 44 00 A0 A6 44 00 80 A8 44 00 40 AB 44 00 80 AC 44 00 A0 AE 44 00 E0 AF 44 00 20 B1 44
00 40 B1 44 00 C0 B1 44 00 80 B1 44 00 40 B1 44 00 A0 AF 44 00 20 AF 44 00 80 AD 44 00 80 AB 44
00 A0 A9 44 00 80 A6 44 00 40 A5 44 00 00 A3 44 00 E0 A1 44 00 60 A0 44 00 80 9E 44 00 00 9D 44
00 C0 9C 44 00 00 9C 44 00 80 9B 44 00 A0 9A 44 00 00 9A 44 00 C0 98 44 00 E0 98 44 00 40 99 44
00 20 99 44 00 80 99 44 00 60 9A 44 00 A0 9A 44 00 A0 9B 44 00 60 9C 44 00 C0 9D 44 00 00 9F 44
00 60 9F 44 00 E0 A0 44 00 C0 A1 44 00 00 A3 44 00 A0 A4 44 00 C0 A6 44 00 A0 A7 44 00 40 AA 44
00 C0 AB 44 00 40 AD 44 00 E0 AE 44 00 A0 AF 44 00 80 AF 44 00 80 AF 44 00 20 AE 44 00 C0 AD 44
00 80 AC 44 00 60 AB 44 00 20 AB 44 00 00 AA 44 00 80 A9 44 00 E0 A7 44 00 E0 A5 44 00 E0 A4 44
00 80 A3 44 00 40 A3 44 00 C0 A3 44 00 C0 A2 44 00 00 A2 44 00 80 A0 44 00 E0 9F 44 00 40 A0 44
00 20 A1 44 00 E0 A1 44 00 60 A3 44 00 E0 A3 44 00 80 A4 44 00 80 A5 44 00 A0 A6 44 00 C0 A6 44
00 C0 A6 44 00 40 A7 44 00 60 A8 44 00 C0 A8 44 00 20 A8 44 00 E0 A8 44 00 80 A8 44 00 40 A8 44
00 60 A9 44 00 20 AB 44 00 C0 AA 44 00 60 AB 44 00 80 AC 44 00 40 AC 44 00 C0 AC 44 00 20 AC 44
00 A0 AB 44 00 C0 AA 44 00 40 AA 44 00 80 A8 44 00 80 A7 44 00 C0 A6 44 00 80 A4 44 00 00 A4 44
00 60 A4 44 00 40 A4 44 00 00 A4 44 00 80 A3 44 00 A0 A2 44 00 A0 A0 44 00 60 A0 44 00 60 9F 44
00 E0 9E 44 00 60 9E 44 00 40 9D 44 00 80 9E 44 00 20 9F 44 00 80 A0 44 00 80 A1 44 00 A0 A3 44
00 00 A4 44 00 A0 A4 44 00 00 A6 44 00 C0 A6 44 00 40 A7 44 00 20 A8 44 00 20 A7 44 00 C0 A8 44
00 60 AA 44 00 60 AB 44 00 20 AD 44 00 00 AE 44 00 E0 AE 44 00 C0 AF 44 00 E0 AF 44 00 C0 AF 44
00 80 AF 44 00 40 AF 44 00 60 AF 44 00 60 AF 44 00 60 AD 44 00 20 AD 44 00 A0 AC 44 00 C0 AB 44
00 A0 AA 44 00 60 AA 44 00 00 AA 44 00 20 A9 44 00 80 A6 44 00 20 A5 44 00 E0 A3 44 00 80 A1 44
00 00 9F 44 00 20 9E 44 00 C0 9D 44 00 40 9D 44 00 00 9C 44 00 40 9C 44 00 A0 9B 44 00 20 9B 44
00 E0 9A 44 00 E0 9A 44 00 00 9B 44 00 E0 9A 44 00 C0 9A 44 00 C0 9A 44 00 A0 9B 44 00 00 9D 44
00 20 9E 44 00 C0 9F 44 00 E0 A1 44 00 60 A2 44 00 00 A4 44 00 60 A4 44 00 60 A5 44 00 60 A6 44
00 20 A7 44 00 40 A8 44 00 40 A9 44 00 E0 A8 44 00 E0 A8 44 00 80 A9 44 00 C0 A9 44 00 20 AB 44
00 00 AB 44 00 E0 AB 44 00 20 AB 44 00 60 AB 44 00 C0 AA 44 00 20 AB 44 00 A0 AC 44 00 60 AC 44
00 20 AE 44 00 20 AF 44 00 60 AD 44 00 40 AE 44 00 20 AE 44 00 00 AF 44 00 20 B0 44 00 A0 AF 44
00 80 AF 44 00 80 AF 44 00 80 AF 44 00 60 AE 44 00 60 B0 44 00 00 AF 44 00 20 B0 44 00 A0 AF 44
00 A0 AF 44 00 A0 AE 44 00 E0 AE 44 00 A0 AD 44 00 80 AF 44 00 40 AE 44 00 E0 AD 44 00 A0 AE 44
00 E0 AD 44 00 C0 AC 44 00 40 AE 44 00 40 AD 44 00 E0 AD 44 00 00 AE 44 00 80 AD 44 00 80 AD 44
00 A0 AD 44 00 80 AD 44 00 E0 AD 44 00 20 AD 44 00 20 AD 44 00 A0 AD 44 00 00 AD 44 00 80 AC 44
00 00 AD 44 00 E0 AC 44 00 80 AC 44 00 A0 AC 44 00 A0 AC 44 00 20 AD 44 00 00 AC 44 00 E0 AB 44
00 80 AC 44 00 20 AD 44 00 E0 AC 44 00 20 AD 44 00 60 AD 44 00 80 AD 44 00 A0 AD 44 00 80 AE 44
00 40 AF 44 00 C0 AF 44 00 E0 AF 44 00 80 B0 44 00 C0 B0 44 00 C0 B0 44 00 E0 B0 44 00 E0 B1 44
00 20 B2 44 00 A0 B2 44 00 A0 B2 44 00 A0 B2 44 00 20 B3 44 00 A0 B2 44 00 E0 B2 44 00 20 B3 44
00 60 B2 44 00 00 B2 44 00 80 B2 44 00 60 B2 44 00 20 B2 44 00 E0 B1 44 00 40 B1 44 00 00 B1 44
00 40 B1 44 00 C0 B0 44 00 20 B0 44 00 60 AF 44 00 80 AE 44 00 20 AE 44 00 C0 AD 44 00 A0 AC 44
00 20 AC 44 00 E0 AB 44 00 60 AB 44 00 60 AB 44 00 20 AB 44 00 80 AB 44 00 80 AB 44 00 00 AC 44
00 00 AC 44 00 80 AD 44 00 80 AD 44 00 20 AE 44 00 C0 AE 44 00 40 AF 44 00 20 B0 44 00 20 B1 44
00 80 B1 44 00 80 B2 44 00 60 B3 44 00 40 B3 44 00 00 B4 44 00 A0 B4 44 00 00 B5 44 00 E0 B4 44
00 C0 B4 44 00 A0 B4 44 00 60 B4 44 00 E0 B3 44 00 C0 B2 44 00 20 B2 44 00 C0 B1 44 00 A0 B0 44
00 60 B0 44 00 20 AF 44 00 A0 AD 44 00 E0 AC 44 00 60 AB 44 00 80 AA 44 00 40 A9 44 00 C0 A7 44
00 E0 A6 44 00 A0 A5 44 00 80 A4 44 00 00 A4 44 00 80 A3 44 00 C0 A2 44 00 60 A2 44 00 E0 A1 44
00 60 A1 44 00 C0 A0 44 00 E0 A0 44 00 E0 A0 44 00 60 A1 44 00 40 A1 44 00 00 A1 44 00 00 A2 44
00 80 A2 44 00 C0 A2 44 00 60 A3 44 00 20 A4 44 00 60 A4 44 00 E0 A5 44 00 00 A6 44 00 60 A6 44
00 20 A7 44 00 60 A7 44 00 A0 A7 44 00 00 A8 44 00 A0 A8 44 00 60 A8 44 00 20 A9 44 00 E0 A8 44
00 C0 A8 44 00 C0 A8 44 00 80 A8 44 00 20 A8 44 00 E0 A7 44 00 40 A7 44 00 20 A6 44 00 A0 A5 44
00 00 A5 44 00 C0 A4 44 00 E0 A3 44 00 60 A3 44 00 20 A3 44 00 60 A2 44 00 00 A2 44 00 A0 A1 44
00 40 A1 44 00 00 A1 44 00 80 A0 44 00 20 A0 44 00 20 A0 44 00 E0 9F 44 00 A0 9F 44 00 00 A0 44
00 60 A0 44 00 40 A0 44 00 60 A0 44 00 00 A1 44 00 A0 A1 44 00 C0 A2 44 00 80 A3 44 00 00 A4 44
00 40 A4 44 00 80 A4 44 00 C0 A4 44 00 E0 A4 44 00 C0 A5 44 00 C0 A5 44 00 A0 A5 44 00 20 A6 44
00 00 A6 44 00 60 A5 44 00 E0 A4 44 00 A0 A4 44 00 80 A4 44 00 C0 A3 44 00 80 A2 44 00 A0 A1 44
00 80 A0 44 00 C0 9F 44 00 60 9E 44 00 40 9D 44 00 40 9C 44 00 20 9A 44 00 A0 99 44 00 E0 97 44
00 C0 95 44 00 E0 94 44 00 80 93 44 00 60 92 44 00 E0 90 44 00 80 8F 44 00 A0 8E 44 00 40 8E 44
00 80 8D 44 00 C0 8B 44 00 00 8C 44 00 60 8B 44 00 20 8A 44 00 A0 8A 44 00 20 8B 44 00 60 8A 44
00 E0 89 44 00 C0 8A 44 00 20 8B 44 00 E0 8B 44 00 A0 8B 44 00 60 8B 44 00 40 8D 44 00 20 8D 44
00 C0 8D 44 00 C0 8D 44 00 60 8E 44 00 A0 8D 44 00 20 8D 44 00 80 8E 44 00 00 8E 44 00 80 8D 44
00 A0 8B 44 00 20 8C 44 00 E0 8B 44 00 C0 8B 44 00 20 8C 44 00 60 8D 44 00 20 8E 44 00 60 8E 44
00 40 90 44 00 80 93 44 00 00 97 44 00 A0 9C 44 00 A0 A0 44 00 E0 A3 44 00 80 AA 44 00 C0 AD 44
00 C0 B5 44 00 C0 BB 44 00 60 BE 44 00 E0 C1 44 00 A0 C4 44 00 60 C7 44 00 40 C8 44 00 00 C9 44
00 A0 C9 44 00 A0 C7 44 00 A0 C8 44 00 C0 C5 44 00 20 C6 44 00 A0 C4 44 00 00 C3 44 00 40 C1 44
00 A0 BD 44 00 40 BB 44 00 E0 B5 44 00 60 B4 44 00 80 B0 44 00 E0 AA 44 00 00 A6 44 00 A0 A2 44
00 20 9F 44 00 40 9B 44 00 60 99 44 00 E0 96 44 00 A0 93 44 00 80 91 44 00 20 90 44 00 E0 8E 44
00 80 8D 44 00 00 8D 44 00 80 8D 44 00 20 8D 44 00 80 8D 44 00 C0 8F 44 00 60 91 44 00 60 94 44
00 C0 96 44 00 E0 98 44 00 00 9D 44 00 C0 9E 44 00 20 A3 44 00 00 A6 44 00 00 A9 44 00 E0 A9 44
00 E0 AB 44 00 40 AE 44 00 20 B1 44 00 80 B2 44 00 20 B4 44 00 00 B6 44 00 20 B7 44 00 A0 B8 44
00 A0 B8 44 00 C0 BA 44 00 80 BA 44 00 60 BA 44 00 20 BA 44 00 60 BA 44 00 20 B8 44 00 40 B7 44
00 E0 B4 44 00 A0 B3 44 00 80 B1 44 00 40 B0 44 00 40 B0 44 00 E0 AD 44 00 C0 AB 44 00 A0 AA 44
00 80 AA 44 00 80 A9 44 00 40 A9 44 00 00 A9 44 00 A0 A8 44 00 E0 A7 44 00 E0 A6 44 00 40 A7 44
00 40 A7 44 00 A0 A6 44 00 00 A7 44 00 E0 A6 44 00 20 A7 44 00 C0 A7 44 00 C0 A7 44 00 20 A8 44
00 40 AA 44 00 20 AB 44 00 00 AC 44 00 80 AD 44 00 60 AF 44 00 C0 AF 44 00 60 B0 44 00 60 B2 44
00 E0 B2 44 00 00 B4 44 00 60 B6 44 00 80 B7 44 00 E0 B6 44 00 80 B7 44 00 C0 B7 44 00 E0 B6 44
00 20 B7 44 00 C0 B5 44 00 60 B5 44 00 00 B4 44 00 E0 B1 44 00 60 B1 44 00 A0 B0 44 00 A0 AE 44
00 60 AD 44 00 20 AC 44 00 E0 AB 44 00 C0 AB 44 00 80 AB 44 00 20 AB 44 00 60 AA 44 00 C0 A9 44
00 C0 A9 44 00 00 AA 44 00 60 AA 44 00 A0 AA 44 00 20 AB 44 00 60 AC 44 00 A0 AC 44 00 80 AE 44
00 40 AF 44 00 E0 AF 44 00 60 B0 44 00 80 B0 44 00 20 B1 44 00 20 B2 44 00 E0 B2 44 00 80 B2 44
00 A0 B3 44 00 C0 B3 44 00 00 B4 44 00 00 B5 44 00 20 B5 44 00 E0 B5 44 00 80 B6 44 00 00 B7 44
00 00 B6 44 00 40 B5 44 00 80 B4 44 00 C0 B3 44 00 00 B3 44 00 00 B2 44 00 E0 B0 44 00 00 B0 44
00 00 AF 44 00 E0 AE 44 00 A0 AE 44 00 A0 AD 44 00 80 AD 44 00 E0 AC 44 00 A0 AB 44 00 C0 AB 44
00 40 AB 44 00 C0 A9 44 00 C0 A9 44 00 20 A9 44 00 A0 A9 44 00 00 A9 44 00 40 AA 44 00 40 AB 44
00 E0 AB 44 00 20 AD 44 00 C0 AE 44 00 A0 AF 44 00 20 B0 44 00 80 B0 44 00 E0 B1 44 00 C0 B2 44
00 40 B3 44 00 40 B4 44 00 60 B5 44 00 20 B6 44 00 20 B8 44 00 60 B7 44 00 20 B7 44 00 60 B9 44
00 60 B9 44 00 20 BA 44 00 00 BA 44 00 C0 B8 44 00 E0 B7 44 00 60 B7 44 00 E0 B5 44 00 40 B6 44
00 E0 B5 44 00 20 B5 44 00 60 B5 44 00 20 B4 44 00 40 B2 44 00 C0 B0 44 00 60 B0 44 00 40 AF 44
00 40 AE 44 00 20 AD 44 00 E0 AB 44 00 C0 AA 44 00 20 AA 44 00 40 A9 44 00 A0 A8 44 00 C0 A8 44
00 20 A8 44 00 80 A8 44 00 A0 A8 44 00 A0 A7 44 00 60 A7 44 00 A0 A7 44 00 00 A9 44 00 00 A9 44
00 20 A9 44 00 40 AA 44 00 A0 AA 44 00 A0 AC 44 00 E0 AC 44 00 E0 AE 44 00 A0 AF 44 00 60 B1 44
00 C0 B1 44 00 C0 B1 44 00 40 B3 44 00 A0 B3 44 00 A0 B4 44 00 40 B5 44 00 40 B5 44 00 A0 B5 44
00 40 B5 44 00 20 B5 44 00 A0 B6 44 00 20 B6 44 00 C0 41 44 00 40 40 44 00 80 3D 44 00 80 3F 44
00 80 3B 44 00 00 3B 44 00 00 3D 44 00 40 3D 44 00 C0 3C 44 00 80 3D 44 00 00 41 44 00 80 41 44
00 00 43 44 00 C0 43 44 00 C0 46 44 00 C0 49 44 00 C0 4A 44 00 00 4E 44 00 80 50 44 00 00 52 44
00 80 54 44 00 40 58 44 00 40 5B 44 00 80 5A 44 00 40 5B 44 00 40 5C 44 00 40 5C 44 00 00 5B 44
00 C0 5B 44 00 40 5C 44 00 40 5C 44 00 80 5C 44 00 C0 5A 44 00 C0 5A 44 00 00 5B 44 00 80 5C 44
00 C0 5F 44 00 80 5F 44 00 40 60 44 00 C0 62 44 00 00 62 44 00 80 66 44 00 00 64 44 00 40 67 44
00 C0 67 44 00 C0 68 44 00 00 6A 44 00 40 6A 44 00 C0 6B 44 00 80 6B 44 00 00 6D 44 00 80 6C 44
00 40 6D 44 00 C0 70 44 00 80 6B 44 00 40 71 44 00 C0 6D 44 00 40 6E 44 00 80 70 44 00 C0 6B 44
00 40 70 44 00 80 6C 44 00 40 6E 44 00 40 6C 44 00 80 6B 44 00 40 6B 44 00 00 6B 44 00 80 6A 44
00 40 6A 44 00 C0 68 44 00 40 67 44 00 00 65 44 00 00 67 44 00 40 62 44 00 00 64 44 00 00 64 44
00 80 60 44 00 00 62 44 00 40 61 44 00 C0 5F 44 00 80 62 44 00 80 61 44 00 C0 60 44 00 80 62 44
00 C0 60 44 00 80 62 44 00 C0 62 44 00 40 63 44 00 00 64 44 00 80 65 44 00 00 66 44 00 C0 69 44
00 C0 68 44 00 00 6B 44 00 C0 6C 44 00 40 6D 44 00 00 6E 44 00 00 70 44 00 80 71 44 00 80 71 44
00 80 73 44 00 40 76 44 00 40 75 44 00 00 78 44 00 80 78 44 00 00 79 44 00 40 7A 44 00 C0 79 44
00 00 78 44 00 C0 78 44 00 80 77 44 00 40 76 44 00 C0 76 44 00 40 75 44 00 40 73 44 00 00 73 44
00 C0 71 44 00 80 71 44 00 C0 6F 44 00 80 6E 44 00 C0 6B 44 00 C0 6A 44 00 40 6A 44 00 00 69 44
00 C0 67 44 00 C0 66 44 00 40 66 44 00 80 67 44 00 00 67 44 00 00 67 44 00 00 67 44 00 C0 66 44
00 40 68 44 00 80 68 44 00 40 69 44 00 80 6B 44 00 40 6D 44 00 00 70 44 00 00 71 44 00 40 72 44
00 40 74 44 00 C0 74 44 00 40 77 44 00 80 79 44 00 40 7B 44 00 40 7B 44 00 80 7B 44 00 C0 7C 44
00 C0 7C 44 00 00 7C 44 00 00 7C 44 00 40 7A 44 00 80 79 44 00 40 77 44 00 80 75 44 00 00 75 44
00 80 73 44 00 40 71 44 00 40 6F 44 00 00 6E 44 00 C0 6B 44 00 80 6A 44 00 80 68 44 00 80 65 44
00 80 BD C3 00 00 BA C3 00 80 B9 C3 00 80 B7 C3 00 00 B4 C3 00 80 B0 C3 00 80 AE C3 00 80 AC C3
00 00 AA C3 00 80 A8 C3 00 00 A6 C3 00 00 A3 C3 00 00 A3 C3 00 80 A2 C3 00 80 A3 C3 00 80 A0 C3
00 00 A1 C3 00 00 A1 C3 00 00 A0 C3 00 80 A1 C3 00 80 A2 C3 00 80 A4 C3 00 80 A7 C3 00 80 A7 C3
00 00 AC C3 00 80 AE C3 00 00 B1 C3 00 00 B6 C3 00 00 B9 C3 00 80 BD C3 00 80 BF C3 00 00 C3 C3
00 80 C5 C3 00 00 C7 C3 00 00 C6 C3 00 80 C7 C3 00 80 C6 C3 00 80 C7 C3 00 80 C5 C3 00 80 C4 C3
00 80 C2 C3 00 00 C1 C3 00 80 BF C3 00 80 BD C3 00 80 BB C3 00 80 BB C3 00 80 BA C3 00 80 B5 C3
00 80 B3 C3 00 80 B1 C3 00 00 AE C3 00 00 AA C3 00 00 A9 C3 00 80 A6 C3 00 80 A5 C3 00 00 A4 C3
00 00 A3 C3 00 00 A5 C3 00 00 A4 C3 00 80 A7 C3 00 00 AA C3 00 00 AF C3 00 00 B2 C3 00 80 B5 C3
00 00 BA C3 00 80 BE C3 00 00 C4 C3 00 80 CC C3 00 80 D2 C3 00 80 D5 C3 00 00 DF C3 00 00 E5 C3
00 80 EB C3 00 00 F2 C3 00 80 F6 C3 00 80 FD C3 00 80 FD C3 00 40 02 C4 00 C0 03 C4 00 40 05 C4
00 C0 07 C4 00 80 07 C4 00 80 0A C4 00 80 0B C4 00 C0 0B C4 00 00 0C C4 00 80 0B C4 00 C0 0B C4
00 80 0B C4 00 00 0B C4 00 40 0A C4 00 00 07 C4 00 C0 07 C4 00 00 09 C4 00 80 08 C4 00 40 09 C4
00 C0 05 C4 00 40 07 C4 00 80 05 C4 00 C0 06 C4 00 00 07 C4 00 00 04 C4 00 40 05 C4 00 80 05 C4
00 40 08 C4 00 80 06 C4 00 00 07 C4 00 C0 07 C4 00 C0 09 C4 00 40 0B C4 00 C0 0C C4 00 00 0D C4
00 00 0F C4 00 00 0E C4 00 C0 0F C4 00 00 0F C4 00 80 0B C4 00 00 09 C4 00 00 03 C4 00 80 F2 C3
00 00 D7 C3 00 00 C0 C3 00 80 AC C3 00 80 8E C3 00 00 64 C3 00 00 41 C3 00 00 15 C3 00 00 F4 C2
00 00 D4 C2 00 00 E6 C2 00 00 D8 C2 00 00 D8 C2 00 00 E2 C2 00 00 F8 C2 00 00 F6 C2 00 00 CE C2
00 00 C6 C2 00 00 D4 C2 00 00 BC C2 00 00 A8 C2 00 00 D6 C2 00 00 0B C3 00 00 28 C3 00 00 3E C3
00 00 79 C3 00 80 93 C3 00 80 A2 C3 00 00 B2 C3 00 00 C5 C3 00 00 CC C3 00 80 CE C3 00 00 D6 C3
00 00 DE C3 00 00 E9 C3 00 00 EB C3 00 00 F5 C3 00 C0 00 C4 00 C0 04 C4 00 00 07 C4 00 80 09 C4
00 C0 09 C4 00 C0 09 C4 00 C0 03 C4 00 80 FC C3 00 00 EF C3 00 00 DE C3 00 00 D6 C3 00 80 CC C3
00 80 BF C3 00 80 B4 C3 00 80 AF C3 00 80 AB C3 00 00 A6 C3 00 80 9F C3 00 80 97 C3 00 80 8C C3
00 00 84 C3 00 00 6E C3 00 00 62 C3 00 00 52 C3 00 00 41 C3 00 00 3D C3 00 00 40 C3 00 00 44 C3
00 00 4C C3 00 00 5A C3 00 00 6D C3 00 00 77 C3 00 00 81 C3 00 80 88 C3 00 80 8D C3 00 00 94 C3
00 80 96 C3 00 80 9A C3 00 80 9B C3 00 00 A0 C3 00 00 A4 C3 00 00 A9 C3 00 00 A9 C3 00 00 AE C3
00 00 B2 C3 00 00 B6 C3 00 00 BA C3 00 80 BC C3 00 80 BE C3 00 00 B9 C3 00 80 BA C3 00 80 B2 C3
00 80 B0 C3 00 00 AF C3 00 80 A8 C3 00 00 A5 C3 00 80 9D C3 00 00 9A C3 00 80 95 C3 00 00 8A C3
00 80 87 C3 00 80 81 C3 00 00 6D C3 00 00 61 C3 00 00 54 C3 00 00 3E C3 00 00 2C C3 00 00 36 C3
00 00 25 C3 00 00 2D C3 00 00 30 C3 00 00 25 C3 00 00 2E C3 00 00 30 C3 00 00 43 C3 00 00 5E C3
00 00 75 C3 00 00 7F C3 00 80 88 C3 00 00 88 C3 00 80 85 C3 00 00 8A C3 00 00 90 C3 00 80 92 C3
00 00 92 C3 00 00 90 C3 00 80 91 C3 00 00 94 C3 00 80 8E C3 00 80 8F C3 00 80 93 C3 00 00 9B C3
00 00 AA C3 00 00 A4 C3 00 80 AA C3 00 00 AA C3 00 80 A8 C3 00 00 AF C3 00 00 A8 C3 00 00 A3 C3
00 00 9D C3 00 00 97 C3 00 80 90 C3 00 80 8E C3 00 80 96 C3 00 00 90 C3 00 80 89 C3 00 00 89 C3
00 80 83 C3 00 00 7F C3 00 00 70 C3 00 00 65 C3 00 00 73 C3 00 00 68 C3 00 00 53 C3 00 00 5D C3
00 00 5E C3 00 00 70 C3 00 00 7E C3 00 80 87 C3 00 80 8F C3 00 00 92 C3 00 80 8E C3 00 80 91 C3
00 00 92 C3 00 80 95 C3 00 80 97 C3 00 00 96 C3 00 00 95 C3 00 80 96 C3 00 80 97 C3 00 80 9A C3
00 80 9F C3 00 00 9F C3 00 00 AF C3 00 80 AD C3 00 80 AC C3 00 00 AE C3 00 80 A4 C3 00 00 A4 C3
00 00 9A C3 00 80 95 C3 00 00 92 C3 00 80 8B C3 00 80 8C C3 00 80 8A C3 00 00 8B C3 00 00 8A C3
00 80 86 C3 00 00 86 C3 00 00 83 C3 00 00 75 C3 00 00 73 C3 00 00 74 C3 00 00 67 C3 00 00 63 C3
00 00 5C C3 00 00 5B C3 00 00 64 C3 00 00 65 C3 00 00 70 C3 00 00 7E C3 00 00 87 C3 00 00 87 C3
00 80 8F C3 00 80 93 C3 00 00 9A C3 00 00 9D C3 00 80 9D C3 00 80 A7 C3 00 80 AA C3 00 80 AF C3
00 80 B1 C3 00 80 B5 C3 00 80 BE C3 00 80 C0 C3 00 80 C2 C3 00 00 CA C3 00 80 CE C3 00 80 CD C3
00 80 CA C3 00 00 C8 C3 00 80 C3 C3 00 00 C1 C3 00 80 BC C3 00 00 B6 C3 00 80 B3 C3 00 80 AE C3
00 00 A9 C3 00 80 A7 C3 00 80 A4 C3 00 00 A2 C3 00 00 A0 C3 00 00 9D C3 00 80 9A C3 00 80 95 C3
00 80 8E C3 00 80 8B C3 00 00 8C C3 00 80 88 C3 00 00 86 C3 00 00 7B C3 00 00 7B C3 00 00 73 C3
00 00 6B C3 00 00 6C C3 00 00 6E C3 00 00 6F C3 00 00 6B C3 00 00 6B C3 00 00 5F C3 00 00 56 C3
00 00 63 C3 00 00 59 C3 00 00 53 C3 00 00 52 C3 00 00 46 C3 00 00 52 C3 00 00 55 C3 00 00 53 C3
00 00 57 C3 00 00 64 C3 00 00 58 C3 00 00 6B C3 00 00 61 C3 00 00 66 C3 00 00 63 C3 00 00 64 C3
00 00 5F C3 00 00 65 C3 00 00 61 C3 00 00 6C C3 00 00 72 C3 00 00 77 C3 00 00 79 C3 00 80 80 C3
00 00 75 C3 00 80 81 C3 00 80 82 C3 00 00 7E C3 00 00 84 C3 00 00 7E C3 00 00 7D C3 00 00 7F C3
00 00 7C C3 00 00 7F C3 00 80 80 C3 00 00 77 C3 00 00 80 C3 00 00 75 C3 00 00 7A C3 00 00 82 C3
00 00 7C C3 00 00 80 C3 00 00 7B C3 00 00 6E C3 00 00 79 C3 00 00 6E C3 00 00 64 C3 00 00 66 C3
00 00 5E C3 00 00 5F C3 00 00 5B C3 00 00 56 C3 00 00 5D C3 00 00 58 C3 00 00 54 C3 00 00 4F C3
00 00 4A C3 00 00 44 C3 00 00 46 C3 00 00 45 C3 00 00 43 C3 00 00 46 C3 00 00 49 C3 00 00 4C C3
00 00 55 C3 00 00 5D C3 00 00 5C C3 00 00 69 C3 00 00 66 C3 00 00 6A C3 00 00 72 C3 00 00 72 C3
00 00 70 C3 00 00 71 C3 00 00 74 C3 00 00 7B C3 00 00 82 C3 00 00 83 C3 00 00 86 C3 00 80 89 C3
00 80 8B C3 00 80 8D C3 00 00 90 C3 00 80 8F C3 00 00 8F C3 00 80 8E C3 00 00 8D C3 00 00 8A C3
00 80 87 C3 00 00 83 C3 00 80 80 C3 00 00 7E C3 00 00 72 C3 00 00 6C C3 00 00 67 C3 00 00 5E C3
00 00 5A C3 00 00 51 C3 00 00 4A C3 00 00 40 C3 00 00 3C C3 00 00 35 C3 00 00 33 C3 00 00 33 C3
00 00 30 C3 00 00 35 C3 00 00 35 C3 00 00 38 C3 00 00 3B C3 00 00 3D C3 00 00 3F C3 00 00 47 C3
00 00 4D C3 00 00 52 C3 00 00 5A C3 00 00 65 C3 00 00 70 C3 00 00 79 C3 00 80 82 C3 00 00 88 C3
00 80 92 C3 00 80 94 C3 00 00 99 C3 00 00 A2 C3 00 00 A6 C3 00 00 AB C3 00 80 B0 C3 00 00 B4 C3
00 00 B8 C3 00 00 BF C3 00 80 BE C3 00 80 C3 C3 00 80 C1 C3 00 80 C1 C3 00 80 C2 C3 00 80 BF C3
00 80 BF C3 00 00 BE C3 00 00 BC C3 00 00 BC C3 00 00 B7 C3 00 80 B5 C3 00 00 B4 C3 00 80 AE C3
00 00 AB C3 00 00 A7 C3 00 00 A5 C3 00 00 A0 C3 00 00 9F C3 00 00 9D C3 00 00 9B C3 00 80 9A C3
00 00 9B C3 00 00 99 C3 00 00 99 C3 00 00 9C C3 00 00 9C C3 00 80 9E C3 00 80 A0 C3 00 80 A2 C3
00 00 A4 C3 00 80 A7 C3 00 80 AD C3 00 00 AF C3 00 80 B4 C3 00 00 B8 C3 00 80 B9 C3 00 00 BE C3
00 00 BD C3 00 00 C2 C3 00 00 C3 C3 00 00 C2 C3 00 00 C5 C3 00 80 C2 C3 00 80 C3 C3 00 00 C1 C3
00 80 BE C3 00 80 BE C3 00 00 BD C3 00 80 BA C3 00 00 B7 C3 00 80 B3 C3 00 80 B2 C3 00 00 AF C3
00 80 AC C3 00 80 A7 C3 00 00 A5 C3 00 80 A1 C3 00 80 9A C3 00 00 98 C3 00 80 97 C3 00 00 95 C3
00 00 94 C3 00 00 93 C3 00 80 94 C3 00 80 96 C3 00 00 98 C3 00 00 99 C3 00 00 9B C3 00 00 A3 C3
00 00 A3 C3 00 80 AA C3 00 00 AD C3 00 00 B6 C3 00 80 BE C3 00 80 C3 C3 00 80 C8 C3 00 80 D0 C3
00 00 D7 C3 00 80 DC C3 00 80 E4 C3 00 00 EC C3 00 00 F0 C3 00 80 F5 C3 00 00 FC C3 00 80 00 C4
00 00 02 C4 00 80 03 C4 00 40 07 C4 00 C0 09 C4 00 00 0A C4 00 80 09 C4 00 40 09 C4 00 80 0B C4
00 00 0A C4 00 80 0A C4 00 C0 0C C4 00 80 0C C4 00 00 0A C4 00 C0 0B C4 00 40 0C C4 00 80 0B C4
00 80 08 C4 00 00 07 C4 00 80 05 C4 00 80 05 C4 00 C0 01 C4 00 40 00 C4 00 00 FD C3 00 00 FB C3
00 80 FB C3 00 80 FE C3 00 C0 00 C4 00 00 FA C3 00 80 FC C3 00 80 FE C3 00 00 02 C4 00 40 02 C4
00 40 02 C4 00 40 02 C4 00 00 02 C4 00 00 01 C4 00 00 FF C3 00 80 FF C3 00 80 F7 C3 00 80 EC C3
00 00 DD C3 00 80 CA C3 00 80 BB C3 00 80 AB C3 00 00 94 C3 00 80 89 C3 00 00 5C C3 00 00 37 C3
00 00 2E C3 00 00 1D C3 00 00 16 C3 00 00 0B C3 00 00 0C C3 00 00 0B C3 00 00 0B C3 00 00 18 C3
00 00 0F C3 00 00 16 C3 00 00 0F C3 00 00 13 C3 00 00 19 C3 00 00 16 C3 00 00 33 C3 00 00 40 C3
00 00 61 C3 00 00 71 C3 00 80 84 C3 00 00 9B C3 00 00 AC C3 00 00 B8 C3 00 80 C0 C3 00 00 CB C3
00 80 CD C3 00 00 D4 C3 00 80 E1 C3 00 80 E1 C3 00 00 E4 C3 00 80 EB C3 00 00 EE C3 00 00 F0 C3
00 80 F7 C3 00 80 F4 C3 00 80 F8 C3 00 80 F5 C3 00 00 EE C3 00 00 E3 C3 00 00 DC C3 00 00 D6 C3
00 00 CB C3 00 80 C5 C3 00 80 BD C3 00 00 AC C3 00 00 A9 C3 00 80 A7 C3 00 80 A1 C3 00 00 99 C3
00 80 91 C3 00 00 8A C3 00 00 84 C3 00 00 76 C3 00 00 63 C3 00 00 5E C3 00 00 4F C3 00 00 4D C3
00 00 53 C3 00 00 5E C3 00 00 5E C3 00 00 6B C3 00 00 7F C3 00 00 7E C3 00 80 89 C3 00 80 91 C3
00 80 92 C3 00 00 95 C3 00 00 92 C3 00 80 98 C3 00 80 9E C3 00 80 99 C3 00 00 9D C3 00 80 A3 C3
00 80 9E C3 00 00 A5 C3 00 80 AE C3 00 80 AB C3 00 80 B2 C3 00 80 B1 C3 00 80 AD C3 00 80 B1 C3
00 00 B3 C3 00 00 AC C3 00 80 AB C3 00 00 AA C3 00 80 A3 C3 00 80 9D C3 00 80 98 C3 00 80 93 C3
00 00 8D C3 00 00 87 C3 00 00 7F C3 00 00 75 C3 00 00 67 C3 00 00 58 C3 00 00 55 C3 00 00 4C C3
00 00 52 C3 00 00 47 C3 00 00 48 C3 00 00 46 C3 00 00 44 C3 00 00 54 C3 00 00 59 C3 00 00 61 C3
00 00 6D C3 00 80 80 C3 00 80 8A C3 00 80 8F C3 00 80 90 C3 00 00 97 C3 00 80 9C C3 00 00 A0 C3
00 80 A1 C3 00 00 9F C3 00 80 A0 C3 00 80 9F C3 00 80 A2 C3 00 80 A1 C3 00 80 A4 C3 00 00 A6 C3
00 00 A7 C3 00 80 AD C3 00 00 AF C3 00 80 B3 C3 00 80 B0 C3 00 80 B0 C3 00 00 B0 C3 00 00 AA C3
00 80 A7 C3 00 00 A1 C3 00 00 9B C3 00 80 96 C3 00 80 91 C3 00 80 90 C3 00 00 8A C3 00 00 89 C3
00 80 86 C3 00 80 83 C3 00 80 83 C3 00 00 7D C3 00 00 7B C3 00 00 6E C3 00 00 6A C3 00 00 68 C3
00 00 6C C3 00 00 70 C3 00 00 77 C3 00 00 7A C3 00 00 85 C3 00 00 8A C3 00 00 8D C3 00 80 90 C3
00 00 99 C3 00 00 99 C3 00 00 9C C3 00 00 9D C3 00 00 99 C3 00 80 9E C3 00 00 9F C3 00 80 A7 C3
00 80 AB C3 00 00 AB C3 00 80 AF C3 00 00 B3 C3 00 80 B4 C3 00 80 B7 C3 00 00 B5 C3 00 80 B1 C3
00 00 A9 C3 00 80 A1 C3 00 00 9C C3 00 80 9C C3 00 00 99 C3 00 00 95 C3 00 00 94 C3 00 00 91 C3
00 00 8E C3 00 80 8B C3 00 00 8A C3 00 80 8C C3 00 80 8D C3 00 80 85 C3 00 00 81 C3 00 00 7E C3
00 00 7A C3 00 00 82 C3 00 80 81 C3 00 00 7F C3 00 00 84 C3 00 80 84 C3 00 80 83 C3 00 00 8B C3
00 00 8D C3 00 80 92 C3 00 80 9C C3 00 80 A1 C3 00 80 9F C3 00 80 A5 C3 00 80 A8 C3 00 00 B0 C3
00 00 BA C3 00 80 B9 C3 00 80 BE C3 00 00 C1 C3 00 80 C0 C3 00 00 C6 C3 00 80 C6 C3 00 80 CA C3
00 00 C9 C3 00 00 CA C3 00 80 CB C3 00 00 C6 C3 00 00 C4 C3 00 80 C0 C3 00 00 C0 C3 00 80 BC C3
00 80 B6 C3 00 00 B0 C3 00 80 AC C3 00 00 A9 C3 00 00 A5 C3 00 80 A4 C3 00 80 A2 C3 00 80 9F C3
00 00 9C C3 00 00 9B C3 00 00 97 C3 00 80 94 C3 00 80 9D C3 00 80 A2 C3 00 80 A6 C3 00 00 AE C3
00 00 B3 C3 00 80 B7 C3 00 00 BE C3 00 00 C6 C3 00 00 CB C3 00 80 CA C3 00 80 D1 C3 00 80 D2 C3
00 80 CC C3 00 80 CD C3 00 80 CB C3 00 00 C9 C3 00 80 C0 C3 00 80 C1 C3 00 00 C0 C3 00 00 BB C3
00 80 B8 C3 00 80 B2 C3 00 00 B4 C3 00 00 AC C3 00 00 A7 C3 00 80 A4 C3 00 00 A1 C3 00 80 9B C3
00 00 94 C3 00 00 96 C3 00 00 94 C3 00 80 91 C3 00 80 90 C3 00 80 8D C3 00 80 8C C3 00 80 8B C3
00 80 85 C3 00 80 83 C3 00 80 82 C3 00 80 80 C3 00 80 80 C3 00 00 7B C3 00 00 6F C3 00 00 75 C3
00 00 6F C3 00 00 6C C3 00 00 71 C3 00 00 5D C3 00 00 69 C3 00 00 60 C3 00 00 5F C3 00 00 65 C3
00 00 62 C3 00 00 63 C3 00 00 69 C3 00 00 6E C3 00 00 6A C3 00 00 65 C3 00 00 63 C3 00 00 53 C3
00 00 63 C3 00 00 59 C3 00 00 5C C3 00 00 5A C3 00 00 56 C3 00 00 77 C3 00 00 64 C3 00 00 72 C3
00 00 79 C3 00 00 82 C3 00 00 82 C3 00 00 84 C3 00 80 84 C3 00 00 84 C3 00 00 87 C3 00 80 87 C3
00 80 87 C3 00 80 8C C3 00 80 85 C3 00 00 92 C3 00 00 8D C3 00 80 8A C3 00 80 92 C3 00 00 8C C3
00 00 8F C3 00 80 8F C3 00 80 8C C3 00 00 8A C3 00 00 89 C3 00 80 85 C3 00 80 86 C3 00 00 81 C3
00 00 7D C3 00 00 7B C3 00 00 76 C3 00 00 77 C3 00 00 77 C3 00 00 67 C3 00 00 6A C3 00 00 63 C3
00 00 5B C3 00 00 5B C3 00 00 52 C3 00 00 4E C3 00 00 4A C3 00 00 4C C3 00 00 49 C3 00 00 4B C3
00 00 50 C3 00 00 4C C3 00 00 57 C3 00 00 5E C3 00 00 66 C3 00 00 69 C3 00 00 6C C3 00 00 6D C3
00 00 75 C3 00 00 7C C3 00 00 78 C3 00 00 82 C3 00 00 87 C3 00 80 84 C3 00 80 8A C3 00 00 8B C3
00 80 8F C3 00 00 93 C3 00 80 97 C3 00 80 99 C3 00 80 99 C3 00 80 98 C3 00 00 97 C3 00 00 99 C3
00 00 93 C3 00 80 91 C3 00 80 8F C3 00 00 8A C3 00 80 89 C3 00 00 88 C3 00 00 82 C3 00 00 7D C3
00 00 75 C3 00 00 6A C3 00 00 66 C3 00 00 5B C3 00 00 4F C3 00 00 4E C3 00 00 44 C3 00 00 44 C3
00 00 40 C3 00 00 3D C3 00 00 43 C3 00 00 44 C3 00 00 49 C3 00 00 4D C3 00 00 51 C3 00 00 58 C3
00 00 58 C3 00 00 5F C3 00 00 63 C3 00 00 70 C3 00 00 70 C3 00 00 7C C3 00 00 83 C3 00 80 88 C3
00 00 4F 43 00 00 55 43 00 00 58 43 00 00 61 43 00 00 62 43 00 00 66 43 00 00 69 43 00 00 6A 43
00 00 6E 43 00 00 70 43 00 00 72 43 00 00 74 43 00 00 77 43 00 00 7C 43 00 00 7E 43 00 80 83 43
00 80 84 43 00 00 86 43 00 80 88 43 00 00 89 43 00 80 8B 43 00 80 89 43 00 00 8A 43 00 80 8A 43
00 80 89 43 00 80 87 43 00 80 86 43 00 00 85 43 00 80 81 43 00 00 7B 43 00 00 76 43 00 00 73 43
00 00 6C 43 00 00 67 43 00 00 66 43 00 00 62 43 00 00 61 43 00 00 5F 43 00 00 5E 43 00 00 5D 43
00 00 63 43 00 00 5E 43 00 00 62 43 00 00 62 43 00 00 61 43 00 00 64 43 00 00 6C 43 00 00 68 43
00 00 6A 43 00 00 6C 43 00 00 63 43 00 00 63 43 00 00 60 43 00 00 5C 43 00 00 58 43 00 00 51 43
00 00 4B 43 00 00 4B 43 00 00 45 43 00 00 46 43 00 00 45 43 00 00 41 43 00 00 40 43 00 00 34 43
00 00 30 43 00 00 2A 43 00 00 22 43 00 00 1B 43 00 00 13 43 00 00 0B 43 00 00 05 43 00 00 01 43
00 00 F2 42 00 00 DA 42 00 00 D2 42 00 00 D4 42 00 00 C2 42 00 00 B0 42 00 00 AE 42 00 00 AA 42
00 00 A8 42 00 00 A2 42 00 00 A0 42 00 00 9A 42 00 00 9C 42 00 00 AA 42 00 00 A8 42 00 00 AA 42
00 00 8A 42 00 00 8A 42 00 00 88 42 00 00 78 42 00 00 70 42 00 00 34 42 00 00 08 42 00 00 04 42
00 00 F8 41 00 00 D8 41 00 00 90 41 00 00 80 40 00 00 40 41 00 00 10 41 00 00 E0 40 00 00 C0 C0
00 00 50 C1 00 00 70 C1 00 00 88 C1 00 00 80 C1 00 00 A0 C1 00 00 A0 C1 00 00 20 C1 00 00 A0 C0
00 00 50 41 00 00 30 42 00 00 B0 42 00 00 10 43 00 00 44 43 00 00 71 43 00 80 93 43 00 80 B5 43
00 80 CC 43 00 80 DE 43 00 80 F3 43 00 00 FC 43 00 00 FE 43 00 00 03 44 00 40 06 44 00 C0 07 44
00 80 04 44 00 80 07 44 00 00 0E 44 00 C0 0C 44 00 00 0B 44 00 80 0A 44 00 80 0A 44 00 80 02 44
00 80 EF 43 00 00 E0 43 00 00 CD 43 00 80 B2 43 00 00 99 43 00 00 89 43 00 00 75 43 00 00 51 43
00 00 3C 43 00 00 35 43 00 00 1E 43 00 00 F2 42 00 00 C6 42 00 00 8C 42 00 00 20 42 00 00 00 00
00 00 B8 C1 00 00 08 C2 00 00 38 C2 00 00 38 C2 00 00 00 C2 00 00 00 40 00 00 00 42 00 00 8E 42
00 00 CE 42 00 00 03 43 00 00 16 43 00 00 30 43 00 00 4B 43 00 00 55 43 00 00 62 43 00 00 75 43
00 00 87 43 00 00 91 43 00 00 9F 43 00 80 AC 43 00 80 B7 43 00 00 C2 43 00 00 CD 43 00 00 D0 43
00 80 D1 43 00 00 D0 43 00 80 CF 43 00 00 CC 43 00 00 C7 43 00 00 C2 43 00 00 C0 43 00 80 BD 43
00 00 B5 43 00 80 AE 43 00 00 AA 43 00 00 A3 43 00 80 9C 43 00 80 95 43 00 80 8A 43 00 80 80 43
00 00 6A 43 00 00 5E 43 00 00 58 43 00 00 48 43 00 00 41 43 00 00 3B 43 00 00 31 43 00 00 3D 43
00 00 34 43 00 00 39 43 00 00 42 43 00 00 4F 43 00 00 54 43 00 00 66 43 00 00 67 43 00 00 7B 43
00 80 81 43 00 00 85 43 00 00 91 43 00 80 93 43 00 00 96 43 00 00 9B 43 00 80 A0 43 00 00 9E 43
00 80 A9 43 00 00 B0 43 00 00 B7 43 00 00 BC 43 00 00 C1 43 00 00 BE 43 00 00 B7 43 00 80 B3 43
00 00 AC 43 00 00 B1 43 00 00 AE 43 00 00 9F 43 00 00 9F 43 00 00 97 43 00 00 90 43 00 80 8B 43
00 00 8C 43 00 00 8B 43 00 80 8C 43 00 00 95 43 00 80 90 43 00 80 92 43 00 80 8E 43 00 80 91 43
00 00 92 43 00 00 92 43 00 00 99 43 00 00 93 43 00 80 91 43 00 00 90 43 00 80 91 43 00 00 93 43
00 00 94 43 00 00 8E 43 00 80 90 43 00 00 97 43 00 80 91 43 00 80 9B 43 00 80 9D 43 00 00 99 43
00 00 A3 43 00 00 A3 43 00 00 A2 43 00 80 A3 43 00 00 A8 43 00 00 A9 43 00 00 AA 43 00 80 A7 43
00 00 AA 43 00 80 A4 43 00 00 A6 43 00 00 9A 43 00 80 97 43 00 00 90 43 00 00 88 43 00 00 75 43
00 00 6A 43 00 00 61 43 00 00 4E 43 00 00 4D 43 00 00 4C 43 00 00 4F 43 00 00 4E 43 00 00 51 43
00 00 55 43 00 00 5C 43 00 00 58 43 00 00 61 43 00 00 5D 43 00 00 69 43 00 00 70 43 00 00 75 43
00 00 7F 43 00 00 84 43 00 80 83 43 00 80 8A 43 00 80 90 43 00 00 90 43 00 80 96 43 00 00 9B 43
00 80 9D 43 00 80 A1 43 00 00 A9 43 00 80 AE 43 00 00 B1 43 00 80 B6 43 00 80 B8 43 00 80 BA 43
00 80 C0 43 00 00 BD 43 00 00 BE 43 00 80 BB 43 00 80 B2 43 00 00 B1 43 00 80 AB 43 00 80 A5 43
00 00 A1 43 00 80 9D 43 00 80 95 43 00 80 93 43 00 00 8B 43 00 80 85 43 00 00 84 43 00 00 71 43
00 00 66 43 00 00 56 43 00 00 4C 43 00 00 49 43 00 00 41 43 00 00 3B 43 00 00 33 43 00 00 38 43
00 00 37 43 00 00 2F 43 00 00 34 43 00 00 37 43 00 00 2F 43 00 00 31 43 00 00 33 43 00 00 38 43
00 00 44 43 00 00 47 43 00 00 53 43 00 00 62 43 00 00 69 43 00 00 6E 43 00 00 7C 43 00 80 83 43
00 00 88 43 00 00 8A 43 00 80 8F 43 00 00 92 43 00 80 90 43 00 00 90 43 00 80 94 43 00 00 9A 43
00 80 9C 43 00 00 9D 43 00 80 9D 43 00 00 9E 43 00 80 9F 43 00 80 9F 43 00 80 A0 43 00 80 A4 43
00 80 A8 43 00 80 AC 43 00 00 B0 43 00 00 B0 43 00 00 AE 43 00 80 B7 43 00 00 B9 43 00 80 B6 43
00 00 B5 43 00 00 B2 43 00 00 AC 43 00 00 B3 43 00 80 AA 43 00 80 AF 43 00 80 AF 43 00 80 AA 43
00 80 AD 43 00 00 AE 43 00 00 A9 43 00 80 AD 43 00 80 AB 43 00 00 AE 43 00 80 A8 43 00 00 A9 43
00 80 A6 43 00 80 A4 43 00 00 A3 43 00 80 A4 43 00 00 9F 43 00 00 9F 43 00 00 9B 43 00 00 98 43
00 80 98 43 00 00 94 43 00 00 97 43 00 00 97 43 00 80 91 43 00 00 95 43 00 80 95 43 00 80 97 43
00 00 9B 43 00 80 9A 43 00 80 9D 43 00 00 A0 43 00 80 A0 43 00 80 A5 43 00 80 A9 43 00 00 A7 43
00 00 A7 43 00 80 AC 43 00 00 AB 43 00 80 AA 43 00 80 AB 43 00 80 AA 43 00 80 AB 43 00 00 AD 43
00 80 AB 43 00 80 B2 43 00 00 B0 43 00 80 B4 43 00 80 B8 43 00 00 B8 43 00 00 B9 43 00 80 BB 43
00 00 BA 43 00 00 BC 43 00 80 B8 43 00 00 B7 43 00 80 B4 43 00 00 B5 43 00 00 B1 43 00 00 B0 43
00 00 AE 43 00 00 AB 43 00 00 A8 43 00 80 A6 43 00 00 A4 43 00 80 A3 43 00 80 A2 43 00 80 A0 43
00 80 A0 43 00 00 9E 43 00 00 9F 43 00 80 9B 43 00 80 9A 43 00 00 99 43 00 80 9D 43 00 00 9B 43
00 00 9C 43 00 00 9B 43 00 80 9B 43 00 00 98 43 00 00 99 43 00 80 96 43 00 00 96 43 00 00 98 43
00 00 98 43 00 80 9A 43 00 00 9C 43 00 00 A0 43 00 80 A2 43 00 00 A6 43 00 00 AA 43 00 00 AF 43
00 80 B2 43 00 80 B3 43 00 00 B6 43 00 00 B7 43 00 80 B5 43 00 00 B8 43 00 00 B7 43 00 00 B8 43
00 80 B7 43 00 00 B7 43 00 00 B6 43 00 00 B2 43 00 00 AF 43 00 80 AD 43 00 80 AD 43 00 80 A8 43
00 80 A6 43 00 00 A3 43 00 00 A0 43 00 00 9E 43 00 80 99 43 00 80 96 43 00 00 95 43 00 80 8D 43
00 00 89 43 00 80 83 43 00 00 7B 43 00 00 72 43 00 00 64 43 00 00 5D 43 00 00 52 43 00 00 4C 43
00 00 46 43 00 00 3A 43 00 00 36 43 00 00 33 43 00 00 2E 43 00 00 34 43 00 00 31 43 00 00 31 43
00 00 36 43 00 00 39 43 00 00 44 43 00 00 46 43 00 00 48 43 00 00 4D 43 00 00 50 43 00 00 50 43
00 00 55 43 00 00 56 43 00 00 5A 43 00 00 60 43 00 00 5E 43 00 00 66 43 00 00 69 43 00 00 6F 43
00 00 74 43 00 00 7A 43 00 00 7C 43 00 00 7B 43 00 00 7E 43 00 00 80 43 00 80 80 43 00 00 80 43
00 00 7D 43 00 00 7A 43 00 00 79 43 00 00 76 43 00 00 70 43 00 00 6D 43 00 00 67 43 00 00 63 43
00 00 5C 43 00 00 5B 43 00 00 56 43 00 00 52 43 00 00 4E 43 00 00 4C 43 00 00 48 43 00 00 49 43
00 00 4A 43 00 00 47 43 00 00 4A 43 00 00 4B 43 00 00 4D 43 00 00 52 43 00 00 53 43 00 00 54 43
00 00 54 43 00 00 50 43 00 00 4E 43 00 00 4E 43 00 00 4C 43 00 00 48 43 00 00 49 43 00 00 45 43
00 00 42 43 00 00 42 43 00 00 3F 43 00 00 3E 43 00 00 41 43 00 00 3F 43 00 00 3B 43 00 00 34 43
00 00 2C 43 00 00 2A 43 00 00 25 43 00 00 17 43 00 00 10 43 00 00 02 43 00 00 FA 42 00 00 E8 42
00 00 DE 42 00 00 C6 42 00 00 B6 42 00 00 BC 42 00 00 B0 42 00 00 98 42 00 00 8E 42 00 00 84 42
00 00 82 42 00 00 74 42 00 00 4C 42 00 00 50 42 00 00 44 42 00 00 38 42 00 00 30 42 00 00 40 42
00 00 24 42 00 00 04 42 00 00 E8 41 00 00 0C 42 00 00 D8 41 00 00 B0 41 00 00 A0 41 00 00 88 41
00 00 80 41 00 00 60 41 00 00 50 41 00 00 00 41 00 00 C0 40 00 00 00 40 00 00 40 41 00 00 40 41
00 00 A0 40 00 00 80 C0 00 00 00 C0 00 00 E0 40 00 00 00 41 00 00 A0 40 00 00 40 41 00 00 A0 41
00 00 D0 41 00 00 1C 42 00 00 78 42 00 00 CA 42 00 00 07 43 00 00 33 43 00 00 54 43 00 00 7F 43
00 00 98 43 00 80 AD 43 00 00 C7 43 00 00 D3 43 00 00 D7 43 00 00 E9 43 00 80 ED 43 00 80 F1 43
00 80 F1 43 00 80 F5 43 00 00 F3 43 00 80 F0 43 00 80 F2 43 00 00 F1 43 00 80 E9 43 00 80 E6 43
00 80 DE 43 00 00 D0 43 00 80 C4 43 00 80 AE 43 00 80 A6 43 00 00 97 43 00 00 80 43 00 00 5E 43
00 00 3F 43 00 00 31 43 00 00 19 43 00 00 06 43 00 00 E2 42 00 00 A6 42 00 00 64 42 00 00 2C 42
00 00 A0 41 00 00 C0 40 00 00 00 C0 00 00 40 C1 00 00 60 C1 00 00 E0 C0 00 00 80 3F 00 00 D8 41
00 00 50 42 00 00 AA 42 00 00 CE 42 00 00 06 43 00 00 1B 43 00 00 32 43 00 00 4D 43 00 00 5D 43
00 00 61 43 00 00 72 43 00 00 87 43 00 80 8C 43 00 00 98 43 00 00 9E 43 00 00 AA 43 00 80 AE 43
00 00 B5 43 00 00 BA 43 00 00 C1 43 00 80 BC 43 00 00 BF 43 00 80 BA 43 00 00 B4 43 00 80 BC 43
00 80 AD 43 00 00 AC 43 00 80 A8 43 00 00 9E 43 00 00 9A 43 00 00 97 43 00 00 90 43 00 00 86 43
00 00 83 43 00 00 74 43 00 00 65 43 00 00 5D 43 00 00 4D 43 00 00 52 43 00 00 46 43 00 00 43 43
00 00 4D 43 00 00 42 43 00 00 48 43 00 00 53 43 00 00 50 43 00 00 54 43 00 00 60 43 00 00 65 43
00 00 73 43 00 00 78 43 00 80 81 43 00 80 81 43 00 00 8B 43 00 00 92 43 00 00 92 43 00 00 98 43
00 00 9F 43 00 00 A3 43 00 80 A3 43 00 00 A9 43 00 80 A7 43 00 00 A5 43 00 80 AB 43 00 00 AA 43
00 80 A9 43 00 80 A4 43 00 80 A0 43 00 80 9E 43 00 00 96 43 00 80 8F 43 00 80 8A 43 00 80 87 43
00 00 82 43 00 00 7A 43 00 00 77 43 00 00 7E 43 00 00 80 43 00 00 80 43 00 80 81 43 00 80 80 43
00 00 84 43 00 00 89 43 00 00 8A 43 00 80 8C 43 00 00 89 43 00 00 88 43 00 80 8B 43 00 80 8A 43
00 80 8B 43 00 00 8C 43 00 80 8E 43 00 80 8D 43 00 80 8F 43 00 00 95 43 00 00 97 43 00 00 99 43
00 00 98 43 00 80 99 43 00 80 9A 43 00 80 9C 43 00 80 9E 43 00 00 A0 43 00 80 A4 43 00 00 A4 43
00 80 A5 43 00 80 A2 43 00 00 9E 43 00 80 9A 43 00 80 95 43 00 80 8E 43 00 00 85 43 00 00 79 43
00 00 6C 43 00 00 5E 43 00 00 54 43 00 00 4A 43 00 00 48 43 00 00 43 43 00 00 46 43 00 00 49 43
00 00 4A 43 00 00 4C 43 00 00 48 43 00 00 4D 43 00 00 4B 43 00 00 4F 43 00 00 56 43 00 00 61 43
00 00 6B 43 00 00 73 43 00 00 7E 43 00 80 81 43 00 00 88 43 00 00 8D 43 00 80 8D 43 00 00 96 43
00 80 98 43 00 80 96 43 00 80 99 43 00 00 9F 43 00 00 A6 43 00 00 AD 43 00 80 AD 43 00 00 AF 43
00 00 B5 43 00 80 B7 43 00 80 B6 43 00 80 B2 43 00 80 AF 43 00 80 AB 43 00 00 A6 43 00 80 A7 43
00 80 9F 43 00 00 9A 43 00 00 96 43 00 00 97 43 00 80 93 43 00 00 8B 43 00 00 82 43 00 00 7F 43
00 00 77 43 00 00 68 43 00 00 5F 43 00 00 57 43 00 00 51 43 00 00 4A 43 00 00 46 43 00 00 3E 43
00 00 3B 43 00 00 41 43 00 00 3E 43 00 00 38 43 00 00 2F 43 00 00 2C 43 00 00 2D 43 00 00 2F 43
00 00 37 43 00 00 3A 43 00 00 40 43 00 00 4B 43 00 00 57 43 00 00 61 43 00 00 6C 43 00 00 80 43
00 80 80 43 00 00 84 43 00 80 85 43 00 80 89 43 00 80 8B 43 00 00 90 43 00 80 92 43 00 80 94 43
00 80 95 43 00 00 95 43 00 00 97 43 00 00 9A 43 00 80 97 43 00 80 9A 43 00 00 9D 43 00 80 A0 43
00 00 A6 43 00 00 A7 43 00 00 64 43 00 00 6A 43 00 00 6B 43 00 00 68 43 00 00 68 43 00 00 73 43
00 00 76 43 00 00 75 43 00 80 80 43 00 00 84 43 00 80 87 43 00 80 8B 43 00 00 91 43 00 80 94 43
00 00 98 43 00 00 9D 43 00 80 A0 43 00 80 A4 43 00 00 A4 43 00 80 A2 43 00 80 A5 43 00 80 A5 43
00 00 A5 43 00 00 A8 43 00 80 AB 43 00 00 AE 43 00 80 B2 43 00 80 B1 43 00 00 B5 43 00 80 BA 43
00 80 BC 43 00 80 BE 43 00 80 C2 43 00 00 C0 43 00 80 C4 43 00 80 C5 43 00 80 C8 43 00 00 D0 43
00 00 CF 43 00 80 C9 43 00 80 D0 43 00 80 D0 43 00 80 CF 43 00 80 CD 43 00 00 CC 43 00 00 CB 43
00 00 CF 43 00 00 CE 43 00 80 D3 43 00 80 CF 43 00 80 D0 43 00 80 D6 43 00 00 D3 43 00 80 D4 43
00 80 CC 43 00 00 CB 43 00 00 C7 43 00 00 C4 43 00 80 BF 43 00 80 BB 43 00 00 B7 43 00 80 B9 43
00 00 B5 43 00 00 B5 43 00 80 B2 43 00 00 AF 43 00 80 AC 43 00 00 B0 43 00 00 A7 43 00 80 AA 43
00 00 A6 43 00 00 A7 43 00 00 AC 43 00 00 AA 43 00 00 AF 43 00 00 B3 43 00 00 B2 43 00 80 B4 43
00 80 B8 43 00 00 B5 43 00 80 B8 43 00 80 B9 43 00 80 B8 43 00 00 B8 43 00 00 BB 43 00 80 BC 43
00 00 C0 43 00 80 BF 43 00 80 C2 43 00 00 C8 43 00 80 C9 43 00 80 CA 43 00 80 D0 43 00 80 D0 43
00 80 D3 43 00 00 D4 43 00 80 D5 43 00 00 D6 43 00 00 D6 43 00 80 D5 43 00 80 D3 43 00 00 D1 43
00 80 CE 43 00 00 CB 43 00 80 C8 43 00 80 C6 43 00 80 C0 43 00 00 C2 43 00 80 BF 43 00 80 BC 43
00 80 BB 43 00 00 B8 43 00 80 B9 43 00 80 B5 43 00 00 B2 43 00 00 B2 43 00 00 B1 43 00 00 AF 43
00 80 AF 43 00 80 AA 43 00 80 AA 43 00 80 AE 43 00 80 AD 43 00 80 AB 43 00 00 AE 43 00 80 AD 43
00 80 AF 43 00 00 B0 43 00 00 B0 43 00 80 B3 43 00 00 B5 43 00 80 B6 43 00 80 BA 43 00 80 BF 43
00 80 C1 43 00 00 C3 43 00 80 C7 43 00 00 C6 43 00 80 CB 43 00 00 C9 43 00 80 C8 43 00 80 C9 43
00 80 C5 43 00 00 C8 43 00 80 C6 43 00 00 C4 43 00 00 C3 43 00 00 C2 43 00 00 C1 43 00 80 BF 43
00 00 BE 43 00 80 BB 43 00 80 B8 43 00 00 B6 43 00 00 B5 43 00 80 B2 43 00 00 AE 43 00 80 AA 43
00 80 AC 43 00 80 AC 43 00 00 AE 43 00 00 B0 43 00 80 B1 43 00 80 B4 43 00 80 B4 43 00 00 B7 43
00 80 B8 43 00 80 BB 43 00 80 BB 43 00 80 BD 43 00 80 BE 43 00 80 BC 43 00 00 BF 43 00 00 BC 43
00 80 BE 43 00 80 BC 43 00 80 BC 43 00 80 BA 43 00 80 BA 43 00 00 B8 43 00 80 B8 43 00 80 B7 43
00 00 B2 43 00 80 B0 43 00 80 B1 43 00 00 B0 43 00 00 AD 43 00 00 AB 43 00 80 A9 43 00 80 A6 43
00 80 A3 43 00 00 A1 43 00 80 A0 43 00 80 A0 43 00 80 9D 43 00 00 9F 43 00 80 9F 43 00 80 A0 43
00 80 A4 43 00 00 A4 43 00 00 AA 43 00 00 AD 43 00 00 AD 43 00 80 AD 43 00 00 AF 43 00 00 AE 43
00 00 AD 43 00 80 AC 43 00 80 A9 43 00 80 A6 43 00 80 A3 43 00 80 A4 43 00 80 A2 43 00 80 9F 43
00 00 A0 43 00 00 9D 43 00 80 99 43 00 80 94 43 00 80 8F 43 00 00 8B 43 00 80 83 43 00 00 81 43
00 00 7B 43 00 00 74 43 00 00 6B 43 00 00 67 43 00 00 5B 43 00 00 50 43 00 00 48 43 00 00 42 43
00 00 3B 43 00 00 2E 43 00 00 21 43 00 00 17 43 00 00 13 43 00 00 11 43 00 00 0D 43 00 00 06 43
00 00 06 43 00 00 0F 43 00 00 18 43 00 00 14 43 00 00 08 43 00 00 08 43 00 00 08 43 00 00 0F 43
00 00 02 43 00 00 F6 42 00 00 E6 42 00 00 DE 42 00 00 F2 42 00 00 DC 42 00 00 CE 42 00 00 AA 42
00 00 BC 42 00 00 B4 42 00 00 98 42 00 00 7C 42 00 00 3C 42 00 00 1C 42 00 00 20 42 00 00 04 42
00 00 E8 41 00 00 0C 42 00 00 20 42 00 00 70 42 00 00 92 42 00 00 DC 42 00 00 21 43 00 00 68 43
00 00 95 43 00 00 AE 43 00 80 D0 43 00 00 FB 43 00 00 0D 44 00 40 19 44 00 80 26 44 00 80 2D 44
00 00 30 44 00 80 35 44 00 00 3B 44 00 C0 3C 44 00 C0 3E 44 00 40 41 44 00 40 4A 44 00 80 4C 44
00 40 4A 44 00 40 49 44 00 40 4A 44 00 C0 42 44 00 80 34 44 00 40 28 44 00 00 1D 44 00 C0 0C 44
00 00 F3 43 00 80 DD 43 00 00 C9 43 00 00 B3 43 00 00 A2 43 00 00 9D 43 00 00 88 43 00 00 67 43
00 00 4B 43 00 00 27 43 00 00 FA 42 00 00 96 42 00 00 48 42 00 00 E8 41 00 00 A8 41 00 00 B8 41
00 00 00 42 00 00 8C 42 00 00 D6 42 00 00 13 43 00 00 3E 43 00 00 5A 43 00 00 73 43 00 80 89 43
00 00 A0 43 00 00 A9 43 00 00 B0 43 00 80 BD 43 00 00 CE 43 00 80 DF 43 00 80 F1 43 00 80 01 44
00 00 0A 44 00 40 10 44 00 40 16 44 00 80 19 44 00 00 1B 44 00 40 1A 44 00 80 18 44 00 00 17 44
00 00 14 44 00 80 0F 44 00 80 0E 44 00 40 0C 44 00 80 08 44 00 C0 05 44 00 80 02 44 00 80 FE 43
00 80 F5 43 00 00 F1 43 00 00 E4 43 00 80 D6 43 00 00 CD 43 00 00 C6 43 00 00 C0 43 00 00 B4 43
00 00 AD 43 00 80 AA 43 00 00 A6 43 00 00 A7 43 00 80 A8 43 00 00 A7 43 00 80 AA 43 00 00 B0 43
00 00 B2 43 00 00 B2 43 00 00 BE 43 00 00 BC 43 00 80 C0 43 00 00 C9 43 00 00 D0 43 00 80 D5 43
00 00 DF 43 00 00 E1 43 00 80 EB 43 00 80 F7 43 00 00 FB 43 00 00 06 44 00 00 06 44 00 00 04 44
00 80 07 44 00 00 06 44 00 C0 02 44 00 40 02 44 00 C0 00 44 00 C0 01 44 00 00 00 44 00 00 FA 43
00 80 F9 43 00 00 ED 43 00 00 E5 43 00 80 E0 43 00 00 E1 43 00 00 E3 43 00 80 DC 43 00 00 DD 43
00 80 D0 43 00 80 CA 43 00 80 C0 43 00 80 C3 43 00 00 CA 43 00 80 CD 43 00 00 D0 43 00 00 D2 43
00 80 D7 43 00 80 DA 43 00 00 E6 43 00 00 EE 43 00 00 F5 43 00 00 FC 43 00 40 01 44 00 00 02 44
00 C0 06 44 00 00 04 44 00 C0 01 44 00 80 04 44 00 80 02 44 00 80 03 44 00 00 04 44 00 00 04 44
00 40 07 44 00 00 09 44 00 80 09 44 00 80 09 44 00 00 05 44 00 C0 03 44 00 40 01 44 00 80 F6 43
00 80 F0 43 00 00 E5 43 00 00 D8 43 00 80 CE 43 00 00 CD 43 00 80 CB 43 00 80 CC 43 00 00 CA 43
00 00 C8 43 00 00 C6 43 00 80 BC 43 00 80 B5 43 00 80 AA 43 00 80 AB 43 00 00 A6 43 00 80 A1 43
00 80 A7 43 00 00 AB 43 00 00 B1 43 00 00 BD 43 00 80 C2 43 00 00 D0 43 00 80 D8 43 00 80 E5 43
00 00 EB 43 00 00 EA 43 00 80 F3 43 00 80 F2 43 00 80 F9 43 00 00 FF 43 00 40 03 44 00 40 07 44
00 C0 09 44 00 80 0B 44 00 80 0E 44 00 80 12 44 00 80 14 44 00 C0 14 44 00 40 13 44 00 40 11 44
00 80 0E 44 00 40 0C 44 00 80 09 44 00 00 07 44 00 40 04 44 00 40 01 44 00 00 FC 43 00 80 F6 43
00 80 F1 43 00 80 E8 43 00 80 E2 43 00 80 DA 43 00 80 CA 43 00 00 C2 43 00 80 BC 43 00 00 B8 43
00 80 B6 43 00 80 AD 43 00 00 AB 43 00 80 AA 43 00 80 A7 43 00 80 A4 43 00 80 A5 43 00 80 A6 43
00 00 A7 43 00 00 A9 43 00 80 AA 43 00 00 AF 43 00 00 B6 43 00 80 BE 43 00 80 C2 43 00 00 CC 43
00 80 CD 43 00 00 D2 43 00 80 DA 43 00 00 E0 43 00 00 E6 43 00 00 EA 43 00 80 F0 43 00 80 F6 43
00 80 F6 43 00 80 F5 43 00 00 FC 43 00 80 01 44 00 80 03 44 00 40 03 44 00 80 03 44 00 C0 02 44
00 00 02 44 00 40 01 44 00 C0 00 44 00 40 02 44 00 00 03 44 00 C0 04 44 00 80 05 44 00 40 03 44
00 C0 03 44 00 C0 06 44 00 C0 08 44 00 40 0A 44 00 80 07 44 00 00 08 44 00 80 06 44 00 C0 08 44
00 00 06 44 00 80 09 44 00 00 07 44 00 40 09 44 00 00 09 44 00 C0 08 44 00 80 06 44 00 C0 07 44
00 00 07 44 00 80 0A 44 00 00 08 44 00 00 06 44 00 00 06 44 00 80 02 44 00 C0 02 44 00 C0 05 44
00 40 03 44 00 C0 03 44 00 C0 03 44 00 80 02 44 00 C0 04 44 00 00 02 44 00 00 04 44 00 80 04 44
00 40 01 44 00 C0 01 44 00 80 01 44 00 80 FD 43 00 80 FF 43 00 00 FF 43 00 80 FE 43 00 00 00 44
00 00 00 44 00 00 FF 43 00 40 01 44 00 00 FF 43 00 80 FE 43 00 40 02 44 00 C0 01 44 00 C0 00 44
00 00 02 44 00 40 03 44 00 40 03 44 00 40 05 44 00 00 05 44 00 40 07 44 00 00 08 44 00 40 09 44
00 80 0A 44 00 80 0A 44 00 00 0A 44 00 40 0C 44 00 40 0D 44 00 80 0C 44 00 40 0D 44 00 80 0E 44
00 40 0E 44 00 40 10 44 00 C0 0E 44 00 40 0F 44 00 80 10 44 00 C0 10 44 00 00 0F 44 00 80 10 44
00 40 10 44 00 C0 0D 44 00 C0 0F 44 00 40 0D 44 00 80 0C 44 00 00 0B 44 00 80 08 44 00 C0 07 44
00 00 06 44 00 80 04 44 00 80 05 44 00 80 03 44 00 80 02 44 00 00 02 44 00 00 FE 43 00 00 FC 43
00 00 FC 43 00 80 F8 43 00 00 F7 43 00 00 F8 43 00 80 F7 43 00 00 FA 43 00 80 FC 43 00 80 FF 43
00 00 FE 43 00 C0 01 44 00 C0 01 44 00 40 04 44 00 80 06 44 00 00 07 44 00 40 09 44 00 C0 09 44
00 00 0A 44 00 00 0D 44 00 80 0E 44 00 00 0F 44 00 C0 0F 44 00 40 11 44 00 00 11 44 00 40 11 44
00 00 11 44 00 40 0F 44 00 40 0D 44 00 C0 0C 44 00 C0 0A 44 00 80 07 44 00 40 06 44 00 80 02 44
00 00 02 44 00 40 00 44 00 80 FA 43 00 80 F5 43 00 80 EF 43 00 00 ED 43 00 00 E9 43 00 80 E4 43
00 80 DF 43 00 80 DB 43 00 00 D7 43 00 80 D3 43 00 80 CF 43 00 80 CC 43 00 00 C7 43 00 80 C2 43
00 80 C1 43 00 00 C1 43 00 80 BE 43 00 00 BD 43 00 00 C0 43 00 80 C1 43 00 00 C1 43 00 80 C4 43
00 00 C6 43 00 00 C6 43 00 00 C8 43 00 80 CA 43 00 00 CD 43 00 00 D0 43 00 80 D4 43 00 00 D5 43
00 00 D8 43 00 80 DA 43 00 80 DC 43 00 00 DD 43 00 00 DF 43 00 80 E0 43 00 80 DF 43 00 00 E0 43
00 80 DE 43 00 00 DD 43 00 80 DD 43 00 80 DC 43 00 00 DC 43 00 80 DA 43 00 00 DA 43 00 80 DB 43
00 00 D9 43 00 00 D5 43 00 80 D2 43 00 00 D3 43 00 80 CF 43 00 80 CD 43 00 00 CD 43 00 00 C9 43
00 00 C3 43 00 80 C1 43 00 00 C2 43 00 80 C0 43 00 00 BF 43 00 00 BC 43 00 80 BE 43 00 00 BF 43
00 80 BF 43 00 80 C0 43 00 00 C2 43 00 80 C3 43 00 80 C8 43 00 80 C7 43 00 80 C9 43 00 80 C9 43
00 80 C7 43 00 80 C9 43 00 80 CA 43 00 80 C7 43 00 80 C7 43 00 00 C7 43 00 80 C3 43 00 80 C2 43
00 00 C1 43 00 80 C2 43 00 80 BC 43 00 80 BA 43 00 80 B8 43 00 80 B4 43 00 00 B1 43 00 80 AD 43
00 80 A9 43 00 00 A5 43 00 00 9F 43 00 80 9B 43 00 00 96 43 00 80 90 43 00 00 8C 43 00 80 89 43
00 00 84 43 00 00 78 43 00 00 65 43 00 00 5D 43 00 00 5D 43 00 00 56 43 00 00 43 43 00 00 40 43
00 00 3E 43 00 00 31 43 00 00 34 43 00 00 38 43 00 00 35 43 00 00 2D 43 00 00 2F 43 00 00 38 43
00 00 32 43 00 00 31 43 00 00 2C 43 00 00 32 43 00 00 34 43 00 00 33 43 00 00 31 43 00 00 2C 43
00 00 27 43 00 00 1D 43 00 00 2C 43 00 00 2B 43 00 00 1F 43 00 00 15 43 00 00 13 43 00 00 17 43
00 00 12 43 00 00 15 43 00 00 1B 43 00 00 2A 43 00 00 2C 43 00 00 43 43 00 00 61 43 00 80 86 43
00 80 A0 43 00 80 BA 43 00 00 CE 43 00 80 E7 43 00 C0 01 44 00 C0 11 44 00 80 20 44 00 80 28 44
00 C0 2C 44 00 C0 34 44 00 C0 3C 44 00 C0 3F 44 00 00 42 44 00 C0 45 44 00 40 45 44 00 C0 48 44
00 80 49 44 00 80 49 44 00 00 46 44 00 00 43 44 00 C0 40 44 00 C0 34 44 00 00 2D 44 00 C0 1E 44
00 00 15 44 00 40 0E 44 00 00 FC 43 00 00 E0 43 00 80 D0 43 00 00 C0 43 00 00 AE 43 00 00 A4 43
00 80 93 43 00 80 81 43 00 00 63 43 00 00 50 43 00 00 42 43 00 00 1C 43 00 00 17 43 00 00 11 43
00 00 02 43 00 00 13 43 00 00 1B 43 00 00 36 43 00 00 5E 43 00 00 76 43 00 80 83 43 00 80 97 43
00 00 A3 43 00 00 B5 43 00 80 C3 43 00 00 D8 43 00 80 DA 43 00 80 E9 43 00 80 F7 43 00 00 02 44
00 40 07 44 00 00 12 44 00 80 15 44 00 80 17 44 00 40 1C 44 00 80 1D 44 00 00 21 44 00 80 1E 44
00 C0 1C 44 00 40 1C 44 00 C0 1A 44 00 40 18 44 00 40 17 44 00 40 13 44 00 C0 0E 44 00 80 0C 44
00 00 0C 44 00 C0 09 44 00 40 08 44 00 00 01 44 00 80 FA 43 00 80 F1 43 00 80 EB 43 00 80 E5 43
00 80 DF 43 00 00 D7 43 00 80 CF 43 00 80 D6 43 00 80 CF 43 00 80 CF 43 00 80 D4 43 00 80 CF 43
00 00 D6 43 00 00 DA 43 00 00 D6 43 00 80 DC 43 00 80 E0 43 00 00 E4 43 00 00 E4 43 00 00 ED 43
00 00 F6 43 00 00 F9 43 00 00 FC 43 00 C0 01 44 00 C0 04 44 00 C0 07 44 00 C0 09 44 00 00 0A 44
00 80 0C 44 00 80 0E 44 00 00 0F 44 00 80 0E 44 00 40 0C 44 00 80 09 44 00 00 07 44 00 00 07 44
00 C0 03 44 00 80 01 44 00 00 FD 43 00 80 F9 43 00 80 F7 43 00 00 EF 43 00 80 E9 43 00 00 E6 43
00 00 E6 43 00 80 E6 43 00 80 DF 43 00 00 E3 43 00 80 DC 43 00 80 DD 43 00 00 E1 43 00 00 E0 43
00 00 E5 43 00 00 EA 43 00 00 F0 43 00 00 FA 43 00 80 FD 43 00 40 02 44 00 C0 05 44 00 40 09 44
00 80 0B 44 00 00 0D 44 00 00 11 44 00 C0 0E 44 00 00 0E 44 00 80 10 44 00 80 10 44 00 40 10 44
00 80 10 44 00 00 12 44 00 40 13 44 00 C0 13 44 00 00 16 44 00 40 10 44 00 00 11 44 00 80 0D 44
00 C0 08 44 00 40 06 44 00 00 00 44 00 80 F7 43 00 80 F1 43 00 00 EE 43 00 00 E8 43 00 80 E4 43
00 00 E2 43 00 00 DF 43 00 80 DB 43 00 80 D5 43 00 80 D3 43 00 80 CF 43 00 00 CB 43 00 80 C8 43
00 80 C7 43 00 80 C5 43 00 00 C7 43 00 80 CF 43 00 80 D4 43 00 00 DE 43 00 80 E7 43 00 80 F0 43
00 00 FC 43 00 80 00 44 00 00 05 44 00 80 07 44 00 40 09 44 00 80 0B 44 00 00 0D 44 00 80 0F 44
00 80 13 44 00 40 18 44 00 40 17 44 00 40 19 44 00 40 1D 44 00 C0 1D 44 00 C0 1F 44 00 40 1C 44
00 C0 19 44 00 80 19 44 00 80 16 44 00 40 17 44 00 00 14 44 00 00 10 44 00 00 0F 44 00 40 0C 44
00 40 0A 44 00 00 05 44 00 80 02 44 00 40 01 44 00 80 FC 43 00 00 F1 43 00 80 E5 43 00 00 DE 43
00 00 D9 43 00 80 D6 43 00 80 D6 43 00 00 D4 43 00 80 D0 43 00 80 CF 43 00 00 D2 43 00 80 CD 43
00 80 CC 43 00 80 CB 43 00 00 CF 43 00 00 D5 43 00 80 D1 43 00 00 D3 43 00 00 D8 43 00 00 DB 43
00 80 E4 43 00 00 E9 43 00 00 EF 43 00 80 F7 43 00 80 FA 43 00 80 FF 43 00 80 01 44 00 00 05 44
00 40 07 44 00 C0 09 44 00 C0 09 44 00 40 0A 44 00 40 0B 44 00 00 0D 44 00 C0 0D 44 00 80 0F 44
00 C0 0D 44 00 00 0D 44 00 80 0C 44 00 00 10 44 00 40 10 44 00 40 11 44 00 C0 11 44 00 80 11 44
00 40 13 44 00 00 16 44 00 00 17 43 00 00 2B 43 00 00 30 43 00 00 30 43 00 00 39 43 00 00 3F 43
00 00 4C 43 00 00 55 43 00 00 5D 43 00 00 6B 43 00 00 76 43 00 00 7C 43 00 00 88 43 00 80 90 43
00 80 8B 43 00 80 90 43 00 80 93 43 00 00 92 43 00 00 94 43 00 00 93 43 00 80 97 43 00 80 98 43
00 00 98 43 00 80 97 43 00 80 96 43 00 00 95 43 00 00 99 43 00 80 99 43 00 80 9D 43 00 00 9B 43
00 80 9F 43 00 80 A2 43 00 00 A8 43 00 00 A9 43 00 80 AB 43 00 80 AD 43 00 00 B3 43 00 80 B5 43
00 80 B2 43 00 80 B6 43 00 00 B8 43 00 00 BA 43 00 80 BE 43 00 00 C1 43 00 00 C7 43 00 80 C3 43
00 00 C5 43 00 00 C6 43 00 00 C0 43 00 80 C5 43 00 00 BB 43 00 80 C1 43 00 80 BD 43 00 00 B8 43
00 80 B5 43 00 00 B8 43 00 00 B4 43 00 00 B5 43 00 80 B2 43 00 00 B2 43 00 80 AF 43 00 00 A9 43
00 80 A5 43 00 00 A9 43 00 00 9C 43 00 00 9F 43 00 00 9C 43 00 80 95 43 00 00 99 43 00 00 94 43
00 80 95 43 00 80 99 43 00 00 97 43 00 00 95 43 00 00 9B 43 00 80 96 43 00 00 99 43 00 80 9C 43
00 00 9D 43 00 80 9F 43 00 80 9F 43 00 80 A5 43 00 80 AD 43 00 80 AC 43 00 00 AF 43 00 00 B5 43
00 80 B5 43 00 80 B6 43 00 00 BC 43 00 00 BF 43 00 00 BE 43 00 80 C1 43 00 00 C5 43 00 00 C7 43
00 00 CC 43 00 80 CB 43 00 00 CD 43 00 00 CF 43 00 00 CE 43 00 00 CC 43 00 00 CC 43 00 00 CB 43
00 80 C8 43 00 80 CA 43 00 00 C4 43 00 80 C0 43 00 80 C1 43 00 00 BB 43 00 80 BB 43 00 00 B5 43
00 80 AF 43 00 00 AE 43 00 00 AB 43 00 00 A7 43 00 80 A5 43 00 00 A5 43 00 80 A4 43 00 00 A2 43
00 00 A4 43 00 80 9F 43 00 80 A3 43 00 80 9D 43 00 80 9C 43 00 00 A0 43 00 00 9E 43 00 00 9D 43
00 80 A0 43 00 00 A4 43 00 00 A8 43 00 00 AB 43 00 80 AB 43 00 00 B1 43 00 00 B6 43 00 80 B6 43
00 00 B9 43 00 00 B9 43 00 00 BB 43 00 80 C0 43 00 80 C0 43 00 00 C3 43 00 00 C3 43 00 00 C4 43
00 80 C2 43 00 80 C2 43 00 00 BE 43 00 00 BD 43 00 80 B6 43 00 00 B1 43 00 00 AC 43 00 80 A9 43
00 80 A7 43 00 80 A2 43 00 80 9E 43 00 80 9D 43 00 80 99 43 00 00 96 43 00 80 91 43 00 00 8C 43
